fixture_id,k,representation,repeat,sum_probabilities,absolute_sum_error,normalization_defined,normalized_mean_binary_excess_brier
e10_primitive_bridge:15:0,15,bayes,0,1.5200000000000002,0.5200000000000002,True,0.001008802382904557
e10_primitive_bridge:15:0,15,bayes,1,1.4800000000000002,0.4800000000000002,True,0.0011092799866892166
e10_primitive_bridge:15:0,15,counts,0,1.34,0.3400000000000001,True,0.0017261460133116675
e10_primitive_bridge:15:0,15,counts,1,1.3500000000000003,0.3500000000000003,True,0.001886032061690595
e10_primitive_bridge:15:0,15,oracle_probs_full,0,1.3800000000000001,0.3800000000000001,True,0.0011545037989070183
e10_primitive_bridge:15:0,15,oracle_probs_full,1,1.4000000000000001,0.40000000000000013,True,0.0010258690986463754
e10_primitive_bridge:15:0,15,oracle_probs_only,0,1.6400000000000003,0.6400000000000003,True,0.0016902844485412627
e10_primitive_bridge:15:0,15,oracle_probs_only,1,1.6500000000000004,0.6500000000000004,True,0.001750191748043518
e10_primitive_bridge:15:1,15,bayes,0,1.6200000000000003,0.6200000000000003,True,0.0016531363076496995
e10_primitive_bridge:15:1,15,bayes,1,1.6300000000000006,0.6300000000000006,True,0.00163553085705946
e10_primitive_bridge:15:1,15,counts,0,1.4300000000000002,0.43000000000000016,True,0.02397585323065644
e10_primitive_bridge:15:1,15,counts,1,1.3800000000000003,0.38000000000000034,True,0.025925542191879182
e10_primitive_bridge:15:1,15,oracle_probs_full,0,1.3700000000000003,0.37000000000000033,True,0.003257411840118846
e10_primitive_bridge:15:1,15,oracle_probs_full,1,1.3200000000000003,0.3200000000000003,True,0.002795098730581826
e10_primitive_bridge:15:1,15,oracle_probs_only,0,1.6300000000000006,0.6300000000000006,True,0.004311589307139583
e10_primitive_bridge:15:1,15,oracle_probs_only,1,1.5700000000000005,0.5700000000000005,True,0.005058309153889381
e10_primitive_bridge:15:10,15,bayes,0,1.48,0.48,True,0.002517852200742322
e10_primitive_bridge:15:10,15,bayes,1,1.47,0.47,True,0.0019281052840268173
e10_primitive_bridge:15:10,15,counts,0,1.2800000000000002,0.28000000000000025,True,0.003951381034584766
e10_primitive_bridge:15:10,15,counts,1,1.2200000000000002,0.2200000000000002,True,0.004604673830975178
e10_primitive_bridge:15:10,15,oracle_probs_full,0,1.3000000000000003,0.30000000000000027,True,0.0020242830810112736
e10_primitive_bridge:15:10,15,oracle_probs_full,1,1.31,0.31000000000000005,True,0.0021552585618383126
e10_primitive_bridge:15:10,15,oracle_probs_only,0,1.56,0.56,True,0.0023640852057037883
e10_primitive_bridge:15:10,15,oracle_probs_only,1,1.6,0.6000000000000001,True,0.0022561572002590454
e10_primitive_bridge:15:11,15,bayes,0,1.4300000000000002,0.43000000000000016,True,0.006279690551078947
e10_primitive_bridge:15:11,15,bayes,1,1.4400000000000002,0.44000000000000017,True,0.006321326554139413
e10_primitive_bridge:15:11,15,counts,0,1.1800000000000002,0.18000000000000016,True,0.010518488417050446
e10_primitive_bridge:15:11,15,counts,1,1.2400000000000002,0.2400000000000002,True,0.009468247300482192
e10_primitive_bridge:15:11,15,oracle_probs_full,0,1.3000000000000003,0.30000000000000027,True,0.0020817454767176856
e10_primitive_bridge:15:11,15,oracle_probs_full,1,1.3100000000000003,0.3100000000000003,True,0.0019311523262706615
e10_primitive_bridge:15:11,15,oracle_probs_only,0,1.5000000000000004,0.5000000000000004,True,0.002721042146543509
e10_primitive_bridge:15:11,15,oracle_probs_only,1,1.4800000000000004,0.4800000000000004,True,0.0022427987138954964
e10_primitive_bridge:15:12,15,bayes,0,1.3300000000000003,0.3300000000000003,True,0.00440294650215794
e10_primitive_bridge:15:12,15,bayes,1,1.3800000000000001,0.3800000000000001,True,0.0031378191043257802
e10_primitive_bridge:15:12,15,counts,0,1.2400000000000002,0.2400000000000002,True,0.004658520779704846
e10_primitive_bridge:15:12,15,counts,1,1.3,0.30000000000000004,True,0.005255256086481138
e10_primitive_bridge:15:12,15,oracle_probs_full,0,1.3000000000000003,0.30000000000000027,True,0.0020513223811114926
e10_primitive_bridge:15:12,15,oracle_probs_full,1,1.3400000000000003,0.3400000000000003,True,0.0019213302546562735
e10_primitive_bridge:15:12,15,oracle_probs_only,0,1.59,0.5900000000000001,True,0.0027623560127780023
e10_primitive_bridge:15:12,15,oracle_probs_only,1,1.5900000000000003,0.5900000000000003,True,0.003270444357821531
e10_primitive_bridge:15:13,15,bayes,0,1.31,0.31000000000000005,True,0.0008443996330428377
e10_primitive_bridge:15:13,15,bayes,1,1.2900000000000003,0.29000000000000026,True,0.0008567118136079357
e10_primitive_bridge:15:13,15,counts,0,1.26,0.26,True,0.000712090522569946
e10_primitive_bridge:15:13,15,counts,1,1.24,0.24,True,0.0010447836756654158
e10_primitive_bridge:15:13,15,oracle_probs_full,0,1.34,0.3400000000000001,True,0.0026930207338848617
e10_primitive_bridge:15:13,15,oracle_probs_full,1,1.31,0.31000000000000005,True,0.0021762857521316977
e10_primitive_bridge:15:13,15,oracle_probs_only,0,1.58,0.5800000000000001,True,0.0066452423730467116
e10_primitive_bridge:15:13,15,oracle_probs_only,1,1.56,0.56,True,0.006539918195984829
e10_primitive_bridge:15:14,15,bayes,0,1.5,0.5,True,0.0031613045130943953
e10_primitive_bridge:15:14,15,bayes,1,1.3800000000000003,0.38000000000000034,True,0.0030838119879254442
e10_primitive_bridge:15:14,15,counts,0,1.1600000000000001,0.16000000000000014,True,0.00813272109401705
e10_primitive_bridge:15:14,15,counts,1,1.11,0.1100000000000001,True,0.0063762053301827755
e10_primitive_bridge:15:14,15,oracle_probs_full,0,1.25,0.25,True,0.0014758077409786075
e10_primitive_bridge:15:14,15,oracle_probs_full,1,1.28,0.28,True,0.0016911103667639324
e10_primitive_bridge:15:14,15,oracle_probs_only,0,1.4800000000000002,0.4800000000000002,True,0.0027058168464633757
e10_primitive_bridge:15:14,15,oracle_probs_only,1,1.5400000000000003,0.5400000000000003,True,0.002979650204062452
e10_primitive_bridge:15:15,15,bayes,0,1.6800000000000004,0.6800000000000004,True,0.009510370320249092
e10_primitive_bridge:15:15,15,bayes,1,1.7600000000000005,0.7600000000000005,True,0.009509026222803715
e10_primitive_bridge:15:15,15,counts,0,1.7000000000000002,0.7000000000000002,True,0.014029640260977074
e10_primitive_bridge:15:15,15,counts,1,1.62,0.6200000000000001,True,0.016073379748751632
e10_primitive_bridge:15:15,15,oracle_probs_full,0,1.3600000000000003,0.3600000000000003,True,0.0014925580002872814
e10_primitive_bridge:15:15,15,oracle_probs_full,1,1.4000000000000001,0.40000000000000013,True,0.0014001869370219235
e10_primitive_bridge:15:15,15,oracle_probs_only,0,1.6000000000000003,0.6000000000000003,True,0.0017342714208577823
e10_primitive_bridge:15:15,15,oracle_probs_only,1,1.6000000000000003,0.6000000000000003,True,0.0016837269270989419
e10_primitive_bridge:15:16,15,bayes,0,1.4900000000000002,0.4900000000000002,True,0.004308259070302583
e10_primitive_bridge:15:16,15,bayes,1,1.4900000000000002,0.4900000000000002,True,0.004441348751566929
e10_primitive_bridge:15:16,15,counts,0,1.21,0.20999999999999996,True,0.006237169212439809
e10_primitive_bridge:15:16,15,counts,1,1.2200000000000002,0.2200000000000002,True,0.00601841508894742
e10_primitive_bridge:15:16,15,oracle_probs_full,0,1.3600000000000003,0.3600000000000003,True,0.0029807537095716996
e10_primitive_bridge:15:16,15,oracle_probs_full,1,1.3800000000000001,0.3800000000000001,True,0.0028152704246095913
e10_primitive_bridge:15:16,15,oracle_probs_only,0,1.56,0.56,True,0.003989841707840865
e10_primitive_bridge:15:16,15,oracle_probs_only,1,1.53,0.53,True,0.003841303746644235
e10_primitive_bridge:15:17,15,bayes,0,1.4400000000000004,0.4400000000000004,True,0.007192656161733772
e10_primitive_bridge:15:17,15,bayes,1,1.4100000000000004,0.41000000000000036,True,0.0068232695864053495
e10_primitive_bridge:15:17,15,counts,0,1.3700000000000003,0.37000000000000033,True,0.008001922970363092
e10_primitive_bridge:15:17,15,counts,1,1.3900000000000003,0.39000000000000035,True,0.007638572839700948
e10_primitive_bridge:15:17,15,oracle_probs_full,0,1.3100000000000003,0.3100000000000003,True,0.001992132223156138
e10_primitive_bridge:15:17,15,oracle_probs_full,1,1.3200000000000003,0.3200000000000003,True,0.0019492061035126026
e10_primitive_bridge:15:17,15,oracle_probs_only,0,1.5700000000000003,0.5700000000000003,True,0.003341180982772859
e10_primitive_bridge:15:17,15,oracle_probs_only,1,1.6400000000000001,0.6400000000000001,True,0.0032616902028924687
e10_primitive_bridge:15:18,15,bayes,0,1.4500000000000002,0.4500000000000002,True,0.02137446736202541
e10_primitive_bridge:15:18,15,bayes,1,1.48,0.48,True,0.021516092539694553
e10_primitive_bridge:15:18,15,counts,0,1.3800000000000001,0.3800000000000001,True,0.019418723735426458
e10_primitive_bridge:15:18,15,counts,1,1.4600000000000002,0.4600000000000002,True,0.0181060042256212
e10_primitive_bridge:15:18,15,oracle_probs_full,0,1.3000000000000003,0.30000000000000027,True,0.0013391467692370107
e10_primitive_bridge:15:18,15,oracle_probs_full,1,1.2900000000000003,0.29000000000000026,True,0.001172923361153375
e10_primitive_bridge:15:18,15,oracle_probs_only,0,1.5700000000000003,0.5700000000000003,True,0.002773107376297992
e10_primitive_bridge:15:18,15,oracle_probs_only,1,1.5900000000000003,0.5900000000000003,True,0.0023389755129660655
e10_primitive_bridge:15:19,15,bayes,0,1.4400000000000002,0.44000000000000017,True,0.006137141406042391
e10_primitive_bridge:15:19,15,bayes,1,1.4400000000000002,0.44000000000000017,True,0.006103624489115629
e10_primitive_bridge:15:19,15,counts,0,1.2700000000000002,0.27000000000000024,True,0.011545812882314913
e10_primitive_bridge:15:19,15,counts,1,1.2800000000000002,0.28000000000000025,True,0.011523120937282768
e10_primitive_bridge:15:19,15,oracle_probs_full,0,1.3200000000000003,0.3200000000000003,True,0.0021028243164582243
e10_primitive_bridge:15:19,15,oracle_probs_full,1,1.3000000000000003,0.30000000000000027,True,0.002044617170394827
e10_primitive_bridge:15:19,15,oracle_probs_only,0,1.5800000000000003,0.5800000000000003,True,0.003594695442071379
e10_primitive_bridge:15:19,15,oracle_probs_only,1,1.5900000000000005,0.5900000000000005,True,0.0033960284395056863
e10_primitive_bridge:15:2,15,bayes,0,1.5000000000000004,0.5000000000000004,True,0.0036172641625667906
e10_primitive_bridge:15:2,15,bayes,1,1.5100000000000002,0.5100000000000002,True,0.003762454331411912
e10_primitive_bridge:15:2,15,counts,0,1.06,0.06000000000000005,True,0.003710524541857121
e10_primitive_bridge:15:2,15,counts,1,1.1600000000000001,0.16000000000000014,True,0.003429096961946199
e10_primitive_bridge:15:2,15,oracle_probs_full,0,1.2200000000000002,0.2200000000000002,True,0.003557382442205141
e10_primitive_bridge:15:2,15,oracle_probs_full,1,1.2700000000000002,0.27000000000000024,True,0.0031646484186830717
e10_primitive_bridge:15:2,15,oracle_probs_only,0,1.6000000000000003,0.6000000000000003,True,0.006316782078287209
e10_primitive_bridge:15:2,15,oracle_probs_only,1,1.5800000000000003,0.5800000000000003,True,0.006279049372147361
e10_primitive_bridge:15:20,15,bayes,0,1.35,0.3500000000000001,True,0.007562905667130837
e10_primitive_bridge:15:20,15,bayes,1,1.37,0.3700000000000001,True,0.007805609963485562
e10_primitive_bridge:15:20,15,counts,0,1.21,0.20999999999999996,True,0.004806195687596832
e10_primitive_bridge:15:20,15,counts,1,1.21,0.20999999999999996,True,0.005573214483202376
e10_primitive_bridge:15:20,15,oracle_probs_full,0,1.33,0.33000000000000007,True,0.0025004217729784686
e10_primitive_bridge:15:20,15,oracle_probs_full,1,1.3399999999999999,0.33999999999999986,True,0.002621221097357123
e10_primitive_bridge:15:20,15,oracle_probs_only,0,1.41,0.4099999999999999,True,0.005355517202476249
e10_primitive_bridge:15:20,15,oracle_probs_only,1,1.43,0.42999999999999994,True,0.006040095284569221
e10_primitive_bridge:15:21,15,bayes,0,1.3400000000000003,0.3400000000000003,True,0.009368947685932124
e10_primitive_bridge:15:21,15,bayes,1,1.3300000000000003,0.3300000000000003,True,0.009228329990314265
e10_primitive_bridge:15:21,15,counts,0,1.2400000000000002,0.2400000000000002,True,0.011881203129364677
e10_primitive_bridge:15:21,15,counts,1,1.2800000000000002,0.28000000000000025,True,0.012208530928736269
e10_primitive_bridge:15:21,15,oracle_probs_full,0,1.1700000000000002,0.17000000000000015,True,0.002233849028167021
e10_primitive_bridge:15:21,15,oracle_probs_full,1,1.2200000000000002,0.2200000000000002,True,0.002444373762789954
e10_primitive_bridge:15:21,15,oracle_probs_only,0,1.4400000000000004,0.4400000000000004,True,0.002269890648227244
e10_primitive_bridge:15:21,15,oracle_probs_only,1,1.4800000000000004,0.4800000000000004,True,0.0026590186017729847
e10_primitive_bridge:15:22,15,bayes,0,1.4100000000000001,0.41000000000000014,True,0.006380498751699425
e10_primitive_bridge:15:22,15,bayes,1,1.3900000000000001,0.3900000000000001,True,0.006200679563949153
e10_primitive_bridge:15:22,15,counts,0,1.26,0.26,True,0.009920912178938002
e10_primitive_bridge:15:22,15,counts,1,1.29,0.29000000000000004,True,0.009926403791390103
e10_primitive_bridge:15:22,15,oracle_probs_full,0,1.3500000000000003,0.3500000000000003,True,0.0017330049517078493
e10_primitive_bridge:15:22,15,oracle_probs_full,1,1.3900000000000001,0.3900000000000001,True,0.0020373985265813317
e10_primitive_bridge:15:22,15,oracle_probs_only,0,1.54,0.54,True,0.0028598300185544495
e10_primitive_bridge:15:22,15,oracle_probs_only,1,1.58,0.5800000000000001,True,0.002853899068240761
e10_primitive_bridge:15:23,15,bayes,0,1.6000000000000003,0.6000000000000003,True,0.007023440194413953
e10_primitive_bridge:15:23,15,bayes,1,1.6200000000000003,0.6200000000000003,True,0.006384426451448393
e10_primitive_bridge:15:23,15,counts,0,1.24,0.24,True,0.006524036682453801
e10_primitive_bridge:15:23,15,counts,1,1.1300000000000001,0.13000000000000012,True,0.007581522212840489
e10_primitive_bridge:15:23,15,oracle_probs_full,0,1.33,0.33000000000000007,True,0.002290474946146476
e10_primitive_bridge:15:23,15,oracle_probs_full,1,1.29,0.29000000000000004,True,0.002143157323842924
e10_primitive_bridge:15:23,15,oracle_probs_only,0,1.6,0.6000000000000001,True,0.00250257744901228
e10_primitive_bridge:15:23,15,oracle_probs_only,1,1.5900000000000003,0.5900000000000003,True,0.002470863122370901
e10_primitive_bridge:15:24,15,bayes,0,1.35,0.3500000000000001,True,0.0012869010466710759
e10_primitive_bridge:15:24,15,bayes,1,1.35,0.3500000000000001,True,0.0011102538386578767
e10_primitive_bridge:15:24,15,counts,0,1.36,0.3600000000000001,True,0.0023694727352108506
e10_primitive_bridge:15:24,15,counts,1,1.32,0.32000000000000006,True,0.0018816091365302212
e10_primitive_bridge:15:24,15,oracle_probs_full,0,1.37,0.3700000000000001,True,0.0038229715869796425
e10_primitive_bridge:15:24,15,oracle_probs_full,1,1.3900000000000001,0.3900000000000001,True,0.00430485367844243
e10_primitive_bridge:15:24,15,oracle_probs_only,0,1.58,0.5800000000000001,True,0.009959638409544483
e10_primitive_bridge:15:24,15,oracle_probs_only,1,1.57,0.5700000000000001,True,0.009707609265695272
e10_primitive_bridge:15:25,15,bayes,0,1.2300000000000002,0.2300000000000002,True,0.0022658950757603073
e10_primitive_bridge:15:25,15,bayes,1,1.1700000000000002,0.17000000000000015,True,0.001957387227967204
e10_primitive_bridge:15:25,15,counts,0,1.1600000000000001,0.16000000000000014,True,0.024950787857845703
e10_primitive_bridge:15:25,15,counts,1,1.1900000000000002,0.19000000000000017,True,0.024201628098667556
e10_primitive_bridge:15:25,15,oracle_probs_full,0,1.3600000000000003,0.3600000000000003,True,0.0013351352587249114
e10_primitive_bridge:15:25,15,oracle_probs_full,1,1.3600000000000003,0.3600000000000003,True,0.0012280642208343775
e10_primitive_bridge:15:25,15,oracle_probs_only,0,1.4800000000000002,0.4800000000000002,True,0.002213663954083651
e10_primitive_bridge:15:25,15,oracle_probs_only,1,1.4600000000000002,0.4600000000000002,True,0.0023117865980353007
e10_primitive_bridge:15:26,15,bayes,0,1.5100000000000002,0.5100000000000002,True,0.015033930285048536
e10_primitive_bridge:15:26,15,bayes,1,1.36,0.3600000000000001,True,0.011585908671297687
e10_primitive_bridge:15:26,15,counts,0,1.2100000000000002,0.2100000000000002,True,0.05485240600592244
e10_primitive_bridge:15:26,15,counts,1,1.1900000000000002,0.19000000000000017,True,0.05780876813918822
e10_primitive_bridge:15:26,15,oracle_probs_full,0,1.32,0.32000000000000006,True,0.0016483435130004744
e10_primitive_bridge:15:26,15,oracle_probs_full,1,1.3,0.30000000000000004,True,0.0017205762020531124
e10_primitive_bridge:15:26,15,oracle_probs_only,0,1.6600000000000001,0.6600000000000001,True,0.002325062431735233
e10_primitive_bridge:15:26,15,oracle_probs_only,1,1.6300000000000001,0.6300000000000001,True,0.0023234707406777962
e10_primitive_bridge:15:27,15,bayes,0,1.6,0.6000000000000001,True,0.008465499723570262
e10_primitive_bridge:15:27,15,bayes,1,1.62,0.6200000000000001,True,0.008262479641439353
e10_primitive_bridge:15:27,15,counts,0,1.34,0.3400000000000001,True,0.004052849311895245
e10_primitive_bridge:15:27,15,counts,1,1.19,0.18999999999999995,True,0.005814594791344032
e10_primitive_bridge:15:27,15,oracle_probs_full,0,1.26,0.26,True,0.0035118194520076234
e10_primitive_bridge:15:27,15,oracle_probs_full,1,1.27,0.27,True,0.002917635811436773
e10_primitive_bridge:15:27,15,oracle_probs_only,0,1.53,0.53,True,0.004110539581360614
e10_primitive_bridge:15:27,15,oracle_probs_only,1,1.53,0.53,True,0.004089117240253277
e10_primitive_bridge:15:28,15,bayes,0,1.56,0.56,True,0.015972721793279788
e10_primitive_bridge:15:28,15,bayes,1,1.56,0.56,True,0.014915932910878537
e10_primitive_bridge:15:28,15,counts,0,1.3800000000000001,0.3800000000000001,True,0.01343164737653359
e10_primitive_bridge:15:28,15,counts,1,1.4500000000000002,0.4500000000000002,True,0.013356125224772001
e10_primitive_bridge:15:28,15,oracle_probs_full,0,1.2999999999999998,0.2999999999999998,True,0.0019067130838336702
e10_primitive_bridge:15:28,15,oracle_probs_full,1,1.29,0.29000000000000004,True,0.0020913179756558236
e10_primitive_bridge:15:28,15,oracle_probs_only,0,1.46,0.45999999999999996,True,0.004876873732878737
e10_primitive_bridge:15:28,15,oracle_probs_only,1,1.46,0.45999999999999996,True,0.005112416055213754
e10_primitive_bridge:15:29,15,bayes,0,1.5800000000000003,0.5800000000000003,True,0.018627988462905313
e10_primitive_bridge:15:29,15,bayes,1,1.5300000000000002,0.5300000000000002,True,0.01983448240750747
e10_primitive_bridge:15:29,15,counts,0,1.2300000000000002,0.2300000000000002,True,0.015700270747602874
e10_primitive_bridge:15:29,15,counts,1,1.1700000000000002,0.17000000000000015,True,0.014000042691042503
e10_primitive_bridge:15:29,15,oracle_probs_full,0,1.34,0.3400000000000001,True,0.0009605796560916366
e10_primitive_bridge:15:29,15,oracle_probs_full,1,1.3599999999999999,0.3599999999999999,True,0.0008958742611777147
e10_primitive_bridge:15:29,15,oracle_probs_only,0,1.5300000000000002,0.5300000000000002,True,0.0024286240568798857
e10_primitive_bridge:15:29,15,oracle_probs_only,1,1.51,0.51,True,0.002226264318061461
e10_primitive_bridge:15:3,15,bayes,0,1.4400000000000002,0.44000000000000017,True,0.004127370306725582
e10_primitive_bridge:15:3,15,bayes,1,1.4700000000000002,0.4700000000000002,True,0.003585819938150272
e10_primitive_bridge:15:3,15,counts,0,1.1400000000000001,0.14000000000000012,True,0.007035128205377436
e10_primitive_bridge:15:3,15,counts,1,1.2300000000000002,0.2300000000000002,True,0.006486874042817425
e10_primitive_bridge:15:3,15,oracle_probs_full,0,1.2600000000000002,0.26000000000000023,True,0.003553908191188442
e10_primitive_bridge:15:3,15,oracle_probs_full,1,1.2800000000000005,0.28000000000000047,True,0.0038719648125713916
e10_primitive_bridge:15:3,15,oracle_probs_only,0,1.5500000000000003,0.5500000000000003,True,0.005519772716391496
e10_primitive_bridge:15:3,15,oracle_probs_only,1,1.5300000000000002,0.5300000000000002,True,0.005443843511482605
e10_primitive_bridge:15:4,15,bayes,0,1.4600000000000002,0.4600000000000002,True,0.0014800856236736176
e10_primitive_bridge:15:4,15,bayes,1,1.4800000000000002,0.4800000000000002,True,0.001553339484758536
e10_primitive_bridge:15:4,15,counts,0,1.31,0.31000000000000005,True,0.0015011820794580682
e10_primitive_bridge:15:4,15,counts,1,1.33,0.33000000000000007,True,0.0013781785023518353
e10_primitive_bridge:15:4,15,oracle_probs_full,0,1.3500000000000003,0.3500000000000003,True,0.003065907360808224
e10_primitive_bridge:15:4,15,oracle_probs_full,1,1.3600000000000003,0.3600000000000003,True,0.0035436787266747306
e10_primitive_bridge:15:4,15,oracle_probs_only,0,1.5900000000000003,0.5900000000000003,True,0.00666078150890313
e10_primitive_bridge:15:4,15,oracle_probs_only,1,1.6300000000000003,0.6300000000000003,True,0.007899057504372515
e10_primitive_bridge:15:5,15,bayes,0,1.5300000000000002,0.5300000000000002,True,0.007041009634371212
e10_primitive_bridge:15:5,15,bayes,1,1.5300000000000002,0.5300000000000002,True,0.007623873630288003
e10_primitive_bridge:15:5,15,counts,0,1.2300000000000002,0.2300000000000002,True,0.04191710604158779
e10_primitive_bridge:15:5,15,counts,1,1.2700000000000002,0.27000000000000024,True,0.04071647597673533
e10_primitive_bridge:15:5,15,oracle_probs_full,0,1.23,0.22999999999999998,True,0.001959857331272492
e10_primitive_bridge:15:5,15,oracle_probs_full,1,1.2800000000000002,0.28000000000000025,True,0.0022940906190035953
e10_primitive_bridge:15:5,15,oracle_probs_only,0,1.5400000000000003,0.5400000000000003,True,0.0030652178920591794
e10_primitive_bridge:15:5,15,oracle_probs_only,1,1.5800000000000003,0.5800000000000003,True,0.0031028705482026315
e10_primitive_bridge:15:6,15,bayes,0,1.8000000000000003,0.8000000000000003,True,0.0009147360361992655
e10_primitive_bridge:15:6,15,bayes,1,1.7000000000000002,0.7000000000000002,True,0.0007017485677779148
e10_primitive_bridge:15:6,15,counts,0,1.5700000000000003,0.5700000000000003,True,0.015269181683317612
e10_primitive_bridge:15:6,15,counts,1,1.59,0.5900000000000001,True,0.017777299082999694
e10_primitive_bridge:15:6,15,oracle_probs_full,0,1.3900000000000003,0.39000000000000035,True,0.0023826145785635056
e10_primitive_bridge:15:6,15,oracle_probs_full,1,1.4100000000000001,0.41000000000000014,True,0.002164167960835277
e10_primitive_bridge:15:6,15,oracle_probs_only,0,1.5500000000000005,0.5500000000000005,True,0.002504753383836466
e10_primitive_bridge:15:6,15,oracle_probs_only,1,1.4700000000000002,0.4700000000000002,True,0.002686309586117081
e10_primitive_bridge:15:7,15,bayes,0,1.3,0.30000000000000004,True,0.0011059733933509652
e10_primitive_bridge:15:7,15,bayes,1,1.25,0.25,True,0.0007409728219027681
e10_primitive_bridge:15:7,15,counts,0,1.28,0.28,True,0.0014121726447202528
e10_primitive_bridge:15:7,15,counts,1,1.2900000000000003,0.29000000000000026,True,0.0013907226739115377
e10_primitive_bridge:15:7,15,oracle_probs_full,0,1.28,0.28,True,0.0033603176088824603
e10_primitive_bridge:15:7,15,oracle_probs_full,1,1.31,0.31000000000000005,True,0.003366369674625276
e10_primitive_bridge:15:7,15,oracle_probs_only,0,1.4200000000000002,0.42000000000000015,True,0.01008095056342993
e10_primitive_bridge:15:7,15,oracle_probs_only,1,1.3900000000000001,0.3900000000000001,True,0.00973465265257545
e10_primitive_bridge:15:8,15,bayes,0,1.46,0.45999999999999996,True,0.002439443845827908
e10_primitive_bridge:15:8,15,bayes,1,1.42,0.41999999999999993,True,0.0023287066869907436
e10_primitive_bridge:15:8,15,counts,0,0.9999999999999999,1.1102230246251565e-16,True,0.017288737075293655
e10_primitive_bridge:15:8,15,counts,1,1.06,0.06000000000000005,True,0.016880403614427223
e10_primitive_bridge:15:8,15,oracle_probs_full,0,1.33,0.33000000000000007,True,0.002299780910289267
e10_primitive_bridge:15:8,15,oracle_probs_full,1,1.3,0.30000000000000004,True,0.0022541137814568
e10_primitive_bridge:15:8,15,oracle_probs_only,0,1.57,0.5700000000000001,True,0.002902081305307268
e10_primitive_bridge:15:8,15,oracle_probs_only,1,1.6,0.6000000000000001,True,0.00308592035509182
e10_primitive_bridge:15:9,15,bayes,0,1.4500000000000002,0.4500000000000002,True,0.004153087665395786
e10_primitive_bridge:15:9,15,bayes,1,1.5100000000000002,0.5100000000000002,True,0.003566016246154024
e10_primitive_bridge:15:9,15,counts,0,1.1800000000000002,0.18000000000000016,True,0.003969575404583975
e10_primitive_bridge:15:9,15,counts,1,1.2300000000000002,0.2300000000000002,True,0.00528026747957431
e10_primitive_bridge:15:9,15,oracle_probs_full,0,1.37,0.3700000000000001,True,0.0026741555424814583
e10_primitive_bridge:15:9,15,oracle_probs_full,1,1.31,0.31000000000000005,True,0.0028547253901678457
e10_primitive_bridge:15:9,15,oracle_probs_only,0,1.48,0.48,True,0.003263326368084421
e10_primitive_bridge:15:9,15,oracle_probs_only,1,1.4900000000000002,0.4900000000000002,True,0.003679040254662436
e10_primitive_bridge:2:0,2,bayes,0,0.99,0.010000000000000009,True,1.4246051513282388e-05
e10_primitive_bridge:2:0,2,bayes,1,1.0,0.0,True,0.0003058294532571129
e10_primitive_bridge:2:0,2,counts,0,1.01,0.010000000000000009,True,0.0009566655279236089
e10_primitive_bridge:2:0,2,counts,1,1.02,0.020000000000000018,True,0.000914677275945767
e10_primitive_bridge:2:0,2,oracle_probs_full,0,1.0,0.0,True,0.0003058294532571129
e10_primitive_bridge:2:0,2,oracle_probs_full,1,1.0,0.0,True,0.0003058294532571129
e10_primitive_bridge:2:0,2,oracle_probs_only,0,1.03,0.030000000000000027,True,0.0032525394188112405
e10_primitive_bridge:2:0,2,oracle_probs_only,1,1.03,0.030000000000000027,True,0.0050071570267831034
e10_primitive_bridge:2:1,2,bayes,0,0.9700000000000001,0.029999999999999916,True,0.014032442342438098
e10_primitive_bridge:2:1,2,bayes,1,0.9600000000000001,0.039999999999999925,True,0.01757812500000002
e10_primitive_bridge:2:1,2,counts,0,0.86,0.14,True,0.0020450243374797294
e10_primitive_bridge:2:1,2,counts,1,0.9199999999999999,0.08000000000000007,True,0.0014768431001890422
e10_primitive_bridge:2:1,2,oracle_probs_full,0,0.99,0.010000000000000009,True,0.0011510305070911186
e10_primitive_bridge:2:1,2,oracle_probs_full,1,1.01,0.010000000000000009,True,0.0005177188510930342
e10_primitive_bridge:2:1,2,oracle_probs_only,0,1.04,0.040000000000000036,True,0.0016642011834319473
e10_primitive_bridge:2:1,2,oracle_probs_only,1,1.06,0.06000000000000005,True,0.002503114987540047
e10_primitive_bridge:2:10,2,bayes,0,1.0,0.0,True,0.006430527714044187
e10_primitive_bridge:2:10,2,bayes,1,1.0,0.0,True,0.008898659582176055
e10_primitive_bridge:2:10,2,counts,0,1.2400000000000002,0.2400000000000002,True,0.018084365863407816
e10_primitive_bridge:2:10,2,counts,1,1.19,0.18999999999999995,True,0.03202232859729338
e10_primitive_bridge:2:10,2,oracle_probs_full,0,0.9299999999999999,0.07000000000000006,True,0.023853946034652983
e10_primitive_bridge:2:10,2,oracle_probs_full,1,0.9099999999999999,0.09000000000000008,True,0.0305669605120155
e10_primitive_bridge:2:10,2,oracle_probs_only,0,0.98,0.020000000000000018,True,0.027173404079661123
e10_primitive_bridge:2:10,2,oracle_probs_only,1,0.97,0.030000000000000027,True,0.0304550193452741
e10_primitive_bridge:2:11,2,bayes,0,0.94,0.06000000000000005,True,0.00032593933906745296
e10_primitive_bridge:2:11,2,bayes,1,0.9299999999999999,0.07000000000000006,True,3.6998496936062e-05
e10_primitive_bridge:2:11,2,counts,0,0.95,0.050000000000000044,True,0.0002216066481994462
e10_primitive_bridge:2:11,2,counts,1,0.9500000000000001,0.04999999999999993,True,0.0008864265927977812
e10_primitive_bridge:2:11,2,oracle_probs_full,0,0.9700000000000001,0.029999999999999916,True,0.0012243596556488422
e10_primitive_bridge:2:11,2,oracle_probs_full,1,0.99,0.010000000000000009,True,0.0006611570247933879
e10_primitive_bridge:2:11,2,oracle_probs_only,0,1.0,0.0,True,0.0007999999999999958
e10_primitive_bridge:2:11,2,oracle_probs_only,1,1.01,0.010000000000000009,True,0.0009489265758258951
e10_primitive_bridge:2:12,2,bayes,0,1.03,0.030000000000000027,True,0.001981558882458793
e10_primitive_bridge:2:12,2,bayes,1,1.06,0.06000000000000005,True,0.0014077548479757493
e10_primitive_bridge:2:12,2,counts,0,1.05,0.050000000000000044,True,0.009002178123406613
e10_primitive_bridge:2:12,2,counts,1,1.01,0.010000000000000009,True,0.014069927854796068
e10_primitive_bridge:2:12,2,oracle_probs_full,0,0.99,0.010000000000000009,True,6.9675772832100615e-06
e10_primitive_bridge:2:12,2,oracle_probs_full,1,1.0,0.0,True,2.152509803308936e-05
e10_primitive_bridge:2:12,2,oracle_probs_only,0,0.99,0.010000000000000009,True,0.00028644216505819534
e10_primitive_bridge:2:12,2,oracle_probs_only,1,1.01,0.010000000000000009,True,4.355750359822629e-05
e10_primitive_bridge:2:13,2,bayes,0,0.99,0.010000000000000009,True,0.011152808230730338
e10_primitive_bridge:2:13,2,bayes,1,1.0,0.0,True,0.006314739229024957
e10_primitive_bridge:2:13,2,counts,0,0.97,0.030000000000000027,True,0.013402308881181713
e10_primitive_bridge:2:13,2,counts,1,0.98,0.020000000000000018,True,0.017498495997038295
e10_primitive_bridge:2:13,2,oracle_probs_full,0,0.9700000000000001,0.029999999999999916,True,0.007501170659924462
e10_primitive_bridge:2:13,2,oracle_probs_full,1,0.9600000000000001,0.039999999999999925,True,0.007086167800453527
e10_primitive_bridge:2:13,2,oracle_probs_only,0,1.01,0.010000000000000009,True,0.0006675627150510644
e10_primitive_bridge:2:13,2,oracle_probs_only,1,1.01,0.010000000000000009,True,0.0006675627150510644
e10_primitive_bridge:2:14,2,bayes,0,0.8099999999999999,0.19000000000000006,True,0.0011109977439943616
e10_primitive_bridge:2:14,2,bayes,1,0.7999999999999999,0.20000000000000007,True,0.0002091942148760397
e10_primitive_bridge:2:14,2,counts,0,0.87,0.13,True,0.10859650444560173
e10_primitive_bridge:2:14,2,counts,1,0.8200000000000001,0.17999999999999994,True,0.11468970162388564
e10_primitive_bridge:2:14,2,oracle_probs_full,0,0.97,0.030000000000000027,True,0.004217871231079117
e10_primitive_bridge:2:14,2,oracle_probs_full,1,0.96,0.040000000000000036,True,0.0037950528007346463
e10_primitive_bridge:2:14,2,oracle_probs_only,0,0.98,0.020000000000000018,True,0.004653708337779394
e10_primitive_bridge:2:14,2,oracle_probs_only,1,0.99,0.010000000000000009,True,0.0018365472910927625
e10_primitive_bridge:2:15,2,bayes,0,1.01,0.010000000000000009,True,0.0007829948013407899
e10_primitive_bridge:2:15,2,bayes,1,1.01,0.010000000000000009,True,0.0007829948013407899
e10_primitive_bridge:2:15,2,counts,0,1.01,0.010000000000000009,True,0.0007829948013407899
e10_primitive_bridge:2:15,2,counts,1,1.01,0.010000000000000009,True,0.0017626695855750753
e10_primitive_bridge:2:15,2,oracle_probs_full,0,1.01,0.010000000000000009,True,0.0017626695855750753
e10_primitive_bridge:2:15,2,oracle_probs_full,1,1.01,0.010000000000000009,True,0.0017626695855750753
e10_primitive_bridge:2:15,2,oracle_probs_only,0,1.03,0.030000000000000027,True,0.004709934028973177
e10_primitive_bridge:2:15,2,oracle_probs_only,1,1.03,0.030000000000000027,True,0.004709934028973177
e10_primitive_bridge:2:16,2,bayes,0,0.99,0.010000000000000009,True,0.0035118887105967233
e10_primitive_bridge:2:16,2,bayes,1,1.0,0.0,True,0.0022201957258866168
e10_primitive_bridge:2:16,2,counts,0,0.94,0.06000000000000005,True,0.008790545846042852
e10_primitive_bridge:2:16,2,counts,1,0.89,0.10999999999999999,True,0.01007024031654366
e10_primitive_bridge:2:16,2,oracle_probs_full,0,0.98,0.020000000000000018,True,0.001830960800588818
e10_primitive_bridge:2:16,2,oracle_probs_full,1,0.97,0.030000000000000027,True,0.0030401648178385874
e10_primitive_bridge:2:16,2,oracle_probs_only,0,0.99,0.010000000000000009,True,0.002022859026573636
e10_primitive_bridge:2:16,2,oracle_probs_only,1,0.98,0.020000000000000018,True,0.001830960800588818
e10_primitive_bridge:2:17,2,bayes,0,0.96,0.040000000000000036,True,3.1917509507211306e-06
e10_primitive_bridge:2:17,2,bayes,1,0.97,0.030000000000000027,True,7.174206007989526e-08
e10_primitive_bridge:2:17,2,counts,0,1.01,0.010000000000000009,True,3.0318466870410262e-05
e10_primitive_bridge:2:17,2,counts,1,1.03,0.030000000000000027,True,6.76519068452756e-05
e10_primitive_bridge:2:17,2,oracle_probs_full,0,1.01,0.010000000000000009,True,0.0005061603736378992
e10_primitive_bridge:2:17,2,oracle_probs_full,1,0.97,0.030000000000000027,True,0.000204824017782655
e10_primitive_bridge:2:17,2,oracle_probs_only,0,1.01,0.010000000000000009,True,7.218021037277049e-05
e10_primitive_bridge:2:17,2,oracle_probs_only,1,1.03,0.030000000000000027,True,0.001086731334502425
e10_primitive_bridge:2:18,2,bayes,0,1.01,0.010000000000000009,True,0.0010456496922630182
e10_primitive_bridge:2:18,2,bayes,1,1.02,0.020000000000000018,True,0.0020966800560447973
e10_primitive_bridge:2:18,2,counts,0,1.01,0.010000000000000009,True,0.0010456496922630182
e10_primitive_bridge:2:18,2,counts,1,1.0,0.0,True,0.0010729929140185523
e10_primitive_bridge:2:18,2,oracle_probs_full,0,1.02,0.020000000000000018,True,0.0020966800560447973
e10_primitive_bridge:2:18,2,oracle_probs_full,1,1.01,0.010000000000000009,True,0.002147267851032436
e10_primitive_bridge:2:18,2,oracle_probs_only,0,1.03,0.030000000000000027,True,0.0052869675025996096
e10_primitive_bridge:2:18,2,oracle_probs_only,1,1.02,0.020000000000000018,True,0.005405072291772665
e10_primitive_bridge:2:19,2,bayes,0,1.01,0.010000000000000009,True,0.024971541405504415
e10_primitive_bridge:2:19,2,bayes,1,1.0499999999999998,0.04999999999999982,True,0.018140589569160974
e10_primitive_bridge:2:19,2,counts,0,1.01,0.010000000000000009,True,0.08883082690972668
e10_primitive_bridge:2:19,2,counts,1,1.0,0.0,True,0.1044897959183673
e10_primitive_bridge:2:19,2,oracle_probs_full,0,0.9,0.09999999999999998,True,0.039022423784328505
e10_primitive_bridge:2:19,2,oracle_probs_full,1,0.91,0.08999999999999997,True,0.04081632653061221
e10_primitive_bridge:2:19,2,oracle_probs_only,0,1.01,0.010000000000000009,True,0.02959293706699418
e10_primitive_bridge:2:19,2,oracle_probs_only,1,1.0,0.0,True,0.03840408163265301
e10_primitive_bridge:2:2,2,bayes,0,0.86,0.14,True,0.05579071108349842
e10_primitive_bridge:2:2,2,bayes,1,0.87,0.13,True,0.056957533392513485
e10_primitive_bridge:2:2,2,counts,0,0.84,0.16000000000000003,True,0.07505715784936551
e10_primitive_bridge:2:2,2,counts,1,0.8600000000000001,0.1399999999999999,True,0.09391942930956632
e10_primitive_bridge:2:2,2,oracle_probs_full,0,0.9299999999999999,0.07000000000000006,True,0.02127079134930812
e10_primitive_bridge:2:2,2,oracle_probs_full,1,0.95,0.050000000000000044,True,0.018868157780270657
e10_primitive_bridge:2:2,2,oracle_probs_only,0,0.99,0.010000000000000009,True,0.011478420569329708
e10_primitive_bridge:2:2,2,oracle_probs_only,1,1.0,0.0,True,0.009297520661157068
e10_primitive_bridge:2:20,2,bayes,0,0.99,0.010000000000000009,True,0.0007311311423865569
e10_primitive_bridge:2:20,2,bayes,1,0.99,0.010000000000000009,True,0.0007311311423865569
e10_primitive_bridge:2:20,2,counts,0,1.01,0.010000000000000009,True,0.002967844176912051
e10_primitive_bridge:2:20,2,counts,1,1.01,0.010000000000000009,True,0.0016382911367424015
e10_primitive_bridge:2:20,2,oracle_probs_full,0,1.01,0.010000000000000009,True,0.0016382911367424015
e10_primitive_bridge:2:20,2,oracle_probs_full,1,1.02,0.020000000000000018,True,0.0029083177591244036
e10_primitive_bridge:2:20,2,oracle_probs_only,0,1.02,0.020000000000000018,True,0.004595980346440969
e10_primitive_bridge:2:20,2,oracle_probs_only,1,1.01,0.010000000000000009,True,0.004689515636844468
e10_primitive_bridge:2:21,2,bayes,0,0.95,0.050000000000000044,True,0.0007243584648931509
e10_primitive_bridge:2:21,2,bayes,1,0.94,0.06000000000000005,True,0.000776408507572552
e10_primitive_bridge:2:21,2,counts,0,1.0,0.0,True,0.0005039113941991833
e10_primitive_bridge:2:21,2,counts,1,0.9600000000000001,0.039999999999999925,True,0.0001266100572511044
e10_primitive_bridge:2:21,2,oracle_probs_full,0,1.0,0.0,True,0.0005039113941991833
e10_primitive_bridge:2:21,2,oracle_probs_full,1,1.01,0.010000000000000009,True,0.00046689892047590095
e10_primitive_bridge:2:21,2,oracle_probs_only,0,1.01,0.010000000000000009,True,0.0024613577789250754
e10_primitive_bridge:2:21,2,oracle_probs_only,1,1.03,0.030000000000000027,True,0.0037414283048254815
e10_primitive_bridge:2:22,2,bayes,0,0.9,0.09999999999999998,True,0.04736541608514373
e10_primitive_bridge:2:22,2,bayes,1,0.8999999999999999,0.10000000000000009,True,0.05445196838844252
e10_primitive_bridge:2:22,2,counts,0,1.0,0.0,True,0.00013898831933732543
e10_primitive_bridge:2:22,2,counts,1,1.0,0.0,True,0.0006724409478617694
e10_primitive_bridge:2:22,2,oracle_probs_full,0,0.92,0.07999999999999996,True,0.03779421498370497
e10_primitive_bridge:2:22,2,oracle_probs_full,1,0.9,0.09999999999999998,True,0.040772690942338805
e10_primitive_bridge:2:22,2,oracle_probs_only,0,0.99,0.010000000000000009,True,0.031555263359636376
e10_primitive_bridge:2:22,2,oracle_probs_only,1,0.99,0.010000000000000009,True,0.022221280904296724
e10_primitive_bridge:2:23,2,bayes,0,0.9299999999999999,0.07000000000000006,True,0.008884418228261026
e10_primitive_bridge:2:23,2,bayes,1,0.93,0.06999999999999995,True,0.011982321181672617
e10_primitive_bridge:2:23,2,counts,0,0.96,0.040000000000000036,True,0.00022620843474041743
e10_primitive_bridge:2:23,2,counts,1,0.95,0.050000000000000044,True,0.00011451013174866257
e10_primitive_bridge:2:23,2,oracle_probs_full,0,0.96,0.040000000000000036,True,0.0053799467708002344
e10_primitive_bridge:2:23,2,oracle_probs_full,1,0.97,0.030000000000000027,True,0.008274638857998276
e10_primitive_bridge:2:23,2,oracle_probs_only,0,1.01,0.010000000000000009,True,0.005465872882964098
e10_primitive_bridge:2:23,2,oracle_probs_only,1,1.02,0.020000000000000018,True,0.003962638454447168
e10_primitive_bridge:2:24,2,bayes,0,0.94,0.06000000000000005,True,0.004344215428739793
e10_primitive_bridge:2:24,2,bayes,1,0.96,0.040000000000000036,True,0.003228635204081643
e10_primitive_bridge:2:24,2,counts,0,0.95,0.050000000000000044,True,0.024989290268277245
e10_primitive_bridge:2:24,2,counts,1,0.96,0.040000000000000036,True,0.025581065759637214
e10_primitive_bridge:2:24,2,oracle_probs_full,0,0.95,0.050000000000000044,True,0.00472811100432788
e10_primitive_bridge:2:24,2,oracle_probs_full,1,0.95,0.050000000000000044,True,0.00472811100432788
e10_primitive_bridge:2:24,2,oracle_probs_only,0,1.01,0.010000000000000009,True,0.0032120811596213286
e10_primitive_bridge:2:24,2,oracle_probs_only,1,1.02,0.020000000000000018,True,0.0035308240943436224
e10_primitive_bridge:2:25,2,bayes,0,1.0,0.0,True,0.0004391510176458679
e10_primitive_bridge:2:25,2,bayes,1,1.0,0.0,True,0.0004391510176458679
e10_primitive_bridge:2:25,2,counts,0,1.0,0.0,True,0.0004391510176458679
e10_primitive_bridge:2:25,2,counts,1,1.0,0.0,True,0.0004391510176458679
e10_primitive_bridge:2:25,2,oracle_probs_full,0,1.01,0.010000000000000009,True,0.0011928721601498662
e10_primitive_bridge:2:25,2,oracle_probs_full,1,1.01,0.010000000000000009,True,0.0011928721601498662
e10_primitive_bridge:2:25,2,oracle_probs_only,0,1.02,0.020000000000000018,True,0.005712849664084101
e10_primitive_bridge:2:25,2,oracle_probs_only,1,1.02,0.020000000000000018,True,0.005712849664084101
e10_primitive_bridge:2:26,2,bayes,0,1.0,0.0,True,0.008898659582176055
e10_primitive_bridge:2:26,2,bayes,1,0.98,0.020000000000000018,True,0.00900789611823475
e10_primitive_bridge:2:26,2,counts,0,1.2200000000000002,0.2200000000000002,True,0.02166543679850983
e10_primitive_bridge:2:26,2,counts,1,1.13,0.1299999999999999,True,0.014973603105251768
e10_primitive_bridge:2:26,2,oracle_probs_full,0,0.9299999999999999,0.07000000000000006,True,0.023853946034652983
e10_primitive_bridge:2:26,2,oracle_probs_full,1,0.9199999999999999,0.08000000000000007,True,0.027070075689698075
e10_primitive_bridge:2:26,2,oracle_probs_only,0,1.0,0.0,True,0.03553602221953874
e10_primitive_bridge:2:26,2,oracle_probs_only,1,0.98,0.020000000000000018,True,0.022624017606076387
e10_primitive_bridge:2:27,2,bayes,0,1.08,0.08000000000000007,True,0.0015432098765431974
e10_primitive_bridge:2:27,2,bayes,1,1.05,0.050000000000000044,True,0.001916099773242615
e10_primitive_bridge:2:27,2,counts,0,1.03,0.030000000000000027,True,0.02178574794985386
e10_primitive_bridge:2:27,2,counts,1,1.03,0.030000000000000027,True,0.02178574794985386
e10_primitive_bridge:2:27,2,oracle_probs_full,0,0.91,0.08999999999999997,True,0.01450609829730707
e10_primitive_bridge:2:27,2,oracle_probs_full,1,0.92,0.07999999999999996,True,0.015122873345935699
e10_primitive_bridge:2:27,2,oracle_probs_only,0,0.97,0.030000000000000027,True,0.008303220320969279
e10_primitive_bridge:2:27,2,oracle_probs_only,1,0.9600000000000001,0.039999999999999925,True,0.013888888888888855
e10_primitive_bridge:2:28,2,bayes,0,0.94,0.06000000000000005,True,3.2848509858145024e-05
e10_primitive_bridge:2:28,2,bayes,1,0.94,0.06000000000000005,True,3.2848509858145024e-05
e10_primitive_bridge:2:28,2,counts,0,1.0,0.0,True,0.01689297052154196
e10_primitive_bridge:2:28,2,counts,1,0.98,0.020000000000000018,True,0.015641630801980663
e10_primitive_bridge:2:28,2,oracle_probs_full,0,0.96,0.040000000000000036,True,0.0032286352040816276
e10_primitive_bridge:2:28,2,oracle_probs_full,1,0.96,0.040000000000000036,True,0.0032286352040816276
e10_primitive_bridge:2:28,2,oracle_probs_only,0,1.02,0.020000000000000018,True,0.0035308240943436064
e10_primitive_bridge:2:28,2,oracle_probs_only,1,1.0,0.0,True,0.004626303854875281
e10_primitive_bridge:2:29,2,bayes,0,1.09,0.09000000000000008,True,0.03458369572333047
e10_primitive_bridge:2:29,2,bayes,1,1.01,0.010000000000000009,True,0.0481216438475531
e10_primitive_bridge:2:29,2,counts,0,0.97,0.030000000000000027,True,0.08788276000519601
e10_primitive_bridge:2:29,2,counts,1,0.98,0.020000000000000018,True,0.080545143227359
e10_primitive_bridge:2:29,2,oracle_probs_full,0,0.8899999999999999,0.1100000000000001,True,0.023594102877021718
e10_primitive_bridge:2:29,2,oracle_probs_full,1,0.9099999999999999,0.09000000000000008,True,0.01677199479397283
e10_primitive_bridge:2:29,2,oracle_probs_only,0,0.98,0.020000000000000018,True,0.012240270257762996
e10_primitive_bridge:2:29,2,oracle_probs_only,1,0.98,0.020000000000000018,True,0.012240270257762996
e10_primitive_bridge:2:3,2,bayes,0,1.05,0.050000000000000044,True,4.535147392290587e-05
e10_primitive_bridge:2:3,2,bayes,1,1.05,0.050000000000000044,True,4.535147392289847e-05
e10_primitive_bridge:2:3,2,counts,0,0.97,0.030000000000000027,True,0.006430013816558574
e10_primitive_bridge:2:3,2,counts,1,0.96,0.040000000000000036,True,0.007812499999999965
e10_primitive_bridge:2:3,2,oracle_probs_full,0,0.98,0.020000000000000018,True,0.020824656393169435
e10_primitive_bridge:2:3,2,oracle_probs_full,1,1.01,0.010000000000000009,True,0.021615527889422517
e10_primitive_bridge:2:3,2,oracle_probs_only,0,1.06,0.06000000000000005,True,0.04004983980064068
e10_primitive_bridge:2:3,2,oracle_probs_only,1,1.08,0.08000000000000007,True,0.03858024691358013
e10_primitive_bridge:2:4,2,bayes,0,1.01,0.010000000000000009,True,0.0016979714299569717
e10_primitive_bridge:2:4,2,bayes,1,1.01,0.010000000000000009,True,0.0016979714299569717
e10_primitive_bridge:2:4,2,counts,0,1.0,0.0,True,0.0017327665281218663
e10_primitive_bridge:2:4,2,counts,1,1.0,0.0,True,0.0017327665281218663
e10_primitive_bridge:2:4,2,oracle_probs_full,0,1.01,0.010000000000000009,True,0.0016979714299569717
e10_primitive_bridge:2:4,2,oracle_probs_full,1,1.01,0.010000000000000009,True,0.0016979714299569717
e10_primitive_bridge:2:4,2,oracle_probs_only,0,1.02,0.020000000000000018,True,0.004695579647336374
e10_primitive_bridge:2:4,2,oracle_probs_only,1,1.01,0.010000000000000009,True,0.003047985469038405
e10_primitive_bridge:2:5,2,bayes,0,1.0,0.0,True,0.002457698345610427
e10_primitive_bridge:2:5,2,bayes,1,0.98,0.020000000000000018,True,0.0014244557864203486
e10_primitive_bridge:2:5,2,counts,0,1.01,0.010000000000000009,True,0.00047069836392365724
e10_primitive_bridge:2:5,2,counts,1,1.02,0.020000000000000018,True,7.022184671524968e-05
e10_primitive_bridge:2:5,2,oracle_probs_full,0,1.0,0.0,True,5.110493901702683e-05
e10_primitive_bridge:2:5,2,oracle_probs_full,1,1.0,0.0,True,5.110493901702683e-05
e10_primitive_bridge:2:5,2,oracle_probs_only,0,1.01,0.010000000000000009,True,0.0011773733182213878
e10_primitive_bridge:2:5,2,oracle_probs_only,1,1.01,0.010000000000000009,True,0.002334338106202741
e10_primitive_bridge:2:6,2,bayes,0,1.01,0.010000000000000009,True,0.003042608491272176
e10_primitive_bridge:2:6,2,bayes,1,1.0,0.0,True,0.001763820018365477
e10_primitive_bridge:2:6,2,counts,0,1.02,0.020000000000000018,True,0.0029375224405108103
e10_primitive_bridge:2:6,2,counts,1,1.01,0.010000000000000009,True,0.003042608491272176
e10_primitive_bridge:2:6,2,oracle_probs_full,0,1.01,0.010000000000000009,True,0.000737427478121352
e10_primitive_bridge:2:6,2,oracle_probs_full,1,1.01,0.010000000000000009,True,0.000737427478121352
e10_primitive_bridge:2:6,2,oracle_probs_only,0,1.04,0.040000000000000036,True,0.004346857493710648
e10_primitive_bridge:2:6,2,oracle_probs_only,1,1.02,0.020000000000000018,True,0.0016268377388226414
e10_primitive_bridge:2:7,2,bayes,0,1.04,0.040000000000000036,True,2.0545693622616463e-05
e10_primitive_bridge:2:7,2,bayes,1,1.02,0.020000000000000018,True,4.805843906189934e-05
e10_primitive_bridge:2:7,2,counts,0,0.9800000000000001,0.019999999999999907,True,0.0020882502660928316
e10_primitive_bridge:2:7,2,counts,1,0.98,0.020000000000000018,True,0.0002834467120181425
e10_primitive_bridge:2:7,2,oracle_probs_full,0,0.99,0.010000000000000009,True,1.2753800632588955e-05
e10_primitive_bridge:2:7,2,oracle_probs_full,1,0.99,0.010000000000000009,True,0.0003188450158147165
e10_primitive_bridge:2:7,2,oracle_probs_only,0,1.02,0.020000000000000018,True,0.002354863514033062
e10_primitive_bridge:2:7,2,oracle_probs_only,1,1.03,0.030000000000000027,True,0.0022006996156303266
e10_primitive_bridge:2:8,2,bayes,0,0.94,0.06000000000000005,True,0.0
e10_primitive_bridge:2:8,2,bayes,1,0.9299999999999999,0.07000000000000006,True,5.781015146259613e-05
e10_primitive_bridge:2:8,2,counts,0,0.96,0.040000000000000036,True,0.0008680555555555564
e10_primitive_bridge:2:8,2,counts,1,0.99,0.010000000000000009,True,5.101520253035414e-05
e10_primitive_bridge:2:8,2,oracle_probs_full,0,1.03,0.030000000000000027,True,4.712979545668768e-05
e10_primitive_bridge:2:8,2,oracle_probs_full,1,0.99,0.010000000000000009,True,5.101520253035414e-05
e10_primitive_bridge:2:8,2,oracle_probs_only,0,1.1,0.10000000000000009,True,0.00016528925619834823
e10_primitive_bridge:2:8,2,oracle_probs_only,1,1.1,0.10000000000000009,True,0.0006611570247933849
e10_primitive_bridge:2:9,2,bayes,0,0.96,0.040000000000000036,True,0.07031249999999993
e10_primitive_bridge:2:9,2,bayes,1,0.92,0.07999999999999996,True,0.08233564377231667
e10_primitive_bridge:2:9,2,counts,0,0.91,0.08999999999999997,True,0.04293630667257036
e10_primitive_bridge:2:9,2,counts,1,0.93,0.06999999999999995,True,0.052029136316337085
e10_primitive_bridge:2:9,2,oracle_probs_full,0,0.9199999999999999,0.08000000000000007,True,0.026885108170552376
e10_primitive_bridge:2:9,2,oracle_probs_full,1,0.9199999999999999,0.08000000000000007,True,0.026885108170552376
e10_primitive_bridge:2:9,2,oracle_probs_only,0,0.97,0.030000000000000027,True,0.018516550347775752
e10_primitive_bridge:2:9,2,oracle_probs_only,1,0.99,0.010000000000000009,True,0.013059891847770615
e10_primitive_bridge:5:0,5,bayes,0,1.33,0.33000000000000007,True,0.06325110486253865
e10_primitive_bridge:5:0,5,bayes,1,1.3099999999999998,0.30999999999999983,True,0.06591341636672383
e10_primitive_bridge:5:0,5,counts,0,1.08,0.08000000000000007,True,0.13018663542314254
e10_primitive_bridge:5:0,5,counts,1,1.11,0.1100000000000001,True,0.12505360023430284
e10_primitive_bridge:5:0,5,oracle_probs_full,0,1.05,0.050000000000000044,True,0.002270125834013826
e10_primitive_bridge:5:0,5,oracle_probs_full,1,1.04,0.040000000000000036,True,0.0026556471140182776
e10_primitive_bridge:5:0,5,oracle_probs_only,0,1.15,0.1499999999999999,True,0.0042046839347596576
e10_primitive_bridge:5:0,5,oracle_probs_only,1,1.1400000000000001,0.14000000000000012,True,0.0053811931267872416
e10_primitive_bridge:5:1,5,bayes,0,1.11,0.1100000000000001,True,0.001882241239823492
e10_primitive_bridge:5:1,5,bayes,1,1.1800000000000002,0.18000000000000016,True,0.0017656522076994758
e10_primitive_bridge:5:1,5,counts,0,1.2000000000000002,0.20000000000000018,True,0.05603550559898225
e10_primitive_bridge:5:1,5,counts,1,1.23,0.22999999999999998,True,0.047194099428453574
e10_primitive_bridge:5:1,5,oracle_probs_full,0,1.1400000000000001,0.14000000000000012,True,0.00215652394765582
e10_primitive_bridge:5:1,5,oracle_probs_full,1,1.1300000000000001,0.13000000000000012,True,0.0020591836324844433
e10_primitive_bridge:5:1,5,oracle_probs_only,0,1.1500000000000001,0.15000000000000013,True,0.009160220631283281
e10_primitive_bridge:5:1,5,oracle_probs_only,1,1.2000000000000002,0.20000000000000018,True,0.007719772468589856
e10_primitive_bridge:5:10,5,bayes,0,1.22,0.21999999999999997,True,0.00136761638559442
e10_primitive_bridge:5:10,5,bayes,1,1.19,0.18999999999999995,True,0.001244622057895077
e10_primitive_bridge:5:10,5,counts,0,1.53,0.53,True,0.027787303004992853
e10_primitive_bridge:5:10,5,counts,1,1.58,0.5800000000000001,True,0.02142345352494269
e10_primitive_bridge:5:10,5,oracle_probs_full,0,1.03,0.030000000000000027,True,0.0018500418010542752
e10_primitive_bridge:5:10,5,oracle_probs_full,1,1.03,0.030000000000000027,True,0.0009081152907301357
e10_primitive_bridge:5:10,5,oracle_probs_only,0,1.2000000000000002,0.20000000000000018,True,0.002296685173021374
e10_primitive_bridge:5:10,5,oracle_probs_only,1,1.1900000000000002,0.19000000000000017,True,0.002137825124538367
e10_primitive_bridge:5:11,5,bayes,0,1.2199999999999998,0.21999999999999975,True,0.0019907246420509876
e10_primitive_bridge:5:11,5,bayes,1,1.2199999999999998,0.21999999999999975,True,0.0015966901700322166
e10_primitive_bridge:5:11,5,counts,0,1.09,0.09000000000000008,True,0.004065977649269584
e10_primitive_bridge:5:11,5,counts,1,1.1,0.10000000000000009,True,0.0020117572994630866
e10_primitive_bridge:5:11,5,oracle_probs_full,0,1.06,0.06000000000000005,True,0.0012438516412202178
e10_primitive_bridge:5:11,5,oracle_probs_full,1,1.04,0.040000000000000036,True,0.0012895600624192377
e10_primitive_bridge:5:11,5,oracle_probs_only,0,1.16,0.15999999999999992,True,0.0019158754790430694
e10_primitive_bridge:5:11,5,oracle_probs_only,1,1.17,0.16999999999999993,True,0.0015126700395381044
e10_primitive_bridge:5:12,5,bayes,0,1.07,0.07000000000000006,True,0.0011604133285858687
e10_primitive_bridge:5:12,5,bayes,1,1.06,0.06000000000000005,True,0.001991472653397857
e10_primitive_bridge:5:12,5,counts,0,0.8899999999999999,0.1100000000000001,True,0.009830400304010637
e10_primitive_bridge:5:12,5,counts,1,0.9100000000000001,0.08999999999999986,True,0.009442305680826425
e10_primitive_bridge:5:12,5,oracle_probs_full,0,1.04,0.040000000000000036,True,0.00010836726981184634
e10_primitive_bridge:5:12,5,oracle_probs_full,1,1.08,0.08000000000000007,True,0.00020878200565565256
e10_primitive_bridge:5:12,5,oracle_probs_only,0,1.2000000000000002,0.20000000000000018,True,0.0006507114594530104
e10_primitive_bridge:5:12,5,oracle_probs_only,1,1.19,0.18999999999999995,True,0.00036092401373508077
e10_primitive_bridge:5:13,5,bayes,0,1.3800000000000001,0.3800000000000001,True,0.004378281873555973
e10_primitive_bridge:5:13,5,bayes,1,1.4200000000000002,0.42000000000000015,True,0.004694681307044051
e10_primitive_bridge:5:13,5,counts,0,1.46,0.45999999999999996,True,0.11936644234688318
e10_primitive_bridge:5:13,5,counts,1,1.41,0.4099999999999999,True,0.1183257304401643
e10_primitive_bridge:5:13,5,oracle_probs_full,0,1.07,0.07000000000000006,True,0.0007310376699758818
e10_primitive_bridge:5:13,5,oracle_probs_full,1,1.08,0.08000000000000007,True,0.0007477031747143059
e10_primitive_bridge:5:13,5,oracle_probs_only,0,1.22,0.21999999999999997,True,0.0010787417655578673
e10_primitive_bridge:5:13,5,oracle_probs_only,1,1.23,0.22999999999999998,True,0.0010147570215616381
e10_primitive_bridge:5:14,5,bayes,0,1.1,0.10000000000000009,True,0.0036086189275904906
e10_primitive_bridge:5:14,5,bayes,1,1.06,0.06000000000000005,True,0.003286653535923622
e10_primitive_bridge:5:14,5,counts,0,1.05,0.050000000000000044,True,0.04552188637543547
e10_primitive_bridge:5:14,5,counts,1,0.99,0.010000000000000009,True,0.04354197547476185
e10_primitive_bridge:5:14,5,oracle_probs_full,0,1.08,0.08000000000000007,True,0.001240883408054739
e10_primitive_bridge:5:14,5,oracle_probs_full,1,1.09,0.09000000000000008,True,0.0016342995992397902
e10_primitive_bridge:5:14,5,oracle_probs_only,0,1.23,0.22999999999999998,True,0.0026840031735298597
e10_primitive_bridge:5:14,5,oracle_probs_only,1,1.25,0.25,True,0.0023582215050359148
e10_primitive_bridge:5:15,5,bayes,0,1.15,0.1499999999999999,True,0.0323853316618362
e10_primitive_bridge:5:15,5,bayes,1,1.1700000000000002,0.17000000000000015,True,0.031213197550519496
e10_primitive_bridge:5:15,5,counts,0,0.9,0.09999999999999998,True,0.04437366127470134
e10_primitive_bridge:5:15,5,counts,1,0.9400000000000001,0.05999999999999994,True,0.042043563667294004
e10_primitive_bridge:5:15,5,oracle_probs_full,0,1.05,0.050000000000000044,True,0.008026181953137678
e10_primitive_bridge:5:15,5,oracle_probs_full,1,1.07,0.07000000000000006,True,0.007331441934314946
e10_primitive_bridge:5:15,5,oracle_probs_only,0,1.11,0.1100000000000001,True,0.009136001778009249
e10_primitive_bridge:5:15,5,oracle_probs_only,1,1.14,0.1399999999999999,True,0.0066485535035390895
e10_primitive_bridge:5:16,5,bayes,0,1.21,0.20999999999999996,True,0.009358519822248145
e10_primitive_bridge:5:16,5,bayes,1,1.2,0.19999999999999996,True,0.009946749709076773
e10_primitive_bridge:5:16,5,counts,0,0.97,0.030000000000000027,True,0.04096279839679946
e10_primitive_bridge:5:16,5,counts,1,1.05,0.050000000000000044,True,0.04964964927627659
e10_primitive_bridge:5:16,5,oracle_probs_full,0,1.1099999999999999,0.10999999999999988,True,0.0009199544609326392
e10_primitive_bridge:5:16,5,oracle_probs_full,1,1.1099999999999999,0.10999999999999988,True,0.0010865830430122775
e10_primitive_bridge:5:16,5,oracle_probs_only,0,1.2,0.19999999999999996,True,0.0028890230455979144
e10_primitive_bridge:5:16,5,oracle_probs_only,1,1.21,0.20999999999999996,True,0.0034897171608948866
e10_primitive_bridge:5:17,5,bayes,0,1.21,0.20999999999999996,True,0.04256164970172557
e10_primitive_bridge:5:17,5,bayes,1,1.2,0.19999999999999996,True,0.04494910903787337
e10_primitive_bridge:5:17,5,counts,0,1.07,0.07000000000000006,True,0.09425037691141205
e10_primitive_bridge:5:17,5,counts,1,1.06,0.06000000000000005,True,0.0819478424492622
e10_primitive_bridge:5:17,5,oracle_probs_full,0,1.06,0.06000000000000005,True,0.00023747859576966635
e10_primitive_bridge:5:17,5,oracle_probs_full,1,1.05,0.050000000000000044,True,0.00017941811977192072
e10_primitive_bridge:5:17,5,oracle_probs_only,0,1.1800000000000002,0.18000000000000016,True,0.0020037884609552846
e10_primitive_bridge:5:17,5,oracle_probs_only,1,1.1600000000000001,0.16000000000000014,True,0.001449773195519442
e10_primitive_bridge:5:18,5,bayes,0,1.1700000000000002,0.17000000000000015,True,0.00242154490429852
e10_primitive_bridge:5:18,5,bayes,1,1.1500000000000001,0.15000000000000013,True,0.002200831259471003
e10_primitive_bridge:5:18,5,counts,0,0.84,0.16000000000000003,True,0.0301946030638204
e10_primitive_bridge:5:18,5,counts,1,0.89,0.10999999999999999,True,0.03135840703693431
e10_primitive_bridge:5:18,5,oracle_probs_full,0,1.0399999999999998,0.039999999999999813,True,0.00010925102040669382
e10_primitive_bridge:5:18,5,oracle_probs_full,1,1.0799999999999998,0.07999999999999985,True,0.00010706369655235173
e10_primitive_bridge:5:18,5,oracle_probs_only,0,1.18,0.17999999999999994,True,0.0007993770111236753
e10_primitive_bridge:5:18,5,oracle_probs_only,1,1.18,0.17999999999999994,True,0.0011838619368451102
e10_primitive_bridge:5:19,5,bayes,0,1.21,0.20999999999999996,True,0.018437895781967653
e10_primitive_bridge:5:19,5,bayes,1,1.22,0.21999999999999997,True,0.01607884343075791
e10_primitive_bridge:5:19,5,counts,0,1.02,0.020000000000000018,True,0.06115445035648822
e10_primitive_bridge:5:19,5,counts,1,1.02,0.020000000000000018,True,0.056952327459505306
e10_primitive_bridge:5:19,5,oracle_probs_full,0,1.09,0.09000000000000008,True,0.001955598069231537
e10_primitive_bridge:5:19,5,oracle_probs_full,1,1.07,0.07000000000000006,True,0.0021900045450735186
e10_primitive_bridge:5:19,5,oracle_probs_only,0,1.19,0.18999999999999995,True,0.005031633928834855
e10_primitive_bridge:5:19,5,oracle_probs_only,1,1.22,0.21999999999999997,True,0.004957499885227176
e10_primitive_bridge:5:2,5,bayes,0,1.1600000000000001,0.16000000000000014,True,0.004483882597215207
e10_primitive_bridge:5:2,5,bayes,1,1.09,0.09000000000000008,True,0.007603888798730672
e10_primitive_bridge:5:2,5,counts,0,1.02,0.020000000000000018,True,0.02672577072614037
e10_primitive_bridge:5:2,5,counts,1,1.1700000000000002,0.17000000000000015,True,0.014184846466086531
e10_primitive_bridge:5:2,5,oracle_probs_full,0,1.1,0.10000000000000009,True,0.005155668816361532
e10_primitive_bridge:5:2,5,oracle_probs_full,1,1.1,0.10000000000000009,True,0.004315496413917477
e10_primitive_bridge:5:2,5,oracle_probs_only,0,1.16,0.15999999999999992,True,0.0089919723205616
e10_primitive_bridge:5:2,5,oracle_probs_only,1,1.15,0.1499999999999999,True,0.008618746439996775
e10_primitive_bridge:5:20,5,bayes,0,1.1,0.10000000000000009,True,0.003257962210701567
e10_primitive_bridge:5:20,5,bayes,1,1.1300000000000001,0.13000000000000012,True,0.0029142734359725946
e10_primitive_bridge:5:20,5,counts,0,1.2400000000000002,0.2400000000000002,True,0.0025980136595676827
e10_primitive_bridge:5:20,5,counts,1,1.2400000000000002,0.2400000000000002,True,0.0031156058102734903
e10_primitive_bridge:5:20,5,oracle_probs_full,0,1.03,0.030000000000000027,True,0.00231888638435145
e10_primitive_bridge:5:20,5,oracle_probs_full,1,1.05,0.050000000000000044,True,0.002648546177743863
e10_primitive_bridge:5:20,5,oracle_probs_only,0,1.09,0.09000000000000008,True,0.003247509197163683
e10_primitive_bridge:5:20,5,oracle_probs_only,1,1.13,0.1299999999999999,True,0.004190102942021378
e10_primitive_bridge:5:21,5,bayes,0,1.14,0.1399999999999999,True,0.002192775930455044
e10_primitive_bridge:5:21,5,bayes,1,1.15,0.1499999999999999,True,0.0015102883570384535
e10_primitive_bridge:5:21,5,counts,0,1.07,0.07000000000000006,True,0.004486628053131818
e10_primitive_bridge:5:21,5,counts,1,1.06,0.06000000000000005,True,0.005489705912158391
e10_primitive_bridge:5:21,5,oracle_probs_full,0,1.06,0.06000000000000005,True,0.0005839851478344999
e10_primitive_bridge:5:21,5,oracle_probs_full,1,1.04,0.040000000000000036,True,0.0009255885797679368
e10_primitive_bridge:5:21,5,oracle_probs_only,0,1.15,0.1499999999999999,True,0.0024193184568112604
e10_primitive_bridge:5:21,5,oracle_probs_only,1,1.15,0.1499999999999999,True,0.003088505860002057
e10_primitive_bridge:5:22,5,bayes,0,1.12,0.1200000000000001,True,0.007606994804434987
e10_primitive_bridge:5:22,5,bayes,1,1.1300000000000001,0.13000000000000012,True,0.006705000536998957
e10_primitive_bridge:5:22,5,counts,0,1.03,0.030000000000000027,True,0.008353974271630697
e10_primitive_bridge:5:22,5,counts,1,1.09,0.09000000000000008,True,0.006304446491102332
e10_primitive_bridge:5:22,5,oracle_probs_full,0,1.08,0.08000000000000007,True,3.581104007402889e-05
e10_primitive_bridge:5:22,5,oracle_probs_full,1,1.07,0.07000000000000006,True,1.3713099966917074e-05
e10_primitive_bridge:5:22,5,oracle_probs_only,0,1.1900000000000002,0.19000000000000017,True,0.0011597092495513304
e10_primitive_bridge:5:22,5,oracle_probs_only,1,1.1600000000000001,0.16000000000000014,True,0.0011004629216908397
e10_primitive_bridge:5:23,5,bayes,0,1.21,0.20999999999999996,True,0.047427831010419995
e10_primitive_bridge:5:23,5,bayes,1,1.17,0.16999999999999993,True,0.04985905344885206
e10_primitive_bridge:5:23,5,counts,0,1.1099999999999999,0.10999999999999988,True,0.054562959803614766
e10_primitive_bridge:5:23,5,counts,1,1.1199999999999999,0.11999999999999988,True,0.06168775999768135
e10_primitive_bridge:5:23,5,oracle_probs_full,0,0.98,0.020000000000000018,True,0.004701901848187177
e10_primitive_bridge:5:23,5,oracle_probs_full,1,0.96,0.040000000000000036,True,0.005753293530015765
e10_primitive_bridge:5:23,5,oracle_probs_only,0,1.11,0.1100000000000001,True,0.0026035152443548977
e10_primitive_bridge:5:23,5,oracle_probs_only,1,1.12,0.1200000000000001,True,0.00236431438135754
e10_primitive_bridge:5:24,5,bayes,0,1.11,0.1100000000000001,True,0.0038890693783981793
e10_primitive_bridge:5:24,5,bayes,1,1.1,0.10000000000000009,True,0.003829200577552084
e10_primitive_bridge:5:24,5,counts,0,1.05,0.050000000000000044,True,0.0050056265561718005
e10_primitive_bridge:5:24,5,counts,1,1.06,0.06000000000000005,True,0.0059265082366296426
e10_primitive_bridge:5:24,5,oracle_probs_full,0,1.08,0.08000000000000007,True,0.00294415436046443
e10_primitive_bridge:5:24,5,oracle_probs_full,1,1.07,0.07000000000000006,True,0.002089638230268273
e10_primitive_bridge:5:24,5,oracle_probs_only,0,1.1500000000000001,0.15000000000000013,True,0.006382524948520615
e10_primitive_bridge:5:24,5,oracle_probs_only,1,1.1700000000000002,0.17000000000000015,True,0.009284294146095187
e10_primitive_bridge:5:25,5,bayes,0,1.26,0.26,True,0.010911794856176474
e10_primitive_bridge:5:25,5,bayes,1,1.24,0.24,True,0.0119520838790089
e10_primitive_bridge:5:25,5,counts,0,1.07,0.07000000000000006,True,0.0052572444497942655
e10_primitive_bridge:5:25,5,counts,1,1.08,0.08000000000000007,True,0.005049250338342972
e10_primitive_bridge:5:25,5,oracle_probs_full,0,1.05,0.050000000000000044,True,0.004988913481546316
e10_primitive_bridge:5:25,5,oracle_probs_full,1,1.08,0.08000000000000007,True,0.003921215562217367
e10_primitive_bridge:5:25,5,oracle_probs_only,0,1.17,0.16999999999999993,True,0.002338755582735874
e10_primitive_bridge:5:25,5,oracle_probs_only,1,1.1600000000000001,0.16000000000000014,True,0.003108389350068195
e10_primitive_bridge:5:26,5,bayes,0,1.15,0.1499999999999999,True,0.0004413672127395427
e10_primitive_bridge:5:26,5,bayes,1,1.15,0.1499999999999999,True,0.0005018587061232859
e10_primitive_bridge:5:26,5,counts,0,1.04,0.040000000000000036,True,0.0034863875252625575
e10_primitive_bridge:5:26,5,counts,1,1.06,0.06000000000000005,True,0.002855205080214694
e10_primitive_bridge:5:26,5,oracle_probs_full,0,1.07,0.07000000000000006,True,0.0009215548461605506
e10_primitive_bridge:5:26,5,oracle_probs_full,1,1.06,0.06000000000000005,True,0.0009707823038397872
e10_primitive_bridge:5:26,5,oracle_probs_only,0,1.13,0.1299999999999999,True,0.003124776451257473
e10_primitive_bridge:5:26,5,oracle_probs_only,1,1.13,0.1299999999999999,True,0.003246719656044836
e10_primitive_bridge:5:27,5,bayes,0,1.06,0.06000000000000005,True,0.005272196846990613
e10_primitive_bridge:5:27,5,bayes,1,1.06,0.06000000000000005,True,0.005058597701387195
e10_primitive_bridge:5:27,5,counts,0,1.17,0.16999999999999993,True,0.052272154213685584
e10_primitive_bridge:5:27,5,counts,1,1.15,0.1499999999999999,True,0.049265642018020576
e10_primitive_bridge:5:27,5,oracle_probs_full,0,1.08,0.08000000000000007,True,0.0007182492367874717
e10_primitive_bridge:5:27,5,oracle_probs_full,1,1.1,0.10000000000000009,True,0.0004117184547169782
e10_primitive_bridge:5:27,5,oracle_probs_only,0,1.28,0.28,True,0.0011024421347245828
e10_primitive_bridge:5:27,5,oracle_probs_only,1,1.24,0.24,True,0.0009241810033439503
e10_primitive_bridge:5:28,5,bayes,0,0.95,0.050000000000000044,True,0.0305214823588513
e10_primitive_bridge:5:28,5,bayes,1,0.98,0.020000000000000018,True,0.02739288750190812
e10_primitive_bridge:5:28,5,counts,0,1.05,0.050000000000000044,True,0.042129397938607864
e10_primitive_bridge:5:28,5,counts,1,0.9700000000000001,0.029999999999999916,True,0.04363033481533864
e10_primitive_bridge:5:28,5,oracle_probs_full,0,0.9900000000000001,0.009999999999999898,True,0.004498005478578341
e10_primitive_bridge:5:28,5,oracle_probs_full,1,0.9700000000000001,0.029999999999999916,True,0.005116747616054479
e10_primitive_bridge:5:28,5,oracle_probs_only,0,1.1400000000000001,0.14000000000000012,True,0.010889896207596596
e10_primitive_bridge:5:28,5,oracle_probs_only,1,1.12,0.1200000000000001,True,0.01010064222104091
e10_primitive_bridge:5:29,5,bayes,0,1.06,0.06000000000000005,True,0.0005439744842005406
e10_primitive_bridge:5:29,5,bayes,1,1.06,0.06000000000000005,True,0.0005439744842005406
e10_primitive_bridge:5:29,5,counts,0,1.03,0.030000000000000027,True,0.0006660123859877334
e10_primitive_bridge:5:29,5,counts,1,1.02,0.020000000000000018,True,0.0006609856960343042
e10_primitive_bridge:5:29,5,oracle_probs_full,0,1.0699999999999998,0.06999999999999984,True,0.0019294204562834171
e10_primitive_bridge:5:29,5,oracle_probs_full,1,1.0799999999999998,0.07999999999999985,True,0.0022876827869841043
e10_primitive_bridge:5:29,5,oracle_probs_only,0,1.1400000000000001,0.14000000000000012,True,0.007374787683821463
e10_primitive_bridge:5:29,5,oracle_probs_only,1,1.1300000000000001,0.13000000000000012,True,0.007569518332816122
e10_primitive_bridge:5:3,5,bayes,0,1.09,0.09000000000000008,True,0.0010751540560618037
e10_primitive_bridge:5:3,5,bayes,1,1.11,0.1100000000000001,True,0.0013748962376900792
e10_primitive_bridge:5:3,5,counts,0,1.04,0.040000000000000036,True,0.00047831804332885985
e10_primitive_bridge:5:3,5,counts,1,1.06,0.06000000000000005,True,0.0007352765219942016
e10_primitive_bridge:5:3,5,oracle_probs_full,0,1.09,0.09000000000000008,True,0.002783342223723083
e10_primitive_bridge:5:3,5,oracle_probs_full,1,1.09,0.09000000000000008,True,0.002783342223723083
e10_primitive_bridge:5:3,5,oracle_probs_only,0,1.17,0.16999999999999993,True,0.009866327848887187
e10_primitive_bridge:5:3,5,oracle_probs_only,1,1.17,0.16999999999999993,True,0.00873621653218511
e10_primitive_bridge:5:4,5,bayes,0,1.22,0.21999999999999997,True,0.001596226296149314
e10_primitive_bridge:5:4,5,bayes,1,1.19,0.18999999999999995,True,0.001307272159286639
e10_primitive_bridge:5:4,5,counts,0,1.06,0.06000000000000005,True,0.09107299108296159
e10_primitive_bridge:5:4,5,counts,1,1.1,0.10000000000000009,True,0.09240899762752218
e10_primitive_bridge:5:4,5,oracle_probs_full,0,1.13,0.1299999999999999,True,0.0013875389860753978
e10_primitive_bridge:5:4,5,oracle_probs_full,1,1.1199999999999999,0.11999999999999988,True,0.0015317119034250677
e10_primitive_bridge:5:4,5,oracle_probs_only,0,1.2,0.19999999999999996,True,0.0017971341051557406
e10_primitive_bridge:5:4,5,oracle_probs_only,1,1.22,0.21999999999999997,True,0.0025461981367111445
e10_primitive_bridge:5:5,5,bayes,0,1.1400000000000001,0.14000000000000012,True,0.030345311376924856
e10_primitive_bridge:5:5,5,bayes,1,1.14,0.1399999999999999,True,0.03308212886462946
e10_primitive_bridge:5:5,5,counts,0,1.05,0.050000000000000044,True,0.04331527165673317
e10_primitive_bridge:5:5,5,counts,1,1.07,0.07000000000000006,True,0.03934065534126704
e10_primitive_bridge:5:5,5,oracle_probs_full,0,1.09,0.09000000000000008,True,0.0038347491729014568
e10_primitive_bridge:5:5,5,oracle_probs_full,1,1.08,0.08000000000000007,True,0.003678915914439236
e10_primitive_bridge:5:5,5,oracle_probs_only,0,1.15,0.1499999999999999,True,0.004725301967537943
e10_primitive_bridge:5:5,5,oracle_probs_only,1,1.16,0.15999999999999992,True,0.005181834224503317
e10_primitive_bridge:5:6,5,bayes,0,1.1400000000000001,0.14000000000000012,True,0.004343566796754646
e10_primitive_bridge:5:6,5,bayes,1,1.1400000000000001,0.14000000000000012,True,0.004343566796754646
e10_primitive_bridge:5:6,5,counts,0,0.9900000000000001,0.009999999999999898,True,0.009274581744540806
e10_primitive_bridge:5:6,5,counts,1,0.9500000000000001,0.04999999999999993,True,0.009206009419864925
e10_primitive_bridge:5:6,5,oracle_probs_full,0,1.08,0.08000000000000007,True,0.0017152058430469502
e10_primitive_bridge:5:6,5,oracle_probs_full,1,1.07,0.07000000000000006,True,0.002562699338814933
e10_primitive_bridge:5:6,5,oracle_probs_only,0,1.1400000000000001,0.14000000000000012,True,0.0017922029091267649
e10_primitive_bridge:5:6,5,oracle_probs_only,1,1.1300000000000001,0.13000000000000012,True,0.0017547358113619883
e10_primitive_bridge:5:7,5,bayes,0,1.18,0.17999999999999994,True,0.0029404092465612802
e10_primitive_bridge:5:7,5,bayes,1,1.19,0.18999999999999995,True,0.0015142481676858421
e10_primitive_bridge:5:7,5,counts,0,1.0300000000000002,0.03000000000000025,True,0.006367068750497615
e10_primitive_bridge:5:7,5,counts,1,1.05,0.050000000000000044,True,0.005841660739446306
e10_primitive_bridge:5:7,5,oracle_probs_full,0,1.1300000000000001,0.13000000000000012,True,0.001152084200356274
e10_primitive_bridge:5:7,5,oracle_probs_full,1,1.1300000000000001,0.13000000000000012,True,0.0010392544215324935
e10_primitive_bridge:5:7,5,oracle_probs_only,0,1.24,0.24,True,0.001300514230036421
e10_primitive_bridge:5:7,5,oracle_probs_only,1,1.24,0.24,True,0.0011766665954366367
e10_primitive_bridge:5:8,5,bayes,0,1.09,0.09000000000000008,True,0.0006288656419620875
e10_primitive_bridge:5:8,5,bayes,1,1.11,0.1100000000000001,True,0.0011669495579921525
e10_primitive_bridge:5:8,5,counts,0,1.06,0.06000000000000005,True,0.0014537024222072024
e10_primitive_bridge:5:8,5,counts,1,1.05,0.050000000000000044,True,0.0012034739876689645
e10_primitive_bridge:5:8,5,oracle_probs_full,0,1.07,0.07000000000000006,True,0.00225684179456459
e10_primitive_bridge:5:8,5,oracle_probs_full,1,1.07,0.07000000000000006,True,0.0017218872653349936
e10_primitive_bridge:5:8,5,oracle_probs_only,0,1.1400000000000001,0.14000000000000012,True,0.006093111890302151
e10_primitive_bridge:5:8,5,oracle_probs_only,1,1.1500000000000001,0.15000000000000013,True,0.0078084039574976335
e10_primitive_bridge:5:9,5,bayes,0,1.1,0.10000000000000009,True,0.028641579639063153
e10_primitive_bridge:5:9,5,bayes,1,1.1500000000000001,0.15000000000000013,True,0.022474901677945316
e10_primitive_bridge:5:9,5,counts,0,1.04,0.040000000000000036,True,0.04027052234444164
e10_primitive_bridge:5:9,5,counts,1,1.1,0.10000000000000009,True,0.034120893002601946
e10_primitive_bridge:5:9,5,oracle_probs_full,0,1.09,0.09000000000000008,True,0.005760341747217973
e10_primitive_bridge:5:9,5,oracle_probs_full,1,1.09,0.09000000000000008,True,0.005760341747217973
e10_primitive_bridge:5:9,5,oracle_probs_only,0,1.1600000000000001,0.16000000000000014,True,0.008983924236224971
e10_primitive_bridge:5:9,5,oracle_probs_only,1,1.1800000000000002,0.18000000000000016,True,0.008993910320635134
