experiment,family,k,horizon,policy,metric,mean,ci_low,ci_high,n,n_metric_missing
e3_exact_online,prior,2,20,bayes_direct,pseudo_regret,0.9443007383407374,0.7768168051200549,1.1276171386756961,200,0
e3_exact_online,prior,2,20,bayes_direct,reward,12.23,11.525,12.93,200,0
e3_exact_online,prior,2,20,bayes_direct,exact_loss,0.06488700468448272,0.046447305919063285,0.08522573377496655,200,0
e3_exact_online,prior,2,20,bayes_direct,optimal_agreement,0.90875,0.8865000000000001,0.9289999999999999,200,0
e3_exact_online,prior,2,20,bayes_direct,posterior_mean_greedy,0.99775,0.99525,0.9995,200,0
e3_exact_online,prior,2,20,bayes_direct,unseen_fraction,0.08800000000000001,0.08475000000000002,0.091,200,0
e3_exact_online,prior,2,20,bayes_direct,switches,2.515,2.0648750000000002,2.995,200,0
e3_exact_online,prior,2,20,bayes_direct,arms_visited,1.76,1.7,1.82,200,0
e3_exact_online,prior,2,20,bayes_direct,best_arm_fraction,0.7617499999999999,0.7155000000000001,0.8054999999999999,200,0
e3_exact_online,prior,2,20,bayes_direct,suffix_failure,0.045,0.02,0.075,200,0
e3_exact_online,prior,2,20,bayes_direct,choice_mismatch_fraction,0.0,0.0,0.0,200,0
e3_exact_online,prior,2,20,bayes_sample,pseudo_regret,1.3441671305355003,1.1984744341902345,1.4990465512127165,200,0
e3_exact_online,prior,2,20,bayes_sample,reward,11.67,10.964875,12.335125,200,0
e3_exact_online,prior,2,20,bayes_sample,exact_loss,0.4152136289490757,0.3631397218706882,0.46903629629258375,200,0
e3_exact_online,prior,2,20,bayes_sample,optimal_agreement,0.8652500000000001,0.8477437499999999,0.88125,200,0
e3_exact_online,prior,2,20,bayes_sample,posterior_mean_greedy,0.899,0.889,0.90875,200,0
e3_exact_online,prior,2,20,bayes_sample,unseen_fraction,0.09849999999999999,0.09725,0.0995,200,0
e3_exact_online,prior,2,20,bayes_sample,switches,5.295,4.87,5.72,200,0
e3_exact_online,prior,2,20,bayes_sample,arms_visited,1.97,1.945,1.99,200,0
e3_exact_online,prior,2,20,bayes_sample,best_arm_fraction,0.71875,0.68375,0.7525,200,0
e3_exact_online,prior,2,20,bayes_sample,suffix_failure,0.01,0.0,0.025,200,0
e3_exact_online,prior,2,20,bayes_sample,choice_mismatch_fraction,0.0,0.0,0.0,200,0
e3_exact_online,prior,2,20,bayes_ucb,pseudo_regret,0.9114588267564634,0.7959634889092129,1.0332678778270628,200,0
e3_exact_online,prior,2,20,bayes_ucb,reward,12.225,11.495,12.925,200,0
e3_exact_online,prior,2,20,bayes_ucb,exact_loss,0.058033259269735786,0.04624041044785941,0.07072383963238356,200,0
e3_exact_online,prior,2,20,bayes_ucb,optimal_agreement,0.95175,0.9440000000000001,0.9590000000000001,200,0
e3_exact_online,prior,2,20,bayes_ucb,posterior_mean_greedy,0.9484999999999999,0.9394999999999999,0.9570000000000001,200,0
e3_exact_online,prior,2,20,bayes_ucb,unseen_fraction,0.09425,0.092,0.09625000000000002,200,0
e3_exact_online,prior,2,20,bayes_ucb,switches,3.305,2.87,3.77,200,0
e3_exact_online,prior,2,20,bayes_ucb,arms_visited,1.885,1.84,1.925,200,0
e3_exact_online,prior,2,20,bayes_ucb,best_arm_fraction,0.7827500000000001,0.74925,0.81475,200,0
e3_exact_online,prior,2,20,bayes_ucb,suffix_failure,0.005,0.0,0.015,200,0
e3_exact_online,prior,2,20,counts_direct,pseudo_regret,0.9945707596416122,0.7916887771356774,1.2170674814979285,200,0
e3_exact_online,prior,2,20,counts_direct,reward,12.12,11.399875,12.81,200,0
e3_exact_online,prior,2,20,counts_direct,exact_loss,0.18517007049668943,0.1419366291429424,0.23256748736939212,200,0
e3_exact_online,prior,2,20,counts_direct,optimal_agreement,0.83175,0.7977500000000001,0.86525625,200,0
e3_exact_online,prior,2,20,counts_direct,posterior_mean_greedy,0.9677500000000001,0.95825,0.97625,200,0
e3_exact_online,prior,2,20,counts_direct,unseen_fraction,0.08,0.07675,0.08324999999999999,200,0
e3_exact_online,prior,2,20,counts_direct,switches,2.23,1.765,2.7301249999999984,200,0
e3_exact_online,prior,2,20,counts_direct,arms_visited,1.6,1.535,1.67,200,0
e3_exact_online,prior,2,20,counts_direct,best_arm_fraction,0.7555,0.7077500000000001,0.8002499999999999,200,0
e3_exact_online,prior,2,20,counts_direct,suffix_failure,0.08,0.045,0.12,200,0
e3_exact_online,prior,2,20,counts_direct,choice_mismatch_fraction,0.0,0.0,0.0,200,0
e3_exact_online,prior,2,20,counts_sample,pseudo_regret,1.369294564229735,1.220488982179097,1.5267254155340788,200,0
e3_exact_online,prior,2,20,counts_sample,reward,11.735,11.05,12.395,200,0
e3_exact_online,prior,2,20,counts_sample,exact_loss,0.48902452577676214,0.4281825648071564,0.5515966074997586,200,0
e3_exact_online,prior,2,20,counts_sample,optimal_agreement,0.83975,0.82,0.8590000000000001,200,0
e3_exact_online,prior,2,20,counts_sample,posterior_mean_greedy,0.88375,0.8719999999999999,0.8955,200,0
e3_exact_online,prior,2,20,counts_sample,unseen_fraction,0.09799999999999999,0.0965,0.09925,200,0
e3_exact_online,prior,2,20,counts_sample,switches,5.005,4.575,5.46,200,0
e3_exact_online,prior,2,20,counts_sample,arms_visited,1.96,1.93,1.985,200,0
e3_exact_online,prior,2,20,counts_sample,best_arm_fraction,0.7122499999999999,0.67625,0.7469999999999999,200,0
e3_exact_online,prior,2,20,counts_sample,suffix_failure,0.0,0.0,0.0,200,0
e3_exact_online,prior,2,20,counts_sample,choice_mismatch_fraction,0.0,0.0,0.0,200,0
e3_exact_online,prior,2,20,dp_direct,pseudo_regret,0.8917361902585756,0.7582452073678115,1.034816239839231,200,0
e3_exact_online,prior,2,20,dp_direct,reward,12.275,11.56,12.995,200,0
e3_exact_online,prior,2,20,dp_direct,exact_loss,0.0,0.0,0.0,200,0
e3_exact_online,prior,2,20,dp_direct,optimal_agreement,1.0,1.0,1.0,200,0
e3_exact_online,prior,2,20,dp_direct,posterior_mean_greedy,0.96675,0.95975,0.9734999999999999,200,0
e3_exact_online,prior,2,20,dp_direct,unseen_fraction,0.0925,0.09,0.095,200,0
e3_exact_online,prior,2,20,dp_direct,switches,3.05,2.59,3.54,200,0
e3_exact_online,prior,2,20,dp_direct,arms_visited,1.85,1.8,1.895,200,0
e3_exact_online,prior,2,20,dp_direct,best_arm_fraction,0.7692499999999999,0.7277437499999999,0.8094999999999999,200,0
e3_exact_online,prior,2,20,dp_direct,suffix_failure,0.025,0.005,0.05,200,0
e3_exact_online,prior,2,20,dp_direct,choice_mismatch_fraction,0.0,0.0,0.0,200,0
e3_exact_online,prior,2,20,exact,pseudo_regret,0.8791479861547816,0.751048352796495,1.015056648240806,200,0
e3_exact_online,prior,2,20,exact,reward,12.3,11.58,13.015,200,0
e3_exact_online,prior,2,20,exact,exact_loss,0.0,0.0,0.0,200,0
e3_exact_online,prior,2,20,exact,optimal_agreement,1.0,1.0,1.0,200,0
e3_exact_online,prior,2,20,exact,posterior_mean_greedy,0.96875,0.9620000000000001,0.9747499999999999,200,0
e3_exact_online,prior,2,20,exact,unseen_fraction,0.09225,0.08975,0.09475,200,0
e3_exact_online,prior,2,20,exact,switches,2.74,2.365,3.14,200,0
e3_exact_online,prior,2,20,exact,arms_visited,1.845,1.795,1.895,200,0
e3_exact_online,prior,2,20,exact,best_arm_fraction,0.7692499999999999,0.7265,0.8089999999999999,200,0
e3_exact_online,prior,2,20,exact,suffix_failure,0.03,0.01,0.055,200,0
e3_exact_online,prior,2,20,finite_ap_index,pseudo_regret,0.8711276021732153,0.7337953381231048,1.01610261458146,200,0
e3_exact_online,prior,2,20,finite_ap_index,reward,12.28,11.565,12.98,200,0
e3_exact_online,prior,2,20,finite_ap_index,exact_loss,0.00164330233376905,0.0010820771895768205,0.002285822802342281,200,0
e3_exact_online,prior,2,20,finite_ap_index,optimal_agreement,0.98375,0.97875,0.9884999999999999,200,0
e3_exact_online,prior,2,20,finite_ap_index,posterior_mean_greedy,0.97625,0.9702500000000001,0.9815,200,0
e3_exact_online,prior,2,20,finite_ap_index,unseen_fraction,0.09125,0.08850000000000001,0.09375,200,0
e3_exact_online,prior,2,20,finite_ap_index,switches,2.53,2.145,2.93,200,0
e3_exact_online,prior,2,20,finite_ap_index,arms_visited,1.825,1.77,1.875,200,0
e3_exact_online,prior,2,20,finite_ap_index,best_arm_fraction,0.7667499999999999,0.7245,0.8075,200,0
e3_exact_online,prior,2,20,finite_ap_index,suffix_failure,0.025,0.005,0.05,200,0
e3_exact_online,prior,2,20,finite_ap_index,index_ambiguous_ranking_fraction,0.0,0.0,0.0,200,0
e3_exact_online,prior,2,20,greedy,pseudo_regret,0.7778416463080692,0.6293628052759691,0.9375654460918035,200,0
e3_exact_online,prior,2,20,greedy,reward,12.355,11.64,13.065,200,0
e3_exact_online,prior,2,20,greedy,exact_loss,0.06234919397565641,0.045839700217802364,0.08175280442892494,200,0
e3_exact_online,prior,2,20,greedy,optimal_agreement,0.90375,0.8825,0.92425,200,0
e3_exact_online,prior,2,20,greedy,posterior_mean_greedy,1.0,1.0,1.0,200,0
e3_exact_online,prior,2,20,greedy,unseen_fraction,0.08574999999999999,0.0825,0.08875,200,0
e3_exact_online,prior,2,20,greedy,switches,2.155,1.775,2.57,200,0
e3_exact_online,prior,2,20,greedy,arms_visited,1.715,1.654875,1.775,200,0
e3_exact_online,prior,2,20,greedy,best_arm_fraction,0.7935000000000001,0.7515000000000001,0.8334999999999999,200,0
e3_exact_online,prior,2,20,greedy,suffix_failure,0.02,0.005,0.04,200,0
e3_exact_online,prior,2,20,ids,pseudo_regret,0.9027111365132118,0.7777234420484933,1.0340458570096194,200,0
e3_exact_online,prior,2,20,ids,reward,12.265,11.56,12.975,200,0
e3_exact_online,prior,2,20,ids,exact_loss,0.036150705415568446,0.02670062599286107,0.04594945996928227,200,0
e3_exact_online,prior,2,20,ids,optimal_agreement,0.9640000000000001,0.9572499999999999,0.9704999999999999,200,0
e3_exact_online,prior,2,20,ids,posterior_mean_greedy,0.95525,0.9475,0.9627500000000001,200,0
e3_exact_online,prior,2,20,ids,unseen_fraction,0.09275,0.09025,0.095,200,0
e3_exact_online,prior,2,20,ids,switches,3.07,2.65,3.51,200,0
e3_exact_online,prior,2,20,ids,arms_visited,1.855,1.805,1.9,200,0
e3_exact_online,prior,2,20,ids,best_arm_fraction,0.7705000000000001,0.73224375,0.80625,200,0
e3_exact_online,prior,2,20,ids,suffix_failure,0.02,0.005,0.04,200,0
e3_exact_online,prior,2,20,knowledge_gradient,pseudo_regret,0.9453189222755647,0.808490395630937,1.0914961693031204,200,0
e3_exact_online,prior,2,20,knowledge_gradient,reward,12.2,11.499875,12.9,200,0
e3_exact_online,prior,2,20,knowledge_gradient,exact_loss,0.03159859089912234,0.02342342154571107,0.04035849494553181,200,0
e3_exact_online,prior,2,20,knowledge_gradient,optimal_agreement,0.9534999999999999,0.9407499999999999,0.9655000000000001,200,0
e3_exact_online,prior,2,20,knowledge_gradient,posterior_mean_greedy,0.9332499999999999,0.9192500000000001,0.94625,200,0
e3_exact_online,prior,2,20,knowledge_gradient,unseen_fraction,0.0925,0.09,0.09475000000000001,200,0
e3_exact_online,prior,2,20,knowledge_gradient,switches,3.1,2.61,3.6001249999999985,200,0
e3_exact_online,prior,2,20,knowledge_gradient,arms_visited,1.85,1.8,1.9,200,0
e3_exact_online,prior,2,20,knowledge_gradient,best_arm_fraction,0.76725,0.72775,0.8059999999999999,200,0
e3_exact_online,prior,2,20,knowledge_gradient,suffix_failure,0.03,0.01,0.055,200,0
e3_exact_online,prior,2,20,random,pseudo_regret,3.4190960535777184,3.091996861421621,3.760237463295131,200,0
e3_exact_online,prior,2,20,random,reward,9.7,9.064874999999999,10.33,200,0
e3_exact_online,prior,2,20,random,exact_loss,2.510542258033877,2.2902581335417707,2.737659083097104,200,0
e3_exact_online,prior,2,20,random,optimal_agreement,0.54875,0.5327500000000001,0.565,200,0
e3_exact_online,prior,2,20,random,posterior_mean_greedy,0.5539999999999999,0.53749375,0.5705,200,0
e3_exact_online,prior,2,20,random,unseen_fraction,0.1,0.1,0.1,200,0
e3_exact_online,prior,2,20,random,switches,9.195,8.895,9.495,200,0
e3_exact_online,prior,2,20,random,arms_visited,2.0,2.0,2.0,200,0
e3_exact_online,prior,2,20,random,best_arm_fraction,0.49375,0.47825,0.50925,200,0
e3_exact_online,prior,2,20,random,suffix_failure,0.0,0.0,0.0,200,0
e3_exact_online,prior,2,20,ts,pseudo_regret,1.4557073421677404,1.3114210344385773,1.6089115012112485,200,0
e3_exact_online,prior,2,20,ts,reward,11.605,10.92,12.3,200,0
e3_exact_online,prior,2,20,ts,exact_loss,0.5025147587487888,0.45877480337168086,0.5470385362447848,200,0
e3_exact_online,prior,2,20,ts,optimal_agreement,0.8107500000000001,0.7927500000000001,0.82825,200,0
e3_exact_online,prior,2,20,ts,posterior_mean_greedy,0.8269999999999998,0.8109999999999999,0.8419999999999999,200,0
e3_exact_online,prior,2,20,ts,unseen_fraction,0.1,0.1,0.1,200,0
e3_exact_online,prior,2,20,ts,switches,5.71,5.295,6.13,200,0
e3_exact_online,prior,2,20,ts,arms_visited,2.0,2.0,2.0,200,0
e3_exact_online,prior,2,20,ts,best_arm_fraction,0.69625,0.6644999999999999,0.7277499999999999,200,0
e3_exact_online,prior,2,20,ts,suffix_failure,0.0,0.0,0.0,200,0
e3_exact_online,prior,2,20,ucb1,pseudo_regret,1.843174837208616,1.7112172741412255,1.9752589723423875,200,0
e3_exact_online,prior,2,20,ucb1,reward,11.255,10.595,11.915,200,0
e3_exact_online,prior,2,20,ucb1,exact_loss,0.9325280647608268,0.8656865360554686,0.9997458539489954,200,0
e3_exact_online,prior,2,20,ucb1,optimal_agreement,0.7609999999999999,0.7467500000000001,0.775,200,0
e3_exact_online,prior,2,20,ucb1,posterior_mean_greedy,0.75125,0.7369999999999999,0.765,200,0
e3_exact_online,prior,2,20,ucb1,unseen_fraction,0.1,0.1,0.1,200,0
e3_exact_online,prior,2,20,ucb1,switches,9.215,8.83,9.6,200,0
e3_exact_online,prior,2,20,ucb1,arms_visited,2.0,2.0,2.0,200,0
e3_exact_online,prior,2,20,ucb1,best_arm_fraction,0.6625,0.6445000000000001,0.6809999999999999,200,0
e3_exact_online,prior,2,20,ucb1,suffix_failure,0.0,0.0,0.0,200,0
pilot,clear,2,20,bayes_direct,pseudo_regret,0.13333333333333333,0.0,0.39999999999999997,3,0
pilot,clear,2,20,bayes_direct,reward,12.333333333333334,9.0,16.0,3,0
pilot,clear,2,20,bayes_direct,posterior_mean_greedy,1.0,1.0,1.0,3,0
pilot,clear,2,20,bayes_direct,unseen_fraction,0.06666666666666667,0.05000000000000001,0.10000000000000002,3,0
pilot,clear,2,20,bayes_direct,switches,0.6666666666666666,0.0,2.0,3,0
pilot,clear,2,20,bayes_direct,arms_visited,1.3333333333333333,1.0,2.0,3,0
pilot,clear,2,20,bayes_direct,best_arm_fraction,0.9833333333333334,0.9499999999999998,1.0,3,0
pilot,clear,2,20,bayes_direct,suffix_failure,0.0,0.0,0.0,3,0
pilot,clear,2,20,bayes_direct,choice_mismatch_fraction,0.0,0.0,0.0,3,0
pilot,clear,2,20,bayes_sample,pseudo_regret,1.0666666666666667,0.39999999999999997,1.5999999999999999,3,0
pilot,clear,2,20,bayes_sample,reward,11.0,8.0,15.0,3,0
pilot,clear,2,20,bayes_sample,posterior_mean_greedy,0.8833333333333333,0.85,0.9499999999999998,3,0
pilot,clear,2,20,bayes_sample,unseen_fraction,0.10000000000000002,0.10000000000000002,0.10000000000000002,3,0
pilot,clear,2,20,bayes_sample,switches,4.666666666666667,2.0,6.0,3,0
pilot,clear,2,20,bayes_sample,arms_visited,2.0,2.0,2.0,3,0
pilot,clear,2,20,bayes_sample,best_arm_fraction,0.8666666666666666,0.8000000000000002,0.9499999999999998,3,0
pilot,clear,2,20,bayes_sample,suffix_failure,0.0,0.0,0.0,3,0
pilot,clear,2,20,bayes_sample,choice_mismatch_fraction,0.0,0.0,0.0,3,0
pilot,clear,2,20,bayes_ucb,pseudo_regret,0.6666666666666666,0.39999999999999997,0.7999999999999999,3,0
pilot,clear,2,20,bayes_ucb,reward,11.333333333333334,8.0,15.0,3,0
pilot,clear,2,20,bayes_ucb,posterior_mean_greedy,0.9500000000000001,0.9,1.0,3,0
pilot,clear,2,20,bayes_ucb,unseen_fraction,0.10000000000000002,0.10000000000000002,0.10000000000000002,3,0
pilot,clear,2,20,bayes_ucb,switches,2.6666666666666665,1.0,4.0,3,0
pilot,clear,2,20,bayes_ucb,arms_visited,2.0,2.0,2.0,3,0
pilot,clear,2,20,bayes_ucb,best_arm_fraction,0.9166666666666666,0.9,0.9499999999999998,3,0
pilot,clear,2,20,bayes_ucb,suffix_failure,0.0,0.0,0.0,3,0
pilot,clear,2,20,counts_direct,pseudo_regret,0.13333333333333333,0.0,0.39999999999999997,3,0
pilot,clear,2,20,counts_direct,reward,12.333333333333334,9.0,16.0,3,0
pilot,clear,2,20,counts_direct,posterior_mean_greedy,0.9666666666666667,0.9,1.0,3,0
pilot,clear,2,20,counts_direct,unseen_fraction,0.06666666666666667,0.05000000000000001,0.10000000000000002,3,0
pilot,clear,2,20,counts_direct,switches,0.6666666666666666,0.0,2.0,3,0
pilot,clear,2,20,counts_direct,arms_visited,1.3333333333333333,1.0,2.0,3,0
pilot,clear,2,20,counts_direct,best_arm_fraction,0.9833333333333334,0.9499999999999998,1.0,3,0
pilot,clear,2,20,counts_direct,suffix_failure,0.0,0.0,0.0,3,0
pilot,clear,2,20,counts_direct,choice_mismatch_fraction,0.0,0.0,0.0,3,0
pilot,clear,2,20,counts_sample,pseudo_regret,0.5333333333333333,0.39999999999999997,0.7999999999999999,3,0
pilot,clear,2,20,counts_sample,reward,11.333333333333334,8.0,15.0,3,0
pilot,clear,2,20,counts_sample,posterior_mean_greedy,0.9333333333333332,0.9,0.9499999999999998,3,0
pilot,clear,2,20,counts_sample,unseen_fraction,0.10000000000000002,0.10000000000000002,0.10000000000000002,3,0
pilot,clear,2,20,counts_sample,switches,2.6666666666666665,2.0,4.0,3,0
pilot,clear,2,20,counts_sample,arms_visited,2.0,2.0,2.0,3,0
pilot,clear,2,20,counts_sample,best_arm_fraction,0.9333333333333332,0.9,0.9499999999999998,3,0
pilot,clear,2,20,counts_sample,suffix_failure,0.0,0.0,0.0,3,0
pilot,clear,2,20,counts_sample,choice_mismatch_fraction,0.0,0.0,0.0,3,0
pilot,clear,2,20,greedy,pseudo_regret,0.13333333333333333,0.0,0.39999999999999997,3,0
pilot,clear,2,20,greedy,reward,12.333333333333334,9.0,16.0,3,0
pilot,clear,2,20,greedy,posterior_mean_greedy,1.0,1.0,1.0,3,0
pilot,clear,2,20,greedy,unseen_fraction,0.06666666666666667,0.05000000000000001,0.10000000000000002,3,0
pilot,clear,2,20,greedy,switches,0.3333333333333333,0.0,1.0,3,0
pilot,clear,2,20,greedy,arms_visited,1.3333333333333333,1.0,2.0,3,0
pilot,clear,2,20,greedy,best_arm_fraction,0.9833333333333334,0.9499999999999998,1.0,3,0
pilot,clear,2,20,greedy,suffix_failure,0.0,0.0,0.0,3,0
pilot,clear,2,20,ids,pseudo_regret,0.5333333333333333,0.39999999999999997,0.7999999999999999,3,0
pilot,clear,2,20,ids,reward,11.333333333333334,8.0,15.0,3,0
pilot,clear,2,20,ids,posterior_mean_greedy,0.9833333333333334,0.9499999999999998,1.0,3,0
pilot,clear,2,20,ids,unseen_fraction,0.10000000000000002,0.10000000000000002,0.10000000000000002,3,0
pilot,clear,2,20,ids,switches,1.6666666666666667,1.0,3.0,3,0
pilot,clear,2,20,ids,arms_visited,2.0,2.0,2.0,3,0
pilot,clear,2,20,ids,best_arm_fraction,0.9333333333333332,0.9,0.9499999999999998,3,0
pilot,clear,2,20,ids,suffix_failure,0.0,0.0,0.0,3,0
pilot,clear,2,20,knowledge_gradient,pseudo_regret,0.5333333333333333,0.39999999999999997,0.7999999999999999,3,0
pilot,clear,2,20,knowledge_gradient,reward,11.333333333333334,8.0,15.0,3,0
pilot,clear,2,20,knowledge_gradient,posterior_mean_greedy,0.9666666666666667,0.9499999999999998,1.0,3,0
pilot,clear,2,20,knowledge_gradient,unseen_fraction,0.10000000000000002,0.10000000000000002,0.10000000000000002,3,0
pilot,clear,2,20,knowledge_gradient,switches,2.0,1.0,3.0,3,0
pilot,clear,2,20,knowledge_gradient,arms_visited,2.0,2.0,2.0,3,0
pilot,clear,2,20,knowledge_gradient,best_arm_fraction,0.9333333333333332,0.9,0.9499999999999998,3,0
pilot,clear,2,20,knowledge_gradient,suffix_failure,0.0,0.0,0.0,3,0
pilot,clear,2,20,random,pseudo_regret,4.8,4.8,4.8,3,0
pilot,clear,2,20,random,reward,9.0,8.0,10.0,3,0
pilot,clear,2,20,random,posterior_mean_greedy,0.43333333333333335,0.4000000000000001,0.45,3,0
pilot,clear,2,20,random,unseen_fraction,0.10000000000000002,0.10000000000000002,0.10000000000000002,3,0
pilot,clear,2,20,random,switches,8.0,7.0,9.0,3,0
pilot,clear,2,20,random,arms_visited,2.0,2.0,2.0,3,0
pilot,clear,2,20,random,best_arm_fraction,0.4000000000000001,0.4000000000000001,0.4000000000000001,3,0
pilot,clear,2,20,random,suffix_failure,0.0,0.0,0.0,3,0
pilot,clear,2,20,ts,pseudo_regret,1.2,0.7999999999999999,1.5999999999999999,3,0
pilot,clear,2,20,ts,reward,10.666666666666666,8.0,14.0,3,0
pilot,clear,2,20,ts,posterior_mean_greedy,0.8833333333333333,0.85,0.9,3,0
pilot,clear,2,20,ts,unseen_fraction,0.10000000000000002,0.10000000000000002,0.10000000000000002,3,0
pilot,clear,2,20,ts,switches,4.666666666666667,3.0,7.0,3,0
pilot,clear,2,20,ts,arms_visited,2.0,2.0,2.0,3,0
pilot,clear,2,20,ts,best_arm_fraction,0.85,0.8000000000000002,0.9,3,0
pilot,clear,2,20,ts,suffix_failure,0.0,0.0,0.0,3,0
pilot,clear,2,20,ucb1,pseudo_regret,1.8666666666666665,1.2,2.7999999999999994,3,0
pilot,clear,2,20,ucb1,reward,10.333333333333334,7.0,14.0,3,0
pilot,clear,2,20,ucb1,posterior_mean_greedy,0.7999999999999999,0.6999999999999998,0.85,3,0
pilot,clear,2,20,ucb1,unseen_fraction,0.10000000000000002,0.10000000000000002,0.10000000000000002,3,0
pilot,clear,2,20,ucb1,switches,8.0,6.0,11.0,3,0
pilot,clear,2,20,ucb1,arms_visited,2.0,2.0,2.0,3,0
pilot,clear,2,20,ucb1,best_arm_fraction,0.7666666666666667,0.65,0.85,3,0
pilot,clear,2,20,ucb1,suffix_failure,0.0,0.0,0.0,3,0
pilot,clear,5,20,bayes_direct,pseudo_regret,4.8,2.4,7.999999999999999,3,0
pilot,clear,5,20,bayes_direct,reward,8.333333333333334,5.0,13.0,3,0
pilot,clear,5,20,bayes_direct,posterior_mean_greedy,0.8666666666666667,0.65,1.0,3,0
pilot,clear,5,20,bayes_direct,unseen_fraction,0.18333333333333335,0.15,0.25,3,0
pilot,clear,5,20,bayes_direct,switches,4.333333333333333,2.0,7.0,3,0
pilot,clear,5,20,bayes_direct,arms_visited,3.6666666666666665,3.0,5.0,3,0
pilot,clear,5,20,bayes_direct,best_arm_fraction,0.39999999999999997,0.0,0.6999999999999998,3,0
pilot,clear,5,20,bayes_direct,suffix_failure,0.3333333333333333,0.0,1.0,3,0
pilot,clear,5,20,bayes_direct,choice_mismatch_fraction,0.0,0.0,0.0,3,0
pilot,clear,5,20,bayes_sample,pseudo_regret,3.866666666666666,3.1999999999999997,4.8,3,0
pilot,clear,5,20,bayes_sample,reward,10.0,5.0,13.0,3,0
pilot,clear,5,20,bayes_sample,posterior_mean_greedy,0.85,0.75,1.0,3,0
pilot,clear,5,20,bayes_sample,unseen_fraction,0.25,0.25,0.25,3,0
pilot,clear,5,20,bayes_sample,switches,7.0,5.0,8.0,3,0
pilot,clear,5,20,bayes_sample,arms_visited,5.0,5.0,5.0,3,0
pilot,clear,5,20,bayes_sample,best_arm_fraction,0.5166666666666667,0.4000000000000001,0.6,3,0
pilot,clear,5,20,bayes_sample,suffix_failure,0.0,0.0,0.0,3,0
pilot,clear,5,20,bayes_sample,choice_mismatch_fraction,0.0,0.0,0.0,3,0
pilot,clear,5,20,bayes_ucb,pseudo_regret,3.4666666666666663,2.7999999999999994,4.8,3,0
pilot,clear,5,20,bayes_ucb,reward,10.666666666666666,5.0,14.0,3,0
pilot,clear,5,20,bayes_ucb,posterior_mean_greedy,0.8166666666666668,0.65,0.9499999999999998,3,0
pilot,clear,5,20,bayes_ucb,unseen_fraction,0.2333333333333333,0.20000000000000004,0.25,3,0
pilot,clear,5,20,bayes_ucb,switches,7.333333333333333,3.0,13.0,3,0
pilot,clear,5,20,bayes_ucb,arms_visited,4.666666666666667,4.0,5.0,3,0
pilot,clear,5,20,bayes_ucb,best_arm_fraction,0.5666666666666668,0.4000000000000001,0.65,3,0
pilot,clear,5,20,bayes_ucb,suffix_failure,0.0,0.0,0.0,3,0
pilot,clear,5,20,counts_direct,pseudo_regret,3.9999999999999996,0.0,7.999999999999999,3,0
pilot,clear,5,20,counts_direct,reward,9.333333333333334,5.0,16.0,3,0
pilot,clear,5,20,counts_direct,posterior_mean_greedy,0.8333333333333334,0.65,1.0,3,0
pilot,clear,5,20,counts_direct,unseen_fraction,0.15,0.05000000000000001,0.25,3,0
pilot,clear,5,20,counts_direct,switches,2.6666666666666665,0.0,6.0,3,0
pilot,clear,5,20,counts_direct,arms_visited,3.0,1.0,5.0,3,0
pilot,clear,5,20,counts_direct,best_arm_fraction,0.5,0.0,1.0,3,0
pilot,clear,5,20,counts_direct,suffix_failure,0.3333333333333333,0.0,1.0,3,0
pilot,clear,5,20,counts_direct,choice_mismatch_fraction,0.0,0.0,0.0,3,0
pilot,clear,5,20,counts_sample,pseudo_regret,3.0666666666666664,0.0,4.8,3,0
pilot,clear,5,20,counts_sample,reward,11.0,5.0,16.0,3,0
pilot,clear,5,20,counts_sample,posterior_mean_greedy,0.7999999999999999,0.55,1.0,3,0
pilot,clear,5,20,counts_sample,unseen_fraction,0.18333333333333335,0.05000000000000001,0.25,3,0
pilot,clear,5,20,counts_sample,switches,7.0,0.0,12.0,3,0
pilot,clear,5,20,counts_sample,arms_visited,3.6666666666666665,1.0,5.0,3,0
pilot,clear,5,20,counts_sample,best_arm_fraction,0.6166666666666667,0.4000000000000001,1.0,3,0
pilot,clear,5,20,counts_sample,suffix_failure,0.0,0.0,0.0,3,0
pilot,clear,5,20,counts_sample,choice_mismatch_fraction,0.0,0.0,0.0,3,0
pilot,clear,5,20,greedy,pseudo_regret,2.933333333333333,1.2,3.9999999999999996,3,0
pilot,clear,5,20,greedy,reward,10.666666666666666,5.0,14.0,3,0
pilot,clear,5,20,greedy,posterior_mean_greedy,1.0,1.0,1.0,3,0
pilot,clear,5,20,greedy,unseen_fraction,0.2333333333333333,0.20000000000000004,0.25,3,0
pilot,clear,5,20,greedy,switches,6.333333333333333,4.0,10.0,3,0
pilot,clear,5,20,greedy,arms_visited,4.666666666666667,4.0,5.0,3,0
pilot,clear,5,20,greedy,best_arm_fraction,0.6333333333333333,0.5,0.85,3,0
pilot,clear,5,20,greedy,suffix_failure,0.0,0.0,0.0,3,0
pilot,clear,5,20,ids,pseudo_regret,2.6666666666666665,0.39999999999999997,4.8,3,0
pilot,clear,5,20,ids,reward,11.0,5.0,15.0,3,0
pilot,clear,5,20,ids,posterior_mean_greedy,0.9,0.6999999999999998,1.0,3,0
pilot,clear,5,20,ids,unseen_fraction,0.19999999999999998,0.10000000000000002,0.25,3,0
pilot,clear,5,20,ids,switches,6.333333333333333,1.0,13.0,3,0
pilot,clear,5,20,ids,arms_visited,4.0,2.0,5.0,3,0
pilot,clear,5,20,ids,best_arm_fraction,0.6666666666666666,0.4000000000000001,0.9499999999999998,3,0
pilot,clear,5,20,ids,suffix_failure,0.0,0.0,0.0,3,0
pilot,clear,5,20,knowledge_gradient,pseudo_regret,2.6666666666666665,1.2,3.9999999999999996,3,0
pilot,clear,5,20,knowledge_gradient,reward,11.0,5.0,15.0,3,0
pilot,clear,5,20,knowledge_gradient,posterior_mean_greedy,0.8166666666666665,0.6,0.9499999999999998,3,0
pilot,clear,5,20,knowledge_gradient,unseen_fraction,0.19999999999999998,0.10000000000000002,0.25,3,0
pilot,clear,5,20,knowledge_gradient,switches,5.333333333333333,1.0,9.0,3,0
pilot,clear,5,20,knowledge_gradient,arms_visited,4.0,2.0,5.0,3,0
pilot,clear,5,20,knowledge_gradient,best_arm_fraction,0.6666666666666666,0.5,0.85,3,0
pilot,clear,5,20,knowledge_gradient,suffix_failure,0.0,0.0,0.0,3,0
pilot,clear,5,20,random,pseudo_regret,6.266666666666666,5.199999999999999,7.199999999999999,3,0
pilot,clear,5,20,random,reward,7.333333333333333,5.0,10.0,3,0
pilot,clear,5,20,random,posterior_mean_greedy,0.3166666666666667,0.15,0.5,3,0
pilot,clear,5,20,random,unseen_fraction,0.25,0.25,0.25,3,0
pilot,clear,5,20,random,switches,16.0,15.0,17.0,3,0
pilot,clear,5,20,random,arms_visited,5.0,5.0,5.0,3,0
pilot,clear,5,20,random,best_arm_fraction,0.21666666666666667,0.10000000000000002,0.3499999999999999,3,0
pilot,clear,5,20,random,suffix_failure,0.0,0.0,0.0,3,0
pilot,clear,5,20,ts,pseudo_regret,4.266666666666667,3.5999999999999996,4.8,3,0
pilot,clear,5,20,ts,reward,9.666666666666666,5.0,12.0,3,0
pilot,clear,5,20,ts,posterior_mean_greedy,0.5833333333333334,0.5,0.65,3,0
pilot,clear,5,20,ts,unseen_fraction,0.25,0.25,0.25,3,0
pilot,clear,5,20,ts,switches,12.0,8.0,16.0,3,0
pilot,clear,5,20,ts,arms_visited,5.0,5.0,5.0,3,0
pilot,clear,5,20,ts,best_arm_fraction,0.46666666666666673,0.4000000000000001,0.55,3,0
pilot,clear,5,20,ts,suffix_failure,0.0,0.0,0.0,3,0
pilot,clear,5,20,ucb1,pseudo_regret,5.333333333333333,4.8,5.999999999999999,3,0
pilot,clear,5,20,ucb1,reward,9.0,6.0,11.0,3,0
pilot,clear,5,20,ucb1,posterior_mean_greedy,0.39999999999999997,0.3499999999999999,0.45,3,0
pilot,clear,5,20,ucb1,unseen_fraction,0.25,0.25,0.25,3,0
pilot,clear,5,20,ucb1,switches,15.333333333333334,14.0,17.0,3,0
pilot,clear,5,20,ucb1,arms_visited,5.0,5.0,5.0,3,0
pilot,clear,5,20,ucb1,best_arm_fraction,0.3333333333333333,0.25,0.4000000000000001,3,0
pilot,clear,5,20,ucb1,suffix_failure,0.0,0.0,0.0,3,0
pilot,clear,15,20,bayes_direct,pseudo_regret,7.466666666666666,7.199999999999999,7.599999999999999,3,0
pilot,clear,15,20,bayes_direct,reward,9.333333333333334,7.0,13.0,3,0
pilot,clear,15,20,bayes_direct,posterior_mean_greedy,0.9333333333333332,0.8000000000000002,1.0,3,0
pilot,clear,15,20,bayes_direct,unseen_fraction,0.26666666666666666,0.20000000000000004,0.4000000000000001,3,0
pilot,clear,15,20,bayes_direct,switches,4.333333333333333,3.0,7.0,3,0
pilot,clear,15,20,bayes_direct,arms_visited,5.333333333333333,4.0,8.0,3,0
pilot,clear,15,20,bayes_direct,best_arm_fraction,0.06666666666666667,0.05000000000000001,0.10000000000000002,3,0
pilot,clear,15,20,bayes_direct,suffix_failure,0.0,0.0,0.0,3,0
pilot,clear,15,20,bayes_direct,choice_mismatch_fraction,0.0,0.0,0.0,3,0
pilot,clear,15,20,bayes_sample,pseudo_regret,4.533333333333333,0.39999999999999997,7.599999999999999,3,0
pilot,clear,15,20,bayes_sample,reward,10.666666666666666,7.0,15.0,3,0
pilot,clear,15,20,bayes_sample,posterior_mean_greedy,0.8999999999999999,0.85,0.9499999999999998,3,0
pilot,clear,15,20,bayes_sample,unseen_fraction,0.2833333333333334,0.10000000000000002,0.45,3,0
pilot,clear,15,20,bayes_sample,switches,7.0,2.0,10.0,3,0
pilot,clear,15,20,bayes_sample,arms_visited,5.666666666666667,2.0,9.0,3,0
pilot,clear,15,20,bayes_sample,best_arm_fraction,0.43333333333333335,0.05000000000000001,0.9499999999999998,3,0
pilot,clear,15,20,bayes_sample,suffix_failure,0.0,0.0,0.0,3,0
pilot,clear,15,20,bayes_sample,choice_mismatch_fraction,0.0,0.0,0.0,3,0
pilot,clear,15,20,bayes_ucb,pseudo_regret,7.066666666666666,6.3999999999999995,7.599999999999999,3,0
pilot,clear,15,20,bayes_ucb,reward,8.666666666666666,6.0,11.0,3,0
pilot,clear,15,20,bayes_ucb,posterior_mean_greedy,0.7333333333333334,0.55,1.0,3,0
pilot,clear,15,20,bayes_ucb,unseen_fraction,0.5666666666666667,0.45,0.75,3,0
pilot,clear,15,20,bayes_ucb,switches,10.333333333333334,8.0,14.0,3,0
pilot,clear,15,20,bayes_ucb,arms_visited,11.333333333333334,9.0,15.0,3,0
pilot,clear,15,20,bayes_ucb,best_arm_fraction,0.11666666666666668,0.05000000000000001,0.20000000000000004,3,0
pilot,clear,15,20,bayes_ucb,suffix_failure,0.0,0.0,0.0,3,0
pilot,clear,15,20,counts_direct,pseudo_regret,5.199999999999999,0.0,7.999999999999999,3,0
pilot,clear,15,20,counts_direct,reward,9.333333333333334,5.0,15.0,3,0
pilot,clear,15,20,counts_direct,posterior_mean_greedy,0.75,0.25,1.0,3,0
pilot,clear,15,20,counts_direct,unseen_fraction,0.18333333333333335,0.05000000000000001,0.4000000000000001,3,0
pilot,clear,15,20,counts_direct,switches,2.6666666666666665,0.0,7.0,3,0
pilot,clear,15,20,counts_direct,arms_visited,3.6666666666666665,1.0,8.0,3,0
pilot,clear,15,20,counts_direct,best_arm_fraction,0.35000000000000003,0.0,1.0,3,0
pilot,clear,15,20,counts_direct,suffix_failure,0.3333333333333333,0.0,1.0,3,0
pilot,clear,15,20,counts_direct,choice_mismatch_fraction,0.0,0.0,0.0,3,0
pilot,clear,15,20,counts_sample,pseudo_regret,5.199999999999999,0.0,7.999999999999999,3,0
pilot,clear,15,20,counts_sample,reward,9.666666666666666,4.0,15.0,3,0
pilot,clear,15,20,counts_sample,posterior_mean_greedy,0.85,0.6999999999999998,1.0,3,0
pilot,clear,15,20,counts_sample,unseen_fraction,0.2833333333333334,0.05000000000000001,0.6,3,0
pilot,clear,15,20,counts_sample,switches,6.333333333333333,0.0,13.0,3,0
pilot,clear,15,20,counts_sample,arms_visited,5.666666666666667,1.0,12.0,3,0
pilot,clear,15,20,counts_sample,best_arm_fraction,0.35000000000000003,0.0,1.0,3,0
pilot,clear,15,20,counts_sample,suffix_failure,0.3333333333333333,0.0,1.0,3,0
pilot,clear,15,20,counts_sample,choice_mismatch_fraction,0.0,0.0,0.0,3,0
pilot,clear,15,20,greedy,pseudo_regret,7.866666666666666,7.599999999999999,7.999999999999999,3,0
pilot,clear,15,20,greedy,reward,9.666666666666666,7.0,12.0,3,0
pilot,clear,15,20,greedy,posterior_mean_greedy,1.0,1.0,1.0,3,0
pilot,clear,15,20,greedy,unseen_fraction,0.26666666666666666,0.05000000000000001,0.45,3,0
pilot,clear,15,20,greedy,switches,5.0,0.0,9.0,3,0
pilot,clear,15,20,greedy,arms_visited,5.333333333333333,1.0,9.0,3,0
pilot,clear,15,20,greedy,best_arm_fraction,0.016666666666666666,0.0,0.05000000000000001,3,0
pilot,clear,15,20,greedy,suffix_failure,0.6666666666666666,0.0,1.0,3,0
pilot,clear,15,20,ids,pseudo_regret,7.466666666666666,7.199999999999999,7.599999999999999,3,0
pilot,clear,15,20,ids,reward,7.666666666666667,6.0,10.0,3,0
pilot,clear,15,20,ids,posterior_mean_greedy,0.6666666666666666,0.5,1.0,3,0
pilot,clear,15,20,ids,unseen_fraction,0.6333333333333334,0.55,0.6999999999999998,3,0
pilot,clear,15,20,ids,switches,11.666666666666666,10.0,13.0,3,0
pilot,clear,15,20,ids,arms_visited,12.666666666666666,11.0,14.0,3,0
pilot,clear,15,20,ids,best_arm_fraction,0.06666666666666667,0.05000000000000001,0.10000000000000002,3,0
pilot,clear,15,20,ids,suffix_failure,0.0,0.0,0.0,3,0
pilot,clear,15,20,knowledge_gradient,pseudo_regret,7.0666666666666655,5.599999999999999,7.999999999999999,3,0
pilot,clear,15,20,knowledge_gradient,reward,8.666666666666666,6.0,12.0,3,0
pilot,clear,15,20,knowledge_gradient,posterior_mean_greedy,0.7666666666666666,0.55,1.0,3,0
pilot,clear,15,20,knowledge_gradient,unseen_fraction,0.39999999999999997,0.15,0.6,3,0
pilot,clear,15,20,knowledge_gradient,switches,8.0,2.0,12.0,3,0
pilot,clear,15,20,knowledge_gradient,arms_visited,8.0,3.0,12.0,3,0
pilot,clear,15,20,knowledge_gradient,best_arm_fraction,0.11666666666666665,0.0,0.3,3,0
pilot,clear,15,20,knowledge_gradient,suffix_failure,0.3333333333333333,0.0,1.0,3,0
pilot,clear,15,20,random,pseudo_regret,7.599999999999999,7.199999999999999,7.999999999999999,3,0
pilot,clear,15,20,random,reward,7.0,5.0,9.0,3,0
pilot,clear,15,20,random,posterior_mean_greedy,0.26666666666666666,0.15,0.3499999999999999,3,0
pilot,clear,15,20,random,unseen_fraction,0.5499999999999999,0.5,0.6,3,0
pilot,clear,15,20,random,switches,17.666666666666668,17.0,19.0,3,0
pilot,clear,15,20,random,arms_visited,11.0,10.0,12.0,3,0
pilot,clear,15,20,random,best_arm_fraction,0.05000000000000001,0.0,0.10000000000000002,3,0
pilot,clear,15,20,random,suffix_failure,0.3333333333333333,0.0,1.0,3,0
pilot,clear,15,20,ts,pseudo_regret,7.066666666666666,5.999999999999999,7.999999999999999,3,0
pilot,clear,15,20,ts,reward,8.0,6.0,11.0,3,0
pilot,clear,15,20,ts,posterior_mean_greedy,0.3833333333333333,0.3499999999999999,0.4000000000000001,3,0
pilot,clear,15,20,ts,unseen_fraction,0.6,0.5,0.6999999999999998,3,0
pilot,clear,15,20,ts,switches,18.0,18.0,18.0,3,0
pilot,clear,15,20,ts,arms_visited,12.0,10.0,14.0,3,0
pilot,clear,15,20,ts,best_arm_fraction,0.11666666666666665,0.0,0.25,3,0
pilot,clear,15,20,ts,suffix_failure,0.3333333333333333,0.0,1.0,3,0
pilot,clear,15,20,ucb1,pseudo_regret,7.466666666666666,7.199999999999999,7.599999999999999,3,0
pilot,clear,15,20,ucb1,reward,8.0,6.0,11.0,3,0
pilot,clear,15,20,ucb1,posterior_mean_greedy,0.18333333333333332,0.10000000000000002,0.3499999999999999,3,0
pilot,clear,15,20,ucb1,unseen_fraction,0.75,0.75,0.75,3,0
pilot,clear,15,20,ucb1,switches,19.0,19.0,19.0,3,0
pilot,clear,15,20,ucb1,arms_visited,15.0,15.0,15.0,3,0
pilot,clear,15,20,ucb1,best_arm_fraction,0.06666666666666667,0.05000000000000001,0.10000000000000002,3,0
pilot,clear,15,20,ucb1,suffix_failure,0.0,0.0,0.0,3,0
pilot,close,2,20,bayes_direct,pseudo_regret,0.3500000000000003,0.0,1.0000000000000009,3,0
pilot,close,2,20,bayes_direct,reward,13.0,13.0,13.0,3,0
pilot,close,2,20,bayes_direct,posterior_mean_greedy,1.0,1.0,1.0,3,0
pilot,close,2,20,bayes_direct,unseen_fraction,0.06666666666666667,0.05000000000000001,0.10000000000000002,3,0
pilot,close,2,20,bayes_direct,switches,0.6666666666666666,0.0,2.0,3,0
pilot,close,2,20,bayes_direct,arms_visited,1.3333333333333333,1.0,2.0,3,0
pilot,close,2,20,bayes_direct,best_arm_fraction,0.65,0.0,1.0,3,0
pilot,close,2,20,bayes_direct,suffix_failure,0.3333333333333333,0.0,1.0,3,0
pilot,close,2,20,bayes_direct,choice_mismatch_fraction,0.0,0.0,0.0,3,0
pilot,close,2,20,bayes_sample,pseudo_regret,0.40000000000000036,0.10000000000000009,0.8500000000000009,3,0
pilot,close,2,20,bayes_sample,reward,13.0,12.0,14.0,3,0
pilot,close,2,20,bayes_sample,posterior_mean_greedy,0.7999999999999999,0.75,0.9,3,0
pilot,close,2,20,bayes_sample,unseen_fraction,0.10000000000000002,0.10000000000000002,0.10000000000000002,3,0
pilot,close,2,20,bayes_sample,switches,6.333333333333333,4.0,10.0,3,0
pilot,close,2,20,bayes_sample,arms_visited,2.0,2.0,2.0,3,0
pilot,close,2,20,bayes_sample,best_arm_fraction,0.6,0.15,0.9,3,0
pilot,close,2,20,bayes_sample,suffix_failure,0.0,0.0,0.0,3,0
pilot,close,2,20,bayes_sample,choice_mismatch_fraction,0.0,0.0,0.0,3,0
pilot,close,2,20,bayes_ucb,pseudo_regret,0.33333333333333365,0.10000000000000009,0.8000000000000007,3,0
pilot,close,2,20,bayes_ucb,reward,12.0,11.0,13.0,3,0
pilot,close,2,20,bayes_ucb,posterior_mean_greedy,0.9166666666666666,0.85,0.9499999999999998,3,0
pilot,close,2,20,bayes_ucb,unseen_fraction,0.10000000000000002,0.10000000000000002,0.10000000000000002,3,0
pilot,close,2,20,bayes_ucb,switches,3.0,2.0,4.0,3,0
pilot,close,2,20,bayes_ucb,arms_visited,2.0,2.0,2.0,3,0
pilot,close,2,20,bayes_ucb,best_arm_fraction,0.6666666666666666,0.20000000000000004,0.9,3,0
pilot,close,2,20,bayes_ucb,suffix_failure,0.0,0.0,0.0,3,0
pilot,close,2,20,counts_direct,pseudo_regret,0.33333333333333365,0.0,1.0000000000000009,3,0
pilot,close,2,20,counts_direct,reward,13.0,13.0,13.0,3,0
pilot,close,2,20,counts_direct,posterior_mean_greedy,1.0,1.0,1.0,3,0
pilot,close,2,20,counts_direct,unseen_fraction,0.05000000000000001,0.05000000000000001,0.05000000000000001,3,0
pilot,close,2,20,counts_direct,switches,0.0,0.0,0.0,3,0
pilot,close,2,20,counts_direct,arms_visited,1.0,1.0,1.0,3,0
pilot,close,2,20,counts_direct,best_arm_fraction,0.6666666666666666,0.0,1.0,3,0
pilot,close,2,20,counts_direct,suffix_failure,0.3333333333333333,0.0,1.0,3,0
pilot,close,2,20,counts_direct,choice_mismatch_fraction,0.0,0.0,0.0,3,0
pilot,close,2,20,counts_sample,pseudo_regret,0.40000000000000036,0.15000000000000013,0.8500000000000009,3,0
pilot,close,2,20,counts_sample,reward,12.333333333333334,11.0,14.0,3,0
pilot,close,2,20,counts_sample,posterior_mean_greedy,0.8166666666666668,0.8000000000000002,0.85,3,0
pilot,close,2,20,counts_sample,unseen_fraction,0.10000000000000002,0.10000000000000002,0.10000000000000002,3,0
pilot,close,2,20,counts_sample,switches,6.0,6.0,6.0,3,0
pilot,close,2,20,counts_sample,arms_visited,2.0,2.0,2.0,3,0
pilot,close,2,20,counts_sample,best_arm_fraction,0.6,0.15,0.85,3,0
pilot,close,2,20,counts_sample,suffix_failure,0.0,0.0,0.0,3,0
pilot,close,2,20,counts_sample,choice_mismatch_fraction,0.0,0.0,0.0,3,0
pilot,close,2,20,greedy,pseudo_regret,0.366666666666667,0.050000000000000044,1.0000000000000009,3,0
pilot,close,2,20,greedy,reward,12.666666666666666,12.0,13.0,3,0
pilot,close,2,20,greedy,posterior_mean_greedy,1.0,1.0,1.0,3,0
pilot,close,2,20,greedy,unseen_fraction,0.08333333333333333,0.05000000000000001,0.10000000000000002,3,0
pilot,close,2,20,greedy,switches,1.0,0.0,2.0,3,0
pilot,close,2,20,greedy,arms_visited,1.6666666666666667,1.0,2.0,3,0
pilot,close,2,20,greedy,best_arm_fraction,0.6333333333333333,0.0,0.9499999999999998,3,0
pilot,close,2,20,greedy,suffix_failure,0.3333333333333333,0.0,1.0,3,0
pilot,close,2,20,ids,pseudo_regret,0.30000000000000027,0.050000000000000044,0.8000000000000007,3,0
pilot,close,2,20,ids,reward,12.666666666666666,12.0,13.0,3,0
pilot,close,2,20,ids,posterior_mean_greedy,0.9666666666666667,0.9,1.0,3,0
pilot,close,2,20,ids,unseen_fraction,0.10000000000000002,0.10000000000000002,0.10000000000000002,3,0
pilot,close,2,20,ids,switches,1.6666666666666667,1.0,3.0,3,0
pilot,close,2,20,ids,arms_visited,2.0,2.0,2.0,3,0
pilot,close,2,20,ids,best_arm_fraction,0.6999999999999998,0.20000000000000004,0.9499999999999998,3,0
pilot,close,2,20,ids,suffix_failure,0.0,0.0,0.0,3,0
pilot,close,2,20,knowledge_gradient,pseudo_regret,0.31666666666666693,0.050000000000000044,0.8500000000000009,3,0
pilot,close,2,20,knowledge_gradient,reward,13.0,12.0,14.0,3,0
pilot,close,2,20,knowledge_gradient,posterior_mean_greedy,0.9833333333333334,0.9499999999999998,1.0,3,0
pilot,close,2,20,knowledge_gradient,unseen_fraction,0.10000000000000002,0.10000000000000002,0.10000000000000002,3,0
pilot,close,2,20,knowledge_gradient,switches,1.0,1.0,1.0,3,0
pilot,close,2,20,knowledge_gradient,arms_visited,2.0,2.0,2.0,3,0
pilot,close,2,20,knowledge_gradient,best_arm_fraction,0.6833333333333332,0.15,0.9499999999999998,3,0
pilot,close,2,20,knowledge_gradient,suffix_failure,0.0,0.0,0.0,3,0
pilot,close,2,20,random,pseudo_regret,0.5333333333333338,0.4500000000000004,0.6500000000000006,3,0
pilot,close,2,20,random,reward,11.666666666666666,11.0,12.0,3,0
pilot,close,2,20,random,posterior_mean_greedy,0.6,0.5,0.6999999999999998,3,0
pilot,close,2,20,random,unseen_fraction,0.10000000000000002,0.10000000000000002,0.10000000000000002,3,0
pilot,close,2,20,random,switches,10.333333333333334,10.0,11.0,3,0
pilot,close,2,20,random,arms_visited,2.0,2.0,2.0,3,0
pilot,close,2,20,random,best_arm_fraction,0.4666666666666666,0.3499999999999999,0.55,3,0
pilot,close,2,20,random,suffix_failure,0.0,0.0,0.0,3,0
pilot,close,2,20,ts,pseudo_regret,0.2833333333333336,0.050000000000000044,0.7000000000000006,3,0
pilot,close,2,20,ts,reward,12.333333333333334,11.0,13.0,3,0
pilot,close,2,20,ts,posterior_mean_greedy,0.8833333333333333,0.75,0.9499999999999998,3,0
pilot,close,2,20,ts,unseen_fraction,0.10000000000000002,0.10000000000000002,0.10000000000000002,3,0
pilot,close,2,20,ts,switches,3.6666666666666665,2.0,6.0,3,0
pilot,close,2,20,ts,arms_visited,2.0,2.0,2.0,3,0
pilot,close,2,20,ts,best_arm_fraction,0.7166666666666667,0.3,0.9499999999999998,3,0
pilot,close,2,20,ts,suffix_failure,0.0,0.0,0.0,3,0
pilot,close,2,20,ucb1,pseudo_regret,0.5000000000000004,0.3500000000000003,0.6500000000000006,3,0
pilot,close,2,20,ucb1,reward,11.666666666666666,11.0,12.0,3,0
pilot,close,2,20,ucb1,posterior_mean_greedy,0.6666666666666666,0.65,0.6999999999999998,3,0
pilot,close,2,20,ucb1,unseen_fraction,0.10000000000000002,0.10000000000000002,0.10000000000000002,3,0
pilot,close,2,20,ucb1,switches,8.333333333333334,7.0,11.0,3,0
pilot,close,2,20,ucb1,arms_visited,2.0,2.0,2.0,3,0
pilot,close,2,20,ucb1,best_arm_fraction,0.5,0.3499999999999999,0.65,3,0
pilot,close,2,20,ucb1,suffix_failure,0.0,0.0,0.0,3,0
pilot,close,5,20,bayes_direct,pseudo_regret,0.43333333333333374,0.15000000000000013,0.9500000000000007,3,0
pilot,close,5,20,bayes_direct,reward,7.666666666666667,6.0,9.0,3,0
pilot,close,5,20,bayes_direct,posterior_mean_greedy,0.7166666666666668,0.65,0.8000000000000002,3,0
pilot,close,5,20,bayes_direct,unseen_fraction,0.16666666666666666,0.10000000000000002,0.25,3,0
pilot,close,5,20,bayes_direct,switches,2.6666666666666665,1.0,5.0,3,0
pilot,close,5,20,bayes_direct,arms_visited,3.3333333333333335,2.0,5.0,3,0
pilot,close,5,20,bayes_direct,best_arm_fraction,0.5666666666666668,0.05000000000000001,0.85,3,0
pilot,close,5,20,bayes_direct,suffix_failure,0.0,0.0,0.0,3,0
pilot,close,5,20,bayes_direct,choice_mismatch_fraction,0.0,0.0,0.0,3,0
pilot,close,5,20,bayes_sample,pseudo_regret,0.833333333333334,0.5500000000000005,1.0000000000000009,3,0
pilot,close,5,20,bayes_sample,reward,9.333333333333334,7.0,12.0,3,0
pilot,close,5,20,bayes_sample,posterior_mean_greedy,0.7833333333333333,0.6999999999999998,0.9,3,0
pilot,close,5,20,bayes_sample,unseen_fraction,0.21666666666666667,0.15,0.25,3,0
pilot,close,5,20,bayes_sample,switches,9.333333333333334,5.0,12.0,3,0
pilot,close,5,20,bayes_sample,arms_visited,4.333333333333333,3.0,5.0,3,0
pilot,close,5,20,bayes_sample,best_arm_fraction,0.16666666666666666,0.0,0.45,3,0
pilot,close,5,20,bayes_sample,suffix_failure,0.3333333333333333,0.0,1.0,3,0
pilot,close,5,20,bayes_sample,choice_mismatch_fraction,0.0,0.0,0.0,3,0
pilot,close,5,20,bayes_ucb,pseudo_regret,0.7166666666666673,0.5000000000000004,0.8500000000000009,3,0
pilot,close,5,20,bayes_ucb,reward,9.333333333333334,8.0,12.0,3,0
pilot,close,5,20,bayes_ucb,posterior_mean_greedy,0.8166666666666668,0.75,0.85,3,0
pilot,close,5,20,bayes_ucb,unseen_fraction,0.25,0.25,0.25,3,0
pilot,close,5,20,bayes_ucb,switches,8.333333333333334,7.0,11.0,3,0
pilot,close,5,20,bayes_ucb,arms_visited,5.0,5.0,5.0,3,0
pilot,close,5,20,bayes_ucb,best_arm_fraction,0.2833333333333334,0.15,0.5,3,0
pilot,close,5,20,bayes_ucb,suffix_failure,0.0,0.0,0.0,3,0
pilot,close,5,20,counts_direct,pseudo_regret,0.7166666666666673,0.20000000000000018,1.0000000000000009,3,0
pilot,close,5,20,counts_direct,reward,7.666666666666667,6.0,9.0,3,0
pilot,close,5,20,counts_direct,posterior_mean_greedy,0.5833333333333334,0.15,0.9499999999999998,3,0
pilot,close,5,20,counts_direct,unseen_fraction,0.15,0.05000000000000001,0.25,3,0
pilot,close,5,20,counts_direct,switches,2.3333333333333335,0.0,5.0,3,0
pilot,close,5,20,counts_direct,arms_visited,3.0,1.0,5.0,3,0
pilot,close,5,20,counts_direct,best_arm_fraction,0.2833333333333334,0.0,0.8000000000000002,3,0
pilot,close,5,20,counts_direct,suffix_failure,0.3333333333333333,0.0,1.0,3,0
pilot,close,5,20,counts_direct,choice_mismatch_fraction,0.0,0.0,0.0,3,0
pilot,close,5,20,counts_sample,pseudo_regret,0.8000000000000007,0.6500000000000006,0.9500000000000007,3,0
pilot,close,5,20,counts_sample,reward,8.333333333333334,6.0,10.0,3,0
pilot,close,5,20,counts_sample,posterior_mean_greedy,0.5333333333333333,0.25,0.6999999999999998,3,0
pilot,close,5,20,counts_sample,unseen_fraction,0.25,0.25,0.25,3,0
pilot,close,5,20,counts_sample,switches,9.0,7.0,10.0,3,0
pilot,close,5,20,counts_sample,arms_visited,5.0,5.0,5.0,3,0
pilot,close,5,20,counts_sample,best_arm_fraction,0.20000000000000004,0.05000000000000001,0.3499999999999999,3,0
pilot,close,5,20,counts_sample,suffix_failure,0.0,0.0,0.0,3,0
pilot,close,5,20,counts_sample,choice_mismatch_fraction,0.0,0.0,0.0,3,0
pilot,close,5,20,greedy,pseudo_regret,0.6500000000000006,0.20000000000000018,0.9500000000000007,3,0
pilot,close,5,20,greedy,reward,8.666666666666666,6.0,12.0,3,0
pilot,close,5,20,greedy,posterior_mean_greedy,1.0,1.0,1.0,3,0
pilot,close,5,20,greedy,unseen_fraction,0.19999999999999998,0.10000000000000002,0.25,3,0
pilot,close,5,20,greedy,switches,4.333333333333333,1.0,7.0,3,0
pilot,close,5,20,greedy,arms_visited,4.0,2.0,5.0,3,0
pilot,close,5,20,greedy,best_arm_fraction,0.35000000000000003,0.05000000000000001,0.8000000000000002,3,0
pilot,close,5,20,greedy,suffix_failure,0.0,0.0,0.0,3,0
pilot,close,5,20,ids,pseudo_regret,0.7500000000000006,0.4500000000000004,0.9500000000000007,3,0
pilot,close,5,20,ids,reward,10.0,8.0,13.0,3,0
pilot,close,5,20,ids,posterior_mean_greedy,0.7666666666666666,0.75,0.8000000000000002,3,0
pilot,close,5,20,ids,unseen_fraction,0.2333333333333333,0.20000000000000004,0.25,3,0
pilot,close,5,20,ids,switches,7.666666666666667,5.0,10.0,3,0
pilot,close,5,20,ids,arms_visited,4.666666666666667,4.0,5.0,3,0
pilot,close,5,20,ids,best_arm_fraction,0.25000000000000006,0.05000000000000001,0.55,3,0
pilot,close,5,20,ids,suffix_failure,0.0,0.0,0.0,3,0
pilot,close,5,20,knowledge_gradient,pseudo_regret,0.7166666666666673,0.20000000000000018,1.0000000000000009,3,0
pilot,close,5,20,knowledge_gradient,reward,8.333333333333334,6.0,11.0,3,0
pilot,close,5,20,knowledge_gradient,posterior_mean_greedy,0.9166666666666666,0.9,0.9499999999999998,3,0
pilot,close,5,20,knowledge_gradient,unseen_fraction,0.21666666666666667,0.15,0.25,3,0
pilot,close,5,20,knowledge_gradient,switches,5.0,2.0,8.0,3,0
pilot,close,5,20,knowledge_gradient,arms_visited,4.333333333333333,3.0,5.0,3,0
pilot,close,5,20,knowledge_gradient,best_arm_fraction,0.2833333333333334,0.0,0.8000000000000002,3,0
pilot,close,5,20,knowledge_gradient,suffix_failure,0.3333333333333333,0.0,1.0,3,0
pilot,close,5,20,random,pseudo_regret,0.733333333333334,0.7000000000000006,0.7500000000000006,3,0
pilot,close,5,20,random,reward,9.0,9.0,9.0,3,0
pilot,close,5,20,random,posterior_mean_greedy,0.25,0.20000000000000004,0.3,3,0
pilot,close,5,20,random,unseen_fraction,0.25,0.25,0.25,3,0
pilot,close,5,20,random,switches,14.333333333333334,13.0,15.0,3,0
pilot,close,5,20,random,arms_visited,5.0,5.0,5.0,3,0
pilot,close,5,20,random,best_arm_fraction,0.26666666666666666,0.25,0.3,3,0
pilot,close,5,20,random,suffix_failure,0.0,0.0,0.0,3,0
pilot,close,5,20,ts,pseudo_regret,0.7500000000000006,0.6000000000000005,0.8500000000000009,3,0
pilot,close,5,20,ts,reward,9.0,7.0,12.0,3,0
pilot,close,5,20,ts,posterior_mean_greedy,0.5666666666666667,0.5,0.6,3,0
pilot,close,5,20,ts,unseen_fraction,0.25,0.25,0.25,3,0
pilot,close,5,20,ts,switches,13.666666666666666,11.0,16.0,3,0
pilot,close,5,20,ts,arms_visited,5.0,5.0,5.0,3,0
pilot,close,5,20,ts,best_arm_fraction,0.25000000000000006,0.15,0.4000000000000001,3,0
pilot,close,5,20,ts,suffix_failure,0.0,0.0,0.0,3,0
pilot,close,5,20,ucb1,pseudo_regret,0.7500000000000006,0.6500000000000006,0.8000000000000007,3,0
pilot,close,5,20,ucb1,reward,9.0,8.0,10.0,3,0
pilot,close,5,20,ucb1,posterior_mean_greedy,0.4666666666666666,0.3499999999999999,0.55,3,0
pilot,close,5,20,ucb1,unseen_fraction,0.25,0.25,0.25,3,0
pilot,close,5,20,ucb1,switches,15.333333333333334,13.0,18.0,3,0
pilot,close,5,20,ucb1,arms_visited,5.0,5.0,5.0,3,0
pilot,close,5,20,ucb1,best_arm_fraction,0.25,0.20000000000000004,0.3499999999999999,3,0
pilot,close,5,20,ucb1,suffix_failure,0.0,0.0,0.0,3,0
pilot,close,15,20,bayes_direct,pseudo_regret,1.0000000000000009,1.0000000000000009,1.0000000000000009,3,0
pilot,close,15,20,bayes_direct,reward,12.0,9.0,16.0,3,0
pilot,close,15,20,bayes_direct,posterior_mean_greedy,0.9500000000000001,0.9,1.0,3,0
pilot,close,15,20,bayes_direct,unseen_fraction,0.13333333333333333,0.05000000000000001,0.25,3,0
pilot,close,15,20,bayes_direct,switches,1.6666666666666667,0.0,4.0,3,0
pilot,close,15,20,bayes_direct,arms_visited,2.6666666666666665,1.0,5.0,3,0
pilot,close,15,20,bayes_direct,best_arm_fraction,0.0,0.0,0.0,3,0
pilot,close,15,20,bayes_direct,suffix_failure,1.0,1.0,1.0,3,0
pilot,close,15,20,bayes_direct,choice_mismatch_fraction,0.0,0.0,0.0,3,0
pilot,close,15,20,bayes_sample,pseudo_regret,1.0000000000000009,1.0000000000000009,1.0000000000000009,3,0
pilot,close,15,20,bayes_sample,reward,11.666666666666666,9.0,13.0,3,0
pilot,close,15,20,bayes_sample,posterior_mean_greedy,0.7999999999999999,0.75,0.85,3,0
pilot,close,15,20,bayes_sample,unseen_fraction,0.26666666666666666,0.25,0.3,3,0
pilot,close,15,20,bayes_sample,switches,8.666666666666666,7.0,11.0,3,0
pilot,close,15,20,bayes_sample,arms_visited,5.333333333333333,5.0,6.0,3,0
pilot,close,15,20,bayes_sample,best_arm_fraction,0.0,0.0,0.0,3,0
pilot,close,15,20,bayes_sample,suffix_failure,1.0,1.0,1.0,3,0
pilot,close,15,20,bayes_sample,choice_mismatch_fraction,0.0,0.0,0.0,3,0
pilot,close,15,20,bayes_ucb,pseudo_regret,0.9000000000000008,0.8500000000000009,1.0000000000000009,3,0
pilot,close,15,20,bayes_ucb,reward,9.666666666666666,9.0,11.0,3,0
pilot,close,15,20,bayes_ucb,posterior_mean_greedy,0.6333333333333334,0.5,0.8000000000000002,3,0
pilot,close,15,20,bayes_ucb,unseen_fraction,0.5333333333333333,0.45,0.6,3,0
pilot,close,15,20,bayes_ucb,switches,9.666666666666666,8.0,11.0,3,0
pilot,close,15,20,bayes_ucb,arms_visited,10.666666666666666,9.0,12.0,3,0
pilot,close,15,20,bayes_ucb,best_arm_fraction,0.09999999999999999,0.0,0.15,3,0
pilot,close,15,20,bayes_ucb,suffix_failure,0.3333333333333333,0.0,1.0,3,0
pilot,close,15,20,counts_direct,pseudo_regret,1.0000000000000009,1.0000000000000009,1.0000000000000009,3,0
pilot,close,15,20,counts_direct,reward,12.333333333333334,10.0,16.0,3,0
pilot,close,15,20,counts_direct,posterior_mean_greedy,0.9500000000000001,0.9,1.0,3,0
pilot,close,15,20,counts_direct,unseen_fraction,0.11666666666666668,0.05000000000000001,0.20000000000000004,3,0
pilot,close,15,20,counts_direct,switches,1.3333333333333333,0.0,3.0,3,0
pilot,close,15,20,counts_direct,arms_visited,2.3333333333333335,1.0,4.0,3,0
pilot,close,15,20,counts_direct,best_arm_fraction,0.0,0.0,0.0,3,0
pilot,close,15,20,counts_direct,suffix_failure,1.0,1.0,1.0,3,0
pilot,close,15,20,counts_direct,choice_mismatch_fraction,0.0,0.0,0.0,3,0
pilot,close,15,20,counts_sample,pseudo_regret,1.0000000000000009,1.0000000000000009,1.0000000000000009,3,0
pilot,close,15,20,counts_sample,reward,11.0,7.0,14.0,3,0
pilot,close,15,20,counts_sample,posterior_mean_greedy,0.8166666666666668,0.8000000000000002,0.85,3,0
pilot,close,15,20,counts_sample,unseen_fraction,0.25,0.15,0.3499999999999999,3,0
pilot,close,15,20,counts_sample,switches,9.333333333333334,6.0,12.0,3,0
pilot,close,15,20,counts_sample,arms_visited,5.0,3.0,7.0,3,0
pilot,close,15,20,counts_sample,best_arm_fraction,0.0,0.0,0.0,3,0
pilot,close,15,20,counts_sample,suffix_failure,1.0,1.0,1.0,3,0
pilot,close,15,20,counts_sample,choice_mismatch_fraction,0.0,0.0,0.0,3,0
pilot,close,15,20,greedy,pseudo_regret,1.0000000000000009,1.0000000000000009,1.0000000000000009,3,0
pilot,close,15,20,greedy,reward,11.333333333333334,11.0,12.0,3,0
pilot,close,15,20,greedy,posterior_mean_greedy,1.0,1.0,1.0,3,0
pilot,close,15,20,greedy,unseen_fraction,0.16666666666666666,0.05000000000000001,0.3,3,0
pilot,close,15,20,greedy,switches,3.0,0.0,7.0,3,0
pilot,close,15,20,greedy,arms_visited,3.3333333333333335,1.0,6.0,3,0
pilot,close,15,20,greedy,best_arm_fraction,0.0,0.0,0.0,3,0
pilot,close,15,20,greedy,suffix_failure,1.0,1.0,1.0,3,0
pilot,close,15,20,ids,pseudo_regret,0.9000000000000008,0.8500000000000009,1.0000000000000009,3,0
pilot,close,15,20,ids,reward,10.666666666666666,9.0,13.0,3,0
pilot,close,15,20,ids,posterior_mean_greedy,0.65,0.45,0.75,3,0
pilot,close,15,20,ids,unseen_fraction,0.5,0.3499999999999999,0.6,3,0
pilot,close,15,20,ids,switches,9.0,6.0,11.0,3,0
pilot,close,15,20,ids,arms_visited,10.0,7.0,12.0,3,0
pilot,close,15,20,ids,best_arm_fraction,0.09999999999999999,0.0,0.15,3,0
pilot,close,15,20,ids,suffix_failure,0.3333333333333333,0.0,1.0,3,0
pilot,close,15,20,knowledge_gradient,pseudo_regret,0.7833333333333341,0.5000000000000004,1.0000000000000009,3,0
pilot,close,15,20,knowledge_gradient,reward,10.333333333333334,10.0,11.0,3,0
pilot,close,15,20,knowledge_gradient,posterior_mean_greedy,0.8166666666666668,0.65,0.9499999999999998,3,0
pilot,close,15,20,knowledge_gradient,unseen_fraction,0.4166666666666667,0.25,0.55,3,0
pilot,close,15,20,knowledge_gradient,switches,8.666666666666666,8.0,10.0,3,0
pilot,close,15,20,knowledge_gradient,arms_visited,8.333333333333334,5.0,11.0,3,0
pilot,close,15,20,knowledge_gradient,best_arm_fraction,0.21666666666666667,0.0,0.5,3,0
pilot,close,15,20,knowledge_gradient,suffix_failure,0.3333333333333333,0.0,1.0,3,0
pilot,close,15,20,random,pseudo_regret,0.9000000000000008,0.8500000000000009,0.9500000000000007,3,0
pilot,close,15,20,random,reward,12.0,11.0,13.0,3,0
pilot,close,15,20,random,posterior_mean_greedy,0.25,0.20000000000000004,0.3,3,0
pilot,close,15,20,random,unseen_fraction,0.6,0.55,0.6999999999999998,3,0
pilot,close,15,20,random,switches,19.0,19.0,19.0,3,0
pilot,close,15,20,random,arms_visited,12.0,11.0,14.0,3,0
pilot,close,15,20,random,best_arm_fraction,0.10000000000000002,0.05000000000000001,0.15,3,0
pilot,close,15,20,random,suffix_failure,0.0,0.0,0.0,3,0
pilot,close,15,20,ts,pseudo_regret,0.9166666666666675,0.9000000000000008,0.9500000000000007,3,0
pilot,close,15,20,ts,reward,10.333333333333334,9.0,11.0,3,0
pilot,close,15,20,ts,posterior_mean_greedy,0.3666666666666667,0.3499999999999999,0.4000000000000001,3,0
pilot,close,15,20,ts,unseen_fraction,0.6,0.55,0.65,3,0
pilot,close,15,20,ts,switches,18.0,17.0,19.0,3,0
pilot,close,15,20,ts,arms_visited,12.0,11.0,13.0,3,0
pilot,close,15,20,ts,best_arm_fraction,0.08333333333333333,0.05000000000000001,0.10000000000000002,3,0
pilot,close,15,20,ts,suffix_failure,0.0,0.0,0.0,3,0
pilot,close,15,20,ucb1,pseudo_regret,0.9333333333333341,0.9000000000000008,0.9500000000000007,3,0
pilot,close,15,20,ucb1,reward,10.666666666666666,10.0,11.0,3,0
pilot,close,15,20,ucb1,posterior_mean_greedy,0.18333333333333335,0.10000000000000002,0.3,3,0
pilot,close,15,20,ucb1,unseen_fraction,0.75,0.75,0.75,3,0
pilot,close,15,20,ucb1,switches,19.0,19.0,19.0,3,0
pilot,close,15,20,ucb1,arms_visited,15.0,15.0,15.0,3,0
pilot,close,15,20,ucb1,best_arm_fraction,0.06666666666666667,0.05000000000000001,0.10000000000000002,3,0
pilot,close,15,20,ucb1,suffix_failure,0.0,0.0,0.0,3,0
pilot,prior,2,20,bayes_direct,pseudo_regret,0.1488507736741374,0.11330133588042846,0.21757154368580026,3,0
pilot,prior,2,20,bayes_direct,reward,8.333333333333334,2.0,17.0,3,0
pilot,prior,2,20,bayes_direct,posterior_mean_greedy,1.0,1.0,1.0,3,0
pilot,prior,2,20,bayes_direct,unseen_fraction,0.10000000000000002,0.10000000000000002,0.10000000000000002,3,0
pilot,prior,2,20,bayes_direct,switches,5.333333333333333,1.0,8.0,3,0
pilot,prior,2,20,bayes_direct,arms_visited,2.0,2.0,2.0,3,0
pilot,prior,2,20,bayes_direct,best_arm_fraction,0.85,0.8000000000000002,0.9499999999999998,3,0
pilot,prior,2,20,bayes_direct,suffix_failure,0.0,0.0,0.0,3,0
pilot,prior,2,20,bayes_direct,choice_mismatch_fraction,0.0,0.0,0.0,3,0
pilot,prior,2,20,bayes_sample,pseudo_regret,0.3539558643591965,0.1735191621842752,0.4532053435217138,3,0
pilot,prior,2,20,bayes_sample,reward,8.333333333333334,3.0,16.0,3,0
pilot,prior,2,20,bayes_sample,posterior_mean_greedy,0.8666666666666667,0.85,0.9,3,0
pilot,prior,2,20,bayes_sample,unseen_fraction,0.10000000000000002,0.10000000000000002,0.10000000000000002,3,0
pilot,prior,2,20,bayes_sample,switches,8.666666666666666,3.0,14.0,3,0
pilot,prior,2,20,bayes_sample,arms_visited,2.0,2.0,2.0,3,0
pilot,prior,2,20,bayes_sample,best_arm_fraction,0.6999999999999998,0.6,0.8000000000000002,3,0
pilot,prior,2,20,bayes_sample,suffix_failure,0.0,0.0,0.0,3,0
pilot,prior,2,20,bayes_sample,choice_mismatch_fraction,0.0,0.0,0.0,3,0
pilot,prior,2,20,bayes_ucb,pseudo_regret,0.19324746306394328,0.0,0.4351430873716005,3,0
pilot,prior,2,20,bayes_ucb,reward,9.0,3.0,18.0,3,0
pilot,prior,2,20,bayes_ucb,posterior_mean_greedy,0.9,0.85,1.0,3,0
pilot,prior,2,20,bayes_ucb,unseen_fraction,0.08333333333333333,0.05000000000000001,0.10000000000000002,3,0
pilot,prior,2,20,bayes_ucb,switches,6.0,0.0,10.0,3,0
pilot,prior,2,20,bayes_ucb,arms_visited,1.6666666666666667,1.0,2.0,3,0
pilot,prior,2,20,bayes_ucb,best_arm_fraction,0.7833333333333333,0.6,1.0,3,0
pilot,prior,2,20,bayes_ucb,suffix_failure,0.0,0.0,0.0,3,0
pilot,prior,2,20,counts_direct,pseudo_regret,0.2984942492068598,0.11330133588042846,0.4351430873716005,3,0
pilot,prior,2,20,counts_direct,reward,8.333333333333334,3.0,17.0,3,0
pilot,prior,2,20,counts_direct,posterior_mean_greedy,0.9,0.8000000000000002,1.0,3,0
pilot,prior,2,20,counts_direct,unseen_fraction,0.10000000000000002,0.10000000000000002,0.10000000000000002,3,0
pilot,prior,2,20,counts_direct,switches,6.666666666666667,1.0,10.0,3,0
pilot,prior,2,20,counts_direct,arms_visited,2.0,2.0,2.0,3,0
pilot,prior,2,20,counts_direct,best_arm_fraction,0.6499999999999999,0.4000000000000001,0.9499999999999998,3,0
pilot,prior,2,20,counts_direct,suffix_failure,0.0,0.0,0.0,3,0
pilot,prior,2,20,counts_direct,choice_mismatch_fraction,0.0,0.0,0.0,3,0
pilot,prior,2,20,counts_sample,pseudo_regret,0.259141733529547,0.11567944145618347,0.4351430873716005,3,0
pilot,prior,2,20,counts_sample,reward,8.666666666666666,3.0,17.0,3,0
pilot,prior,2,20,counts_sample,posterior_mean_greedy,0.9,0.8000000000000002,0.9499999999999998,3,0
pilot,prior,2,20,counts_sample,unseen_fraction,0.10000000000000002,0.10000000000000002,0.10000000000000002,3,0
pilot,prior,2,20,counts_sample,switches,7.333333333333333,3.0,14.0,3,0
pilot,prior,2,20,counts_sample,arms_visited,2.0,2.0,2.0,3,0
pilot,prior,2,20,counts_sample,best_arm_fraction,0.7666666666666666,0.6,0.9,3,0
pilot,prior,2,20,counts_sample,suffix_failure,0.0,0.0,0.0,3,0
pilot,prior,2,20,counts_sample,choice_mismatch_fraction,0.0,0.0,0.0,3,0
pilot,prior,2,20,greedy,pseudo_regret,0.10144370825931263,0.0,0.21757154368580026,3,0
pilot,prior,2,20,greedy,reward,8.666666666666666,2.0,18.0,3,0
pilot,prior,2,20,greedy,posterior_mean_greedy,1.0,1.0,1.0,3,0
pilot,prior,2,20,greedy,unseen_fraction,0.08333333333333333,0.05000000000000001,0.10000000000000002,3,0
pilot,prior,2,20,greedy,switches,3.3333333333333335,0.0,6.0,3,0
pilot,prior,2,20,greedy,arms_visited,1.6666666666666667,1.0,2.0,3,0
pilot,prior,2,20,greedy,best_arm_fraction,0.8833333333333333,0.8000000000000002,1.0,3,0
pilot,prior,2,20,greedy,suffix_failure,0.0,0.0,0.0,3,0
pilot,prior,2,20,ids,pseudo_regret,0.19324746306394328,0.0,0.4351430873716005,3,0
pilot,prior,2,20,ids,reward,9.0,3.0,18.0,3,0
pilot,prior,2,20,ids,posterior_mean_greedy,0.9166666666666666,0.85,1.0,3,0
pilot,prior,2,20,ids,unseen_fraction,0.08333333333333333,0.05000000000000001,0.10000000000000002,3,0
pilot,prior,2,20,ids,switches,5.0,0.0,8.0,3,0
pilot,prior,2,20,ids,arms_visited,1.6666666666666667,1.0,2.0,3,0
pilot,prior,2,20,ids,best_arm_fraction,0.7833333333333333,0.6,1.0,3,0
pilot,prior,2,20,ids,suffix_failure,0.0,0.0,0.0,3,0
pilot,prior,2,20,knowledge_gradient,pseudo_regret,0.15849072712881937,0.11330133588042846,0.21757154368580026,3,0
pilot,prior,2,20,knowledge_gradient,reward,8.333333333333334,2.0,17.0,3,0
pilot,prior,2,20,knowledge_gradient,posterior_mean_greedy,0.8833333333333333,0.8000000000000002,1.0,3,0
pilot,prior,2,20,knowledge_gradient,unseen_fraction,0.10000000000000002,0.10000000000000002,0.10000000000000002,3,0
pilot,prior,2,20,knowledge_gradient,switches,5.0,1.0,7.0,3,0
pilot,prior,2,20,knowledge_gradient,arms_visited,2.0,2.0,2.0,3,0
pilot,prior,2,20,knowledge_gradient,best_arm_fraction,0.8333333333333334,0.75,0.9499999999999998,3,0
pilot,prior,2,20,knowledge_gradient,suffix_failure,0.0,0.0,0.0,3,0
pilot,prior,2,20,random,pseudo_regret,0.5597734411981802,0.11567944145618347,1.019712022923856,3,0
pilot,prior,2,20,random,reward,8.333333333333334,3.0,16.0,3,0
pilot,prior,2,20,random,posterior_mean_greedy,0.6,0.55,0.65,3,0
pilot,prior,2,20,random,unseen_fraction,0.10000000000000002,0.10000000000000002,0.10000000000000002,3,0
pilot,prior,2,20,random,switches,9.0,6.0,13.0,3,0
pilot,prior,2,20,random,arms_visited,2.0,2.0,2.0,3,0
pilot,prior,2,20,random,best_arm_fraction,0.6166666666666667,0.5,0.8000000000000002,3,0
pilot,prior,2,20,random,suffix_failure,0.0,0.0,0.0,3,0
pilot,prior,2,20,ts,pseudo_regret,0.34510861276309956,0.2602787432764128,0.4351430873716005,3,0
pilot,prior,2,20,ts,reward,7.666666666666667,3.0,16.0,3,0
pilot,prior,2,20,ts,posterior_mean_greedy,0.7000000000000001,0.5,0.9,3,0
pilot,prior,2,20,ts,unseen_fraction,0.10000000000000002,0.10000000000000002,0.10000000000000002,3,0
pilot,prior,2,20,ts,switches,10.0,3.0,14.0,3,0
pilot,prior,2,20,ts,arms_visited,2.0,2.0,2.0,3,0
pilot,prior,2,20,ts,best_arm_fraction,0.6666666666666666,0.55,0.85,3,0
pilot,prior,2,20,ts,suffix_failure,0.0,0.0,0.0,3,0
pilot,prior,2,20,ucb1,pseudo_regret,0.5809949949016763,0.3470383243685504,0.9064106870434276,3,0
pilot,prior,2,20,ucb1,reward,8.0,3.0,16.0,3,0
pilot,prior,2,20,ucb1,posterior_mean_greedy,0.7333333333333334,0.65,0.85,3,0
pilot,prior,2,20,ucb1,unseen_fraction,0.10000000000000002,0.10000000000000002,0.10000000000000002,3,0
pilot,prior,2,20,ucb1,switches,10.666666666666666,8.0,12.0,3,0
pilot,prior,2,20,ucb1,arms_visited,2.0,2.0,2.0,3,0
pilot,prior,2,20,ucb1,best_arm_fraction,0.5166666666666666,0.4000000000000001,0.6,3,0
pilot,prior,2,20,ucb1,suffix_failure,0.0,0.0,0.0,3,0
pilot,prior,5,20,bayes_direct,pseudo_regret,5.054989687948034,2.381276596402695,7.700348160703153,3,0
pilot,prior,5,20,bayes_direct,reward,10.333333333333334,9.0,13.0,3,0
pilot,prior,5,20,bayes_direct,posterior_mean_greedy,0.9166666666666666,0.85,0.9499999999999998,3,0
pilot,prior,5,20,bayes_direct,unseen_fraction,0.15,0.15,0.15,3,0
pilot,prior,5,20,bayes_direct,switches,2.6666666666666665,2.0,3.0,3,0
pilot,prior,5,20,bayes_direct,arms_visited,3.0,3.0,3.0,3,0
pilot,prior,5,20,bayes_direct,best_arm_fraction,0.25,0.0,0.75,3,0
pilot,prior,5,20,bayes_direct,suffix_failure,0.6666666666666666,0.0,1.0,3,0
pilot,prior,5,20,bayes_direct,choice_mismatch_fraction,0.0,0.0,0.0,3,0
pilot,prior,5,20,bayes_sample,pseudo_regret,5.200570726129153,3.880741464699259,7.563899720518251,3,0
pilot,prior,5,20,bayes_sample,reward,9.0,7.0,11.0,3,0
pilot,prior,5,20,bayes_sample,posterior_mean_greedy,0.7333333333333334,0.65,0.9,3,0
pilot,prior,5,20,bayes_sample,unseen_fraction,0.25,0.25,0.25,3,0
pilot,prior,5,20,bayes_sample,switches,9.333333333333334,9.0,10.0,3,0
pilot,prior,5,20,bayes_sample,arms_visited,5.0,5.0,5.0,3,0
pilot,prior,5,20,bayes_sample,best_arm_fraction,0.21666666666666667,0.15,0.3499999999999999,3,0
pilot,prior,5,20,bayes_sample,suffix_failure,0.0,0.0,0.0,3,0
pilot,prior,5,20,bayes_sample,choice_mismatch_fraction,0.0,0.0,0.0,3,0
pilot,prior,5,20,bayes_ucb,pseudo_regret,3.6282984149306983,2.8679017300604657,4.557368054169074,3,0
pilot,prior,5,20,bayes_ucb,reward,10.333333333333334,9.0,12.0,3,0
pilot,prior,5,20,bayes_ucb,posterior_mean_greedy,0.7833333333333332,0.6,0.9499999999999998,3,0
pilot,prior,5,20,bayes_ucb,unseen_fraction,0.25,0.25,0.25,3,0
pilot,prior,5,20,bayes_ucb,switches,8.333333333333334,6.0,10.0,3,0
pilot,prior,5,20,bayes_ucb,arms_visited,5.0,5.0,5.0,3,0
pilot,prior,5,20,bayes_ucb,best_arm_fraction,0.3833333333333333,0.25,0.5,3,0
pilot,prior,5,20,bayes_ucb,suffix_failure,0.0,0.0,0.0,3,0
pilot,prior,5,20,counts_direct,pseudo_regret,8.277479572428227,6.3681574115809,9.332073170170341,3,0
pilot,prior,5,20,counts_direct,reward,7.333333333333333,7.0,8.0,3,0
pilot,prior,5,20,counts_direct,posterior_mean_greedy,0.5833333333333334,0.3,0.75,3,0
pilot,prior,5,20,counts_direct,unseen_fraction,0.13333333333333333,0.10000000000000002,0.15,3,0
pilot,prior,5,20,counts_direct,switches,1.6666666666666667,1.0,2.0,3,0
pilot,prior,5,20,counts_direct,arms_visited,2.6666666666666665,2.0,3.0,3,0
pilot,prior,5,20,counts_direct,best_arm_fraction,0.0,0.0,0.0,3,0
pilot,prior,5,20,counts_direct,suffix_failure,1.0,1.0,1.0,3,0
pilot,prior,5,20,counts_direct,choice_mismatch_fraction,0.0,0.0,0.0,3,0
pilot,prior,5,20,counts_sample,pseudo_regret,7.268830201487989,4.879178839076196,10.104206031932092,3,0
pilot,prior,5,20,counts_sample,reward,8.666666666666666,8.0,10.0,3,0
pilot,prior,5,20,counts_sample,posterior_mean_greedy,0.5666666666666667,0.3,0.75,3,0
pilot,prior,5,20,counts_sample,unseen_fraction,0.16666666666666666,0.10000000000000002,0.25,3,0
pilot,prior,5,20,counts_sample,switches,6.333333333333333,2.0,10.0,3,0
pilot,prior,5,20,counts_sample,arms_visited,3.3333333333333335,2.0,5.0,3,0
pilot,prior,5,20,counts_sample,best_arm_fraction,0.09999999999999999,0.0,0.3,3,0
pilot,prior,5,20,counts_sample,suffix_failure,0.6666666666666666,0.0,1.0,3,0
pilot,prior,5,20,counts_sample,choice_mismatch_fraction,0.0,0.0,0.0,3,0
pilot,prior,5,20,greedy,pseudo_regret,2.6869484680617592,2.0859541456931376,3.335413362474584,3,0
pilot,prior,5,20,greedy,reward,11.333333333333334,8.0,13.0,3,0
pilot,prior,5,20,greedy,posterior_mean_greedy,1.0,1.0,1.0,3,0
pilot,prior,5,20,greedy,unseen_fraction,0.16666666666666666,0.10000000000000002,0.25,3,0
pilot,prior,5,20,greedy,switches,4.0,1.0,6.0,3,0
pilot,prior,5,20,greedy,arms_visited,3.3333333333333335,2.0,5.0,3,0
pilot,prior,5,20,greedy,best_arm_fraction,0.3833333333333333,0.0,0.6999999999999998,3,0
pilot,prior,5,20,greedy,suffix_failure,0.3333333333333333,0.0,1.0,3,0
pilot,prior,5,20,ids,pseudo_regret,3.5666479049844866,3.02691055281179,4.14423458367721,3,0
pilot,prior,5,20,ids,reward,10.666666666666666,9.0,12.0,3,0
pilot,prior,5,20,ids,posterior_mean_greedy,0.8833333333333334,0.8000000000000002,0.9499999999999998,3,0
pilot,prior,5,20,ids,unseen_fraction,0.25,0.25,0.25,3,0
pilot,prior,5,20,ids,switches,6.333333333333333,5.0,8.0,3,0
pilot,prior,5,20,ids,arms_visited,5.0,5.0,5.0,3,0
pilot,prior,5,20,ids,best_arm_fraction,0.3666666666666667,0.15,0.55,3,0
pilot,prior,5,20,ids,suffix_failure,0.0,0.0,0.0,3,0
pilot,prior,5,20,knowledge_gradient,pseudo_regret,3.35913174612388,2.4043620762299702,4.14423458367721,3,0
pilot,prior,5,20,knowledge_gradient,reward,10.666666666666666,9.0,12.0,3,0
pilot,prior,5,20,knowledge_gradient,posterior_mean_greedy,0.8666666666666666,0.8000000000000002,0.9499999999999998,3,0
pilot,prior,5,20,knowledge_gradient,unseen_fraction,0.21666666666666667,0.15,0.25,3,0
pilot,prior,5,20,knowledge_gradient,switches,6.333333333333333,3.0,8.0,3,0
pilot,prior,5,20,knowledge_gradient,arms_visited,4.333333333333333,3.0,5.0,3,0
pilot,prior,5,20,knowledge_gradient,best_arm_fraction,0.4000000000000001,0.25,0.55,3,0
pilot,prior,5,20,knowledge_gradient,suffix_failure,0.0,0.0,0.0,3,0
pilot,prior,5,20,random,pseudo_regret,5.62256402414592,3.304547277255454,7.261527061791537,3,0
pilot,prior,5,20,random,reward,9.666666666666666,6.0,13.0,3,0
pilot,prior,5,20,random,posterior_mean_greedy,0.35000000000000003,0.20000000000000004,0.45,3,0
pilot,prior,5,20,random,unseen_fraction,0.25,0.25,0.25,3,0
pilot,prior,5,20,random,switches,14.666666666666666,13.0,17.0,3,0
pilot,prior,5,20,random,arms_visited,5.0,5.0,5.0,3,0
pilot,prior,5,20,random,best_arm_fraction,0.16666666666666666,0.05000000000000001,0.4000000000000001,3,0
pilot,prior,5,20,random,suffix_failure,0.0,0.0,0.0,3,0
pilot,prior,5,20,ts,pseudo_regret,5.580467084404341,4.318210869782492,7.361696290852066,3,0
pilot,prior,5,20,ts,reward,9.0,6.0,12.0,3,0
pilot,prior,5,20,ts,posterior_mean_greedy,0.5,0.3499999999999999,0.65,3,0
pilot,prior,5,20,ts,unseen_fraction,0.25,0.25,0.25,3,0
pilot,prior,5,20,ts,switches,12.333333333333334,9.0,14.0,3,0
pilot,prior,5,20,ts,arms_visited,5.0,5.0,5.0,3,0
pilot,prior,5,20,ts,best_arm_fraction,0.15,0.10000000000000002,0.20000000000000004,3,0
pilot,prior,5,20,ts,suffix_failure,0.0,0.0,0.0,3,0
pilot,prior,5,20,ucb1,pseudo_regret,5.25481959714934,3.7365845246247926,7.17775756617245,3,0
pilot,prior,5,20,ucb1,reward,9.666666666666666,8.0,13.0,3,0
pilot,prior,5,20,ucb1,posterior_mean_greedy,0.4166666666666667,0.4000000000000001,0.45,3,0
pilot,prior,5,20,ucb1,unseen_fraction,0.25,0.25,0.25,3,0
pilot,prior,5,20,ucb1,switches,18.333333333333332,18.0,19.0,3,0
pilot,prior,5,20,ucb1,arms_visited,5.0,5.0,5.0,3,0
pilot,prior,5,20,ucb1,best_arm_fraction,0.2333333333333333,0.20000000000000004,0.25,3,0
pilot,prior,5,20,ucb1,suffix_failure,0.0,0.0,0.0,3,0
pilot,prior,15,20,bayes_direct,pseudo_regret,8.29977110704971,5.09889059042548,10.791899609644366,3,0
pilot,prior,15,20,bayes_direct,reward,10.333333333333334,5.0,14.0,3,0
pilot,prior,15,20,bayes_direct,posterior_mean_greedy,0.9833333333333334,0.9499999999999998,1.0,3,0
pilot,prior,15,20,bayes_direct,unseen_fraction,0.31666666666666665,0.10000000000000002,0.6999999999999998,3,0
pilot,prior,15,20,bayes_direct,switches,5.333333333333333,1.0,13.0,3,0
pilot,prior,15,20,bayes_direct,arms_visited,6.333333333333333,2.0,14.0,3,0
pilot,prior,15,20,bayes_direct,best_arm_fraction,0.06666666666666667,0.0,0.20000000000000004,3,0
pilot,prior,15,20,bayes_direct,suffix_failure,0.6666666666666666,0.0,1.0,3,0
pilot,prior,15,20,bayes_direct,choice_mismatch_fraction,0.0,0.0,0.0,3,0
pilot,prior,15,20,bayes_sample,pseudo_regret,6.928024258136047,4.296425831683636,11.704028917642487,3,0
pilot,prior,15,20,bayes_sample,reward,11.666666666666666,4.0,16.0,3,0
pilot,prior,15,20,bayes_sample,posterior_mean_greedy,0.7666666666666667,0.65,0.85,3,0
pilot,prior,15,20,bayes_sample,unseen_fraction,0.31666666666666665,0.20000000000000004,0.5,3,0
pilot,prior,15,20,bayes_sample,switches,9.333333333333334,7.0,12.0,3,0
pilot,prior,15,20,bayes_sample,arms_visited,6.333333333333333,4.0,10.0,3,0
pilot,prior,15,20,bayes_sample,best_arm_fraction,0.21666666666666667,0.0,0.6,3,0
pilot,prior,15,20,bayes_sample,suffix_failure,0.3333333333333333,0.0,1.0,3,0
pilot,prior,15,20,bayes_sample,choice_mismatch_fraction,0.0,0.0,0.0,3,0
pilot,prior,15,20,bayes_ucb,pseudo_regret,7.359978720563667,4.815705569666697,8.893309254746255,3,0
pilot,prior,15,20,bayes_ucb,reward,10.0,8.0,14.0,3,0
pilot,prior,15,20,bayes_ucb,posterior_mean_greedy,0.8166666666666668,0.5,1.0,3,0
pilot,prior,15,20,bayes_ucb,unseen_fraction,0.46666666666666673,0.20000000000000004,0.65,3,0
pilot,prior,15,20,bayes_ucb,switches,8.333333333333334,3.0,12.0,3,0
pilot,prior,15,20,bayes_ucb,arms_visited,9.333333333333334,4.0,13.0,3,0
pilot,prior,15,20,bayes_ucb,best_arm_fraction,0.11666666666666665,0.0,0.3499999999999999,3,0
pilot,prior,15,20,bayes_ucb,suffix_failure,0.6666666666666666,0.0,1.0,3,0
pilot,prior,15,20,counts_direct,pseudo_regret,11.011555884722469,9.008523121079282,12.030250987738109,3,0
pilot,prior,15,20,counts_direct,reward,6.333333333333333,3.0,12.0,3,0
pilot,prior,15,20,counts_direct,posterior_mean_greedy,0.7166666666666667,0.3,1.0,3,0
pilot,prior,15,20,counts_direct,unseen_fraction,0.3,0.05000000000000001,0.6999999999999998,3,0
pilot,prior,15,20,counts_direct,switches,5.0,0.0,13.0,3,0
pilot,prior,15,20,counts_direct,arms_visited,6.0,1.0,14.0,3,0
pilot,prior,15,20,counts_direct,best_arm_fraction,0.03333333333333333,0.0,0.10000000000000002,3,0
pilot,prior,15,20,counts_direct,suffix_failure,0.6666666666666666,0.0,1.0,3,0
pilot,prior,15,20,counts_direct,choice_mismatch_fraction,0.0,0.0,0.0,3,0
pilot,prior,15,20,counts_sample,pseudo_regret,8.428747878206964,4.680625021727289,11.99589354535002,3,0
pilot,prior,15,20,counts_sample,reward,10.333333333333334,3.0,15.0,3,0
pilot,prior,15,20,counts_sample,posterior_mean_greedy,0.8333333333333334,0.8000000000000002,0.85,3,0
pilot,prior,15,20,counts_sample,unseen_fraction,0.36666666666666664,0.15,0.6999999999999998,3,0
pilot,prior,15,20,counts_sample,switches,8.333333333333334,3.0,14.0,3,0
pilot,prior,15,20,counts_sample,arms_visited,7.333333333333333,3.0,14.0,3,0
pilot,prior,15,20,counts_sample,best_arm_fraction,0.11666666666666665,0.10000000000000002,0.15,3,0
pilot,prior,15,20,counts_sample,suffix_failure,0.0,0.0,0.0,3,0
pilot,prior,15,20,counts_sample,choice_mismatch_fraction,0.0,0.0,0.0,3,0
pilot,prior,15,20,greedy,pseudo_regret,6.453325806481165,1.4101578744351915,10.189902641791535,3,0
pilot,prior,15,20,greedy,reward,12.333333333333334,6.0,16.0,3,0
pilot,prior,15,20,greedy,posterior_mean_greedy,1.0,1.0,1.0,3,0
pilot,prior,15,20,greedy,unseen_fraction,0.2833333333333333,0.05000000000000001,0.6999999999999998,3,0
pilot,prior,15,20,greedy,switches,5.0,0.0,14.0,3,0
pilot,prior,15,20,greedy,arms_visited,5.666666666666667,1.0,14.0,3,0
pilot,prior,15,20,greedy,best_arm_fraction,0.08333333333333333,0.0,0.25,3,0
pilot,prior,15,20,greedy,suffix_failure,0.6666666666666666,0.0,1.0,3,0
pilot,prior,15,20,ids,pseudo_regret,2.833934240904941,0.7254657416236623,3.993023062319123,3,0
pilot,prior,15,20,ids,reward,17.0,15.0,19.0,3,0
pilot,prior,15,20,ids,posterior_mean_greedy,0.9833333333333334,0.9499999999999998,1.0,3,0
pilot,prior,15,20,ids,unseen_fraction,0.18333333333333335,0.10000000000000002,0.3,3,0
pilot,prior,15,20,ids,switches,2.6666666666666665,1.0,5.0,3,0
pilot,prior,15,20,ids,arms_visited,3.6666666666666665,2.0,6.0,3,0
pilot,prior,15,20,ids,best_arm_fraction,0.5666666666666667,0.0,0.9499999999999998,3,0
pilot,prior,15,20,ids,suffix_failure,0.3333333333333333,0.0,1.0,3,0
pilot,prior,15,20,knowledge_gradient,pseudo_regret,3.549071942577978,0.7836992778869597,8.294289472457468,3,0
pilot,prior,15,20,knowledge_gradient,reward,16.0,10.0,19.0,3,0
pilot,prior,15,20,knowledge_gradient,posterior_mean_greedy,0.9333333333333332,0.8000000000000002,1.0,3,0
pilot,prior,15,20,knowledge_gradient,unseen_fraction,0.21666666666666667,0.10000000000000002,0.45,3,0
pilot,prior,15,20,knowledge_gradient,switches,3.3333333333333335,1.0,8.0,3,0
pilot,prior,15,20,knowledge_gradient,arms_visited,4.333333333333333,2.0,9.0,3,0
pilot,prior,15,20,knowledge_gradient,best_arm_fraction,0.31666666666666665,0.0,0.9499999999999998,3,0
pilot,prior,15,20,knowledge_gradient,suffix_failure,0.6666666666666666,0.0,1.0,3,0
pilot,prior,15,20,random,pseudo_regret,10.416803223334883,8.112569125108145,12.353559315609845,3,0
pilot,prior,15,20,random,reward,8.666666666666666,3.0,14.0,3,0
pilot,prior,15,20,random,posterior_mean_greedy,0.2833333333333333,0.15,0.3499999999999999,3,0
pilot,prior,15,20,random,unseen_fraction,0.5833333333333334,0.55,0.6,3,0
pilot,prior,15,20,random,switches,16.666666666666668,15.0,18.0,3,0
pilot,prior,15,20,random,arms_visited,11.666666666666666,11.0,12.0,3,0
pilot,prior,15,20,random,best_arm_fraction,0.05000000000000001,0.0,0.10000000000000002,3,0
pilot,prior,15,20,random,suffix_failure,0.3333333333333333,0.0,1.0,3,0
pilot,prior,15,20,ts,pseudo_regret,7.613251269312809,4.999047309000075,11.829013880413067,3,0
pilot,prior,15,20,ts,reward,10.666666666666666,5.0,14.0,3,0
pilot,prior,15,20,ts,posterior_mean_greedy,0.4666666666666666,0.3499999999999999,0.6,3,0
pilot,prior,15,20,ts,unseen_fraction,0.5,0.4000000000000001,0.65,3,0
pilot,prior,15,20,ts,switches,15.0,13.0,18.0,3,0
pilot,prior,15,20,ts,arms_visited,10.0,8.0,13.0,3,0
pilot,prior,15,20,ts,best_arm_fraction,0.25,0.10000000000000002,0.4000000000000001,3,0
pilot,prior,15,20,ts,suffix_failure,0.0,0.0,0.0,3,0
pilot,prior,15,20,ucb1,pseudo_regret,9.242657816830027,6.220501869172915,11.6917212761873,3,0
pilot,prior,15,20,ucb1,reward,9.333333333333334,5.0,15.0,3,0
pilot,prior,15,20,ucb1,posterior_mean_greedy,0.19999999999999998,0.10000000000000002,0.3,3,0
pilot,prior,15,20,ucb1,unseen_fraction,0.75,0.75,0.75,3,0
pilot,prior,15,20,ucb1,switches,19.0,19.0,19.0,3,0
pilot,prior,15,20,ucb1,arms_visited,15.0,15.0,15.0,3,0
pilot,prior,15,20,ucb1,best_arm_fraction,0.11666666666666665,0.10000000000000002,0.15,3,0
pilot,prior,15,20,ucb1,suffix_failure,0.0,0.0,0.0,3,0
