experiment,comparison_role,family,k,horizon,left,right,metric,mean_difference,ci_low,ci_high,n_pairs,n_left,n_right,unit
e3_exact_online,secondary_baseline,prior,2,20,bayes_direct,bayes_ucb,pseudo_regret,0.03284191158427396,-0.10198057809520655,0.17940777235674338,200,200,200,episode
e3_exact_online,secondary_baseline,prior,2,20,bayes_direct,bayes_ucb,reward,0.005,-0.17,0.17,200,200,200,episode
e3_exact_online,secondary_baseline,prior,2,20,bayes_direct,bayes_ucb,exact_loss,0.006853745414746941,-0.014267516849966024,0.028659699673416805,200,200,200,episode
e3_exact_online,primary_assistance,prior,2,20,bayes_direct,counts_direct,pseudo_regret,-0.05027002130087478,-0.17943652099857402,0.06414517682147819,200,200,200,episode
e3_exact_online,primary_assistance,prior,2,20,bayes_direct,counts_direct,reward,0.11,-0.02,0.255,200,200,200,episode
e3_exact_online,primary_assistance,prior,2,20,bayes_direct,counts_direct,exact_loss,-0.1202830658122067,-0.15974375889146136,-0.08367894947690639,200,200,200,episode
e3_exact_online,planned_comparison,prior,2,20,bayes_direct,exact,pseudo_regret,0.06515275218595563,-0.05471369749558958,0.19372476480499407,200,200,200,episode
e3_exact_online,planned_comparison,prior,2,20,bayes_direct,exact,reward,-0.07,-0.235,0.09,200,200,200,episode
e3_exact_online,planned_comparison,prior,2,20,bayes_direct,exact,exact_loss,0.06488700468448272,0.04670012827320292,0.0855221932911964,200,200,200,episode
e3_exact_online,secondary_baseline,prior,2,20,bayes_direct,finite_ap_index,pseudo_regret,0.07317313616752222,-0.050464399913288896,0.20715786359375574,200,200,200,episode
e3_exact_online,secondary_baseline,prior,2,20,bayes_direct,finite_ap_index,reward,-0.05,-0.22,0.11,200,200,200,episode
e3_exact_online,secondary_baseline,prior,2,20,bayes_direct,finite_ap_index,exact_loss,0.06324370235071367,0.04459146672398542,0.08374639639318292,200,200,200,episode
e3_exact_online,secondary_baseline,prior,2,20,bayes_direct,greedy,pseudo_regret,0.16645909203266832,0.031032373676792006,0.31217241035540444,200,200,200,episode
e3_exact_online,secondary_baseline,prior,2,20,bayes_direct,greedy,reward,-0.125,-0.285,0.03,200,200,200,episode
e3_exact_online,secondary_baseline,prior,2,20,bayes_direct,greedy,exact_loss,0.0025378107088263203,-0.018952127120695692,0.02405616353325451,200,200,200,episode
e3_exact_online,secondary_baseline,prior,2,20,bayes_direct,ids,pseudo_regret,0.041589601827525725,-0.06738582134198286,0.15818130484847454,200,200,200,episode
e3_exact_online,secondary_baseline,prior,2,20,bayes_direct,ids,reward,-0.035,-0.185,0.11,200,200,200,episode
e3_exact_online,secondary_baseline,prior,2,20,bayes_direct,ids,exact_loss,0.028736299268914273,0.009996663230717564,0.04841100614524456,200,200,200,episode
e3_exact_online,secondary_baseline,prior,2,20,bayes_direct,knowledge_gradient,pseudo_regret,-0.0010181839348273015,-0.12920288025745863,0.13193021762370108,200,200,200,episode
e3_exact_online,secondary_baseline,prior,2,20,bayes_direct,knowledge_gradient,reward,0.03,-0.155,0.21,200,200,200,episode
e3_exact_online,secondary_baseline,prior,2,20,bayes_direct,knowledge_gradient,exact_loss,0.03328841378536038,0.012242654339325861,0.05699891016125407,200,200,200,episode
e3_exact_online,primary_vs_ts,prior,2,20,bayes_direct,ts,pseudo_regret,-0.5114066038270029,-0.6538885687219083,-0.365499183980444,200,200,200,episode
e3_exact_online,primary_vs_ts,prior,2,20,bayes_direct,ts,reward,0.625,0.4,0.84,200,200,200,episode
e3_exact_online,primary_vs_ts,prior,2,20,bayes_direct,ts,exact_loss,-0.43762775406430604,-0.486159822885651,-0.38929545914660946,200,200,200,episode
e3_exact_online,secondary_baseline,prior,2,20,bayes_direct,ucb1,pseudo_regret,-0.8988740988678791,-1.0885549438408795,-0.7053926756503083,200,200,200,episode
e3_exact_online,secondary_baseline,prior,2,20,bayes_direct,ucb1,reward,0.975,0.714875,1.215,200,200,200,episode
e3_exact_online,secondary_baseline,prior,2,20,bayes_direct,ucb1,exact_loss,-0.8676410600763441,-0.9402499875053065,-0.7961165263381107,200,200,200,episode
e3_exact_online,planned_comparison,prior,2,20,bayes_sample,bayes_direct,pseudo_regret,0.39986639219476294,0.2759682815848337,0.5219057793223387,200,200,200,episode
e3_exact_online,planned_comparison,prior,2,20,bayes_sample,bayes_direct,reward,-0.56,-0.725,-0.39,200,200,200,episode
e3_exact_online,planned_comparison,prior,2,20,bayes_sample,bayes_direct,exact_loss,0.350326624264593,0.29541207049959767,0.4084389910840468,200,200,200,episode
e3_exact_online,secondary_baseline,prior,2,20,bayes_sample,bayes_ucb,pseudo_regret,0.4327083037790369,0.3065907956056797,0.5605654302506371,200,200,200,episode
e3_exact_online,secondary_baseline,prior,2,20,bayes_sample,bayes_ucb,reward,-0.555,-0.72,-0.39,200,200,200,episode
e3_exact_online,secondary_baseline,prior,2,20,bayes_sample,bayes_ucb,exact_loss,0.3571803696793399,0.30639239192071427,0.411087174528709,200,200,200,episode
e3_exact_online,planned_comparison,prior,2,20,bayes_sample,exact,pseudo_regret,0.4650191443807186,0.34905677416123004,0.5828100830926068,200,200,200,episode
e3_exact_online,planned_comparison,prior,2,20,bayes_sample,exact,reward,-0.63,-0.795,-0.47,200,200,200,episode
e3_exact_online,planned_comparison,prior,2,20,bayes_sample,exact,exact_loss,0.4152136289490757,0.3645006451720885,0.46813799891845587,200,200,200,episode
e3_exact_online,secondary_baseline,prior,2,20,bayes_sample,finite_ap_index,pseudo_regret,0.4730395283622852,0.3586122147333383,0.5895950044373163,200,200,200,episode
e3_exact_online,secondary_baseline,prior,2,20,bayes_sample,finite_ap_index,reward,-0.61,-0.775,-0.445,200,200,200,episode
e3_exact_online,secondary_baseline,prior,2,20,bayes_sample,finite_ap_index,exact_loss,0.41357032661530657,0.3641648079321605,0.4675810338586298,200,200,200,episode
e3_exact_online,secondary_baseline,prior,2,20,bayes_sample,greedy,pseudo_regret,0.5663254842274312,0.4293212930704829,0.7109792031757236,200,200,200,episode
e3_exact_online,secondary_baseline,prior,2,20,bayes_sample,greedy,reward,-0.685,-0.865,-0.51,200,200,200,episode
e3_exact_online,secondary_baseline,prior,2,20,bayes_sample,greedy,exact_loss,0.3528644349734192,0.29964875029315163,0.4088324693817397,200,200,200,episode
e3_exact_online,secondary_baseline,prior,2,20,bayes_sample,ids,pseudo_regret,0.4414559940222887,0.3329309428980307,0.5528772925244907,200,200,200,episode
e3_exact_online,secondary_baseline,prior,2,20,bayes_sample,ids,reward,-0.595,-0.75,-0.445,200,200,200,episode
e3_exact_online,secondary_baseline,prior,2,20,bayes_sample,ids,exact_loss,0.37906292353350723,0.32826156814425705,0.43336941449732924,200,200,200,episode
e3_exact_online,secondary_baseline,prior,2,20,bayes_sample,knowledge_gradient,pseudo_regret,0.3988482082599357,0.2817753237829652,0.5146104534654683,200,200,200,episode
e3_exact_online,secondary_baseline,prior,2,20,bayes_sample,knowledge_gradient,reward,-0.53,-0.705,-0.36,200,200,200,episode
e3_exact_online,secondary_baseline,prior,2,20,bayes_sample,knowledge_gradient,exact_loss,0.3836150380499534,0.32966287746455075,0.439411873561623,200,200,200,episode
e3_exact_online,planned_comparison,prior,2,20,bayes_sample,ts,pseudo_regret,-0.11154021163223993,-0.22106750731908525,-0.005066960070276123,200,200,200,episode
e3_exact_online,planned_comparison,prior,2,20,bayes_sample,ts,reward,0.065,-0.105,0.235,200,200,200,episode
e3_exact_online,planned_comparison,prior,2,20,bayes_sample,ts,exact_loss,-0.08730112979971309,-0.14859374964270328,-0.023510329051795852,200,200,200,episode
e3_exact_online,secondary_baseline,prior,2,20,bayes_sample,ucb1,pseudo_regret,-0.49900770667311606,-0.6409355060877435,-0.35704422579567485,200,200,200,episode
e3_exact_online,secondary_baseline,prior,2,20,bayes_sample,ucb1,reward,0.415,0.22,0.605,200,200,200,episode
e3_exact_online,secondary_baseline,prior,2,20,bayes_sample,ucb1,exact_loss,-0.5173144358117512,-0.5926752902905033,-0.4439931919259964,200,200,200,episode
e3_exact_online,secondary_baseline,prior,2,20,counts_direct,bayes_ucb,pseudo_regret,0.08311193288514876,-0.0984725185164592,0.28137720328059546,200,200,200,episode
e3_exact_online,secondary_baseline,prior,2,20,counts_direct,bayes_ucb,reward,-0.105,-0.34,0.115,200,200,200,episode
e3_exact_online,secondary_baseline,prior,2,20,counts_direct,bayes_ucb,exact_loss,0.12713681122695367,0.08472117742114604,0.17137237655126372,200,200,200,episode
e3_exact_online,planned_comparison,prior,2,20,counts_direct,exact,pseudo_regret,0.11542277348683044,-0.061091744239357856,0.3104524079318417,200,200,200,episode
e3_exact_online,planned_comparison,prior,2,20,counts_direct,exact,reward,-0.18,-0.42,0.045,200,200,200,episode
e3_exact_online,planned_comparison,prior,2,20,counts_direct,exact,exact_loss,0.18517007049668943,0.1405135092101882,0.23216467441812935,200,200,200,episode
e3_exact_online,secondary_baseline,prior,2,20,counts_direct,finite_ap_index,pseudo_regret,0.12344315746839701,-0.057752216572177446,0.32716583324526316,200,200,200,episode
e3_exact_online,secondary_baseline,prior,2,20,counts_direct,finite_ap_index,reward,-0.16,-0.4001249999999999,0.065,200,200,200,episode
e3_exact_online,secondary_baseline,prior,2,20,counts_direct,finite_ap_index,exact_loss,0.18352676816292038,0.13969547129591411,0.23088560695317853,200,200,200,episode
e3_exact_online,secondary_baseline,prior,2,20,counts_direct,greedy,pseudo_regret,0.2167291133335431,0.03131008872043495,0.416366015060465,200,200,200,episode
e3_exact_online,secondary_baseline,prior,2,20,counts_direct,greedy,reward,-0.235,-0.455,-0.03,200,200,200,episode
e3_exact_online,secondary_baseline,prior,2,20,counts_direct,greedy,exact_loss,0.12282087652103303,0.0795089433009576,0.16950770056383188,200,200,200,episode
e3_exact_online,secondary_baseline,prior,2,20,counts_direct,ids,pseudo_regret,0.09185962312840051,-0.0640256096791194,0.27008270954227676,200,200,200,episode
e3_exact_online,secondary_baseline,prior,2,20,counts_direct,ids,reward,-0.145,-0.36512499999999987,0.06,200,200,200,episode
e3_exact_online,secondary_baseline,prior,2,20,counts_direct,ids,exact_loss,0.149019365081121,0.10736801070515066,0.19310741470727769,200,200,200,episode
e3_exact_online,secondary_baseline,prior,2,20,counts_direct,knowledge_gradient,pseudo_regret,0.049251837366047484,-0.12960743408825195,0.24455515652954593,200,200,200,episode
e3_exact_online,secondary_baseline,prior,2,20,counts_direct,knowledge_gradient,reward,-0.08,-0.325,0.15,200,200,200,episode
e3_exact_online,secondary_baseline,prior,2,20,counts_direct,knowledge_gradient,exact_loss,0.1535714795975671,0.10740928742350749,0.20345554294287896,200,200,200,episode
e3_exact_online,primary_vs_ts,prior,2,20,counts_direct,ts,pseudo_regret,-0.46113658252612816,-0.6449123055016989,-0.259848033158289,200,200,200,episode
e3_exact_online,primary_vs_ts,prior,2,20,counts_direct,ts,reward,0.515,0.23,0.775,200,200,200,episode
e3_exact_online,primary_vs_ts,prior,2,20,counts_direct,ts,exact_loss,-0.3173446882520993,-0.37756197288845667,-0.2567981398048118,200,200,200,episode
e3_exact_online,secondary_baseline,prior,2,20,counts_direct,ucb1,pseudo_regret,-0.8486040775670043,-1.0731621368764235,-0.6151703391309082,200,200,200,episode
e3_exact_online,secondary_baseline,prior,2,20,counts_direct,ucb1,reward,0.865,0.57,1.15,200,200,200,episode
e3_exact_online,secondary_baseline,prior,2,20,counts_direct,ucb1,exact_loss,-0.7473579942641375,-0.8246172930352039,-0.6693826121681892,200,200,200,episode
e3_exact_online,secondary_baseline,prior,2,20,counts_sample,bayes_ucb,pseudo_regret,0.4578357374732713,0.30970051197749576,0.6033632943640415,200,200,200,episode
e3_exact_online,secondary_baseline,prior,2,20,counts_sample,bayes_ucb,reward,-0.49,-0.685,-0.295,200,200,200,episode
e3_exact_online,secondary_baseline,prior,2,20,counts_sample,bayes_ucb,exact_loss,0.43099126650702635,0.36944543440031424,0.49445312365159066,200,200,200,episode
e3_exact_online,planned_comparison,prior,2,20,counts_sample,counts_direct,pseudo_regret,0.3747238045881224,0.2063951414571458,0.5350462992854429,200,200,200,episode
e3_exact_online,planned_comparison,prior,2,20,counts_sample,counts_direct,reward,-0.385,-0.61,-0.145,200,200,200,episode
e3_exact_online,planned_comparison,prior,2,20,counts_sample,counts_direct,exact_loss,0.30385445528007277,0.2286688452654259,0.37898345414408885,200,200,200,episode
e3_exact_online,planned_comparison,prior,2,20,counts_sample,exact,pseudo_regret,0.4901465780749528,0.35475381469240913,0.6351131024822927,200,200,200,episode
e3_exact_online,planned_comparison,prior,2,20,counts_sample,exact,reward,-0.565,-0.76,-0.375,200,200,200,episode
e3_exact_online,planned_comparison,prior,2,20,counts_sample,exact,exact_loss,0.48902452577676214,0.4274456683995427,0.5503402762476725,200,200,200,episode
e3_exact_online,secondary_baseline,prior,2,20,counts_sample,finite_ap_index,pseudo_regret,0.4981669620565195,0.3563605810316374,0.6407432907121443,200,200,200,episode
e3_exact_online,secondary_baseline,prior,2,20,counts_sample,finite_ap_index,reward,-0.545,-0.745,-0.35,200,200,200,episode
e3_exact_online,secondary_baseline,prior,2,20,counts_sample,finite_ap_index,exact_loss,0.4873812234429931,0.4271826195318823,0.5498813625649295,200,200,200,episode
e3_exact_online,secondary_baseline,prior,2,20,counts_sample,greedy,pseudo_regret,0.5914529179216657,0.4322470488504748,0.7556011795868679,200,200,200,episode
e3_exact_online,secondary_baseline,prior,2,20,counts_sample,greedy,reward,-0.62,-0.84,-0.41,200,200,200,episode
e3_exact_online,secondary_baseline,prior,2,20,counts_sample,greedy,exact_loss,0.42667533180110573,0.3625249783216113,0.49201993875725486,200,200,200,episode
e3_exact_online,secondary_baseline,prior,2,20,counts_sample,ids,pseudo_regret,0.466583427716523,0.3336726660745204,0.6051074466081681,200,200,200,episode
e3_exact_online,secondary_baseline,prior,2,20,counts_sample,ids,reward,-0.53,-0.725,-0.34,200,200,200,episode
e3_exact_online,secondary_baseline,prior,2,20,counts_sample,ids,exact_loss,0.45287382036119367,0.3915503786271715,0.5169228884988728,200,200,200,episode
e3_exact_online,secondary_baseline,prior,2,20,counts_sample,knowledge_gradient,pseudo_regret,0.4239756419541699,0.2831253226815413,0.5700421215724607,200,200,200,episode
e3_exact_online,secondary_baseline,prior,2,20,counts_sample,knowledge_gradient,reward,-0.465,-0.67,-0.265,200,200,200,episode
e3_exact_online,secondary_baseline,prior,2,20,counts_sample,knowledge_gradient,exact_loss,0.45742593487763983,0.39489516548305076,0.5223206019698408,200,200,200,episode
e3_exact_online,planned_comparison,prior,2,20,counts_sample,ts,pseudo_regret,-0.08641277793800566,-0.2266292339949359,0.058328131357756045,200,200,200,episode
e3_exact_online,planned_comparison,prior,2,20,counts_sample,ts,reward,0.13,-0.07,0.33,200,200,200,episode
e3_exact_online,planned_comparison,prior,2,20,counts_sample,ts,exact_loss,-0.013490232972026617,-0.08800967927265263,0.0653539224295093,200,200,200,episode
e3_exact_online,secondary_baseline,prior,2,20,counts_sample,ucb1,pseudo_regret,-0.4738802729788818,-0.6250421803192401,-0.32266872833328186,200,200,200,episode
e3_exact_online,secondary_baseline,prior,2,20,counts_sample,ucb1,reward,0.48,0.27,0.68,200,200,200,episode
e3_exact_online,secondary_baseline,prior,2,20,counts_sample,ucb1,exact_loss,-0.4435035389840647,-0.5210748688696873,-0.36620094494740923,200,200,200,episode
e3_exact_online,secondary_baseline,prior,2,20,dp_direct,bayes_ucb,pseudo_regret,-0.019722636497887712,-0.12498868452396916,0.09173219608798226,200,200,200,episode
e3_exact_online,secondary_baseline,prior,2,20,dp_direct,bayes_ucb,reward,0.05,-0.075,0.17,200,200,200,episode
e3_exact_online,secondary_baseline,prior,2,20,dp_direct,bayes_ucb,exact_loss,-0.058033259269735786,-0.07039503969991061,-0.046022701857761125,200,200,200,episode
e3_exact_online,planned_comparison,prior,2,20,dp_direct,exact,pseudo_regret,0.012588204103793963,-0.060324314203777124,0.09254464241233892,200,200,200,episode
e3_exact_online,planned_comparison,prior,2,20,dp_direct,exact,reward,-0.025,-0.115,0.065,200,200,200,episode
e3_exact_online,planned_comparison,prior,2,20,dp_direct,exact,exact_loss,0.0,0.0,0.0,200,200,200,episode
e3_exact_online,secondary_baseline,prior,2,20,dp_direct,finite_ap_index,pseudo_regret,0.02060858808536054,-0.059715636272943934,0.10088641252544213,200,200,200,episode
e3_exact_online,secondary_baseline,prior,2,20,dp_direct,finite_ap_index,reward,-0.005,-0.105,0.105,200,200,200,episode
e3_exact_online,secondary_baseline,prior,2,20,dp_direct,finite_ap_index,exact_loss,-0.00164330233376905,-0.002277138167456747,-0.00108830803093804,200,200,200,episode
e3_exact_online,secondary_baseline,prior,2,20,dp_direct,greedy,pseudo_regret,0.11389454395050666,0.002319648501970715,0.2380403877297615,200,200,200,episode
e3_exact_online,secondary_baseline,prior,2,20,dp_direct,greedy,reward,-0.08,-0.21,0.055,200,200,200,episode
e3_exact_online,secondary_baseline,prior,2,20,dp_direct,greedy,exact_loss,-0.06234919397565641,-0.08169109924735594,-0.04526002149485921,200,200,200,episode
e3_exact_online,secondary_baseline,prior,2,20,dp_direct,ids,pseudo_regret,-0.010974946254635944,-0.0728028058210805,0.05060046324018675,200,200,200,episode
e3_exact_online,secondary_baseline,prior,2,20,dp_direct,ids,reward,0.01,-0.085,0.105,200,200,200,episode
e3_exact_online,secondary_baseline,prior,2,20,dp_direct,ids,exact_loss,-0.036150705415568446,-0.04647779399961043,-0.026876380636625858,200,200,200,episode
e3_exact_online,secondary_baseline,prior,2,20,dp_direct,knowledge_gradient,pseudo_regret,-0.053582732016989,-0.13993558745502246,0.0318429459985734,200,200,200,episode
e3_exact_online,secondary_baseline,prior,2,20,dp_direct,knowledge_gradient,reward,0.075,-0.045,0.2,200,200,200,episode
e3_exact_online,secondary_baseline,prior,2,20,dp_direct,knowledge_gradient,exact_loss,-0.03159859089912234,-0.0405160526453809,-0.023419264587741895,200,200,200,episode
e3_exact_online,planned_comparison,prior,2,20,dp_direct,ts,pseudo_regret,-0.5639711519091645,-0.676776906639402,-0.452931535347955,200,200,200,episode
e3_exact_online,planned_comparison,prior,2,20,dp_direct,ts,reward,0.67,0.49,0.845,200,200,200,episode
e3_exact_online,planned_comparison,prior,2,20,dp_direct,ts,exact_loss,-0.5025147587487888,-0.5477867549186548,-0.4592432779145652,200,200,200,episode
e3_exact_online,secondary_baseline,prior,2,20,dp_direct,ucb1,pseudo_regret,-0.9514386469500407,-1.1144814400124723,-0.7826216269499915,200,200,200,episode
e3_exact_online,secondary_baseline,prior,2,20,dp_direct,ucb1,reward,1.02,0.795,1.235,200,200,200,episode
e3_exact_online,secondary_baseline,prior,2,20,dp_direct,ucb1,exact_loss,-0.9325280647608268,-0.9997363874208717,-0.8646476589940851,200,200,200,episode
pilot,secondary_baseline,clear,2,20,bayes_direct,bayes_ucb,pseudo_regret,-0.5333333333333333,-0.7999999999999999,-0.39999999999999997,3,3,3,episode
pilot,secondary_baseline,clear,5,20,bayes_direct,bayes_ucb,pseudo_regret,1.3333333333333328,-0.8000000000000003,5.199999999999999,3,3,3,episode
pilot,secondary_baseline,clear,15,20,bayes_direct,bayes_ucb,pseudo_regret,0.4000000000000001,0.0,1.2000000000000002,3,3,3,episode
pilot,secondary_baseline,close,2,20,bayes_direct,bayes_ucb,pseudo_regret,0.01666666666666668,-0.10000000000000009,0.20000000000000018,3,3,3,episode
pilot,secondary_baseline,close,5,20,bayes_direct,bayes_ucb,pseudo_regret,-0.2833333333333336,-0.6500000000000006,0.10000000000000009,3,3,3,episode
pilot,secondary_baseline,close,15,20,bayes_direct,bayes_ucb,pseudo_regret,0.10000000000000009,0.0,0.15000000000000013,3,3,3,episode
pilot,secondary_baseline,prior,2,20,bayes_direct,bayes_ucb,pseudo_regret,-0.0443966893898059,-0.21757154368580026,0.11330133588042846,3,3,3,episode
pilot,secondary_baseline,prior,5,20,bayes_direct,bayes_ucb,pseudo_regret,1.4266912730173356,-2.176091457766379,4.832446430642686,3,3,3,episode
pilot,secondary_baseline,prior,15,20,bayes_direct,bayes_ucb,pseudo_regret,0.939792386486042,0.2831850207587827,1.8985903548981096,3,3,3,episode
pilot,secondary_baseline,clear,2,20,bayes_direct,bayes_ucb,reward,1.0,1.0,1.0,3,3,3,episode
pilot,secondary_baseline,clear,5,20,bayes_direct,bayes_ucb,reward,-2.3333333333333335,-7.0,0.0,3,3,3,episode
pilot,secondary_baseline,clear,15,20,bayes_direct,bayes_ucb,reward,0.6666666666666666,-4.0,7.0,3,3,3,episode
pilot,secondary_baseline,close,2,20,bayes_direct,bayes_ucb,reward,1.0,0.0,2.0,3,3,3,episode
pilot,secondary_baseline,close,5,20,bayes_direct,bayes_ucb,reward,-1.6666666666666667,-3.0,0.0,3,3,3,episode
pilot,secondary_baseline,close,15,20,bayes_direct,bayes_ucb,reward,2.3333333333333335,0.0,7.0,3,3,3,episode
pilot,secondary_baseline,prior,2,20,bayes_direct,bayes_ucb,reward,-0.6666666666666666,-1.0,0.0,3,3,3,episode
pilot,secondary_baseline,prior,5,20,bayes_direct,bayes_ucb,reward,0.0,-3.0,3.0,3,3,3,episode
pilot,secondary_baseline,prior,15,20,bayes_direct,bayes_ucb,reward,0.3333333333333333,-3.0,4.0,3,3,3,episode
pilot,primary_assistance,clear,2,20,bayes_direct,counts_direct,pseudo_regret,0.0,0.0,0.0,3,3,3,episode
pilot,primary_assistance,clear,5,20,bayes_direct,counts_direct,pseudo_regret,0.7999999999999999,0.0,2.4,3,3,3,episode
pilot,primary_assistance,clear,15,20,bayes_direct,counts_direct,pseudo_regret,2.2666666666666666,-0.39999999999999947,7.199999999999999,3,3,3,episode
pilot,primary_assistance,close,2,20,bayes_direct,counts_direct,pseudo_regret,0.01666666666666668,0.0,0.050000000000000044,3,3,3,episode
pilot,primary_assistance,close,5,20,bayes_direct,counts_direct,pseudo_regret,-0.2833333333333336,-0.8500000000000009,0.0,3,3,3,episode
pilot,primary_assistance,close,15,20,bayes_direct,counts_direct,pseudo_regret,0.0,0.0,0.0,3,3,3,episode
pilot,primary_assistance,prior,2,20,bayes_direct,counts_direct,pseudo_regret,-0.14964347553272242,-0.23135888291236695,0.0,3,3,3,episode
pilot,primary_assistance,prior,5,20,bayes_direct,counts_direct,pseudo_regret,-3.222489884480192,-6.950796573767646,-1.2848131048426463,3,3,3,episode
pilot,primary_assistance,prior,15,20,bayes_direct,counts_direct,pseudo_regret,-2.7117847776727615,-6.931360397312628,0.0,3,3,3,episode
pilot,primary_assistance,clear,2,20,bayes_direct,counts_direct,reward,0.0,0.0,0.0,3,3,3,episode
pilot,primary_assistance,clear,5,20,bayes_direct,counts_direct,reward,-1.0,-3.0,0.0,3,3,3,episode
pilot,primary_assistance,clear,15,20,bayes_direct,counts_direct,reward,0.0,-2.0,2.0,3,3,3,episode
pilot,primary_assistance,close,2,20,bayes_direct,counts_direct,reward,0.0,0.0,0.0,3,3,3,episode
pilot,primary_assistance,close,5,20,bayes_direct,counts_direct,reward,0.0,0.0,0.0,3,3,3,episode
pilot,primary_assistance,close,15,20,bayes_direct,counts_direct,reward,-0.3333333333333333,-1.0,0.0,3,3,3,episode
pilot,primary_assistance,prior,2,20,bayes_direct,counts_direct,reward,0.0,-1.0,1.0,3,3,3,episode
pilot,primary_assistance,prior,5,20,bayes_direct,counts_direct,reward,3.0,2.0,5.0,3,3,3,episode
pilot,primary_assistance,prior,15,20,bayes_direct,counts_direct,reward,4.0,0.0,10.0,3,3,3,episode
pilot,secondary_baseline,clear,2,20,bayes_direct,greedy,pseudo_regret,0.0,0.0,0.0,3,3,3,episode
pilot,secondary_baseline,clear,5,20,bayes_direct,greedy,pseudo_regret,1.8666666666666665,0.0,4.3999999999999995,3,3,3,episode
pilot,secondary_baseline,clear,15,20,bayes_direct,greedy,pseudo_regret,-0.39999999999999974,-0.7999999999999998,0.0,3,3,3,episode
pilot,secondary_baseline,close,2,20,bayes_direct,greedy,pseudo_regret,-0.01666666666666668,-0.050000000000000044,0.0,3,3,3,episode
pilot,secondary_baseline,close,5,20,bayes_direct,greedy,pseudo_regret,-0.21666666666666687,-0.6500000000000006,0.0,3,3,3,episode
pilot,secondary_baseline,close,15,20,bayes_direct,greedy,pseudo_regret,0.0,0.0,0.0,3,3,3,episode
pilot,secondary_baseline,prior,2,20,bayes_direct,greedy,pseudo_regret,0.04740706541482478,0.0,0.11330133588042846,3,3,3,episode
pilot,secondary_baseline,prior,5,20,bayes_direct,greedy,pseudo_regret,2.368041219886275,-0.25820129961486105,5.6143940150100144,3,3,3,episode
pilot,secondary_baseline,prior,15,20,bayes_direct,greedy,pseudo_regret,1.8464453005685446,0.6019969678528287,3.6887327159902887,3,3,3,episode
pilot,secondary_baseline,clear,2,20,bayes_direct,greedy,reward,0.0,0.0,0.0,3,3,3,episode
pilot,secondary_baseline,clear,5,20,bayes_direct,greedy,reward,-2.3333333333333335,-6.0,0.0,3,3,3,episode
pilot,secondary_baseline,clear,15,20,bayes_direct,greedy,reward,-0.3333333333333333,-3.0,1.0,3,3,3,episode
pilot,secondary_baseline,close,2,20,bayes_direct,greedy,reward,0.3333333333333333,0.0,1.0,3,3,3,episode
pilot,secondary_baseline,close,5,20,bayes_direct,greedy,reward,-1.0,-3.0,0.0,3,3,3,episode
pilot,secondary_baseline,close,15,20,bayes_direct,greedy,reward,0.6666666666666666,-2.0,5.0,3,3,3,episode
pilot,secondary_baseline,prior,2,20,bayes_direct,greedy,reward,-0.3333333333333333,-1.0,0.0,3,3,3,episode
pilot,secondary_baseline,prior,5,20,bayes_direct,greedy,reward,-1.0,-4.0,1.0,3,3,3,episode
pilot,secondary_baseline,prior,15,20,bayes_direct,greedy,reward,-2.0,-3.0,-1.0,3,3,3,episode
pilot,secondary_baseline,clear,2,20,bayes_direct,ids,pseudo_regret,-0.39999999999999997,-0.39999999999999997,-0.39999999999999997,3,3,3,episode
pilot,secondary_baseline,clear,5,20,bayes_direct,ids,pseudo_regret,2.133333333333333,-0.8000000000000003,7.599999999999999,3,3,3,episode
pilot,secondary_baseline,clear,15,20,bayes_direct,ids,pseudo_regret,0.0,0.0,0.0,3,3,3,episode
pilot,secondary_baseline,close,2,20,bayes_direct,ids,pseudo_regret,0.050000000000000044,-0.050000000000000044,0.20000000000000018,3,3,3,episode
pilot,secondary_baseline,close,5,20,bayes_direct,ids,pseudo_regret,-0.31666666666666693,-0.7000000000000006,0.0,3,3,3,episode
pilot,secondary_baseline,close,15,20,bayes_direct,ids,pseudo_regret,0.10000000000000009,0.0,0.15000000000000013,3,3,3,episode
pilot,secondary_baseline,prior,2,20,bayes_direct,ids,pseudo_regret,-0.0443966893898059,-0.21757154368580026,0.11330133588042846,3,3,3,episode
pilot,secondary_baseline,prior,5,20,bayes_direct,ids,pseudo_regret,1.4883417829635477,-1.7629579872745147,4.673437607891362,3,3,3,episode
pilot,secondary_baseline,prior,15,20,bayes_direct,ids,pseudo_regret,5.465836866144767,1.1058675281063568,8.28305737945562,3,3,3,episode
pilot,secondary_baseline,clear,2,20,bayes_direct,ids,reward,1.0,1.0,1.0,3,3,3,episode
pilot,secondary_baseline,clear,5,20,bayes_direct,ids,reward,-2.6666666666666665,-8.0,0.0,3,3,3,episode
pilot,secondary_baseline,clear,15,20,bayes_direct,ids,reward,1.6666666666666667,-3.0,7.0,3,3,3,episode
pilot,secondary_baseline,close,2,20,bayes_direct,ids,reward,0.3333333333333333,0.0,1.0,3,3,3,episode
pilot,secondary_baseline,close,5,20,bayes_direct,ids,reward,-2.3333333333333335,-4.0,-1.0,3,3,3,episode
pilot,secondary_baseline,close,15,20,bayes_direct,ids,reward,1.3333333333333333,0.0,3.0,3,3,3,episode
pilot,secondary_baseline,prior,2,20,bayes_direct,ids,reward,-0.6666666666666666,-1.0,0.0,3,3,3,episode
pilot,secondary_baseline,prior,5,20,bayes_direct,ids,reward,-0.3333333333333333,-3.0,2.0,3,3,3,episode
pilot,secondary_baseline,prior,15,20,bayes_direct,ids,reward,-6.666666666666667,-10.0,-3.0,3,3,3,episode
pilot,secondary_baseline,clear,2,20,bayes_direct,knowledge_gradient,pseudo_regret,-0.39999999999999997,-0.39999999999999997,-0.39999999999999997,3,3,3,episode
pilot,secondary_baseline,clear,5,20,bayes_direct,knowledge_gradient,pseudo_regret,2.133333333333333,-0.3999999999999999,6.8,3,3,3,episode
pilot,secondary_baseline,clear,15,20,bayes_direct,knowledge_gradient,pseudo_regret,0.4000000000000001,-0.7999999999999998,2.0,3,3,3,episode
pilot,secondary_baseline,close,2,20,bayes_direct,knowledge_gradient,pseudo_regret,0.03333333333333336,-0.050000000000000044,0.15000000000000013,3,3,3,episode
pilot,secondary_baseline,close,5,20,bayes_direct,knowledge_gradient,pseudo_regret,-0.2833333333333336,-0.8500000000000009,0.0,3,3,3,episode
pilot,secondary_baseline,close,15,20,bayes_direct,knowledge_gradient,pseudo_regret,0.21666666666666687,0.0,0.5000000000000004,3,3,3,episode
pilot,secondary_baseline,prior,2,20,bayes_direct,knowledge_gradient,pseudo_regret,-0.009639953454681957,-0.02891986036404587,0.0,3,3,3,episode
pilot,secondary_baseline,prior,5,20,bayes_direct,knowledge_gradient,pseudo_regret,1.6958579418241542,-1.7629579872745147,5.295986084473181,3,3,3,episode
pilot,secondary_baseline,prior,15,20,bayes_direct,knowledge_gradient,pseudo_regret,4.7506991644717305,0.7142336486218142,10.008200331757404,3,3,3,episode
pilot,secondary_baseline,clear,2,20,bayes_direct,knowledge_gradient,reward,1.0,1.0,1.0,3,3,3,episode
pilot,secondary_baseline,clear,5,20,bayes_direct,knowledge_gradient,reward,-2.6666666666666665,-8.0,0.0,3,3,3,episode
pilot,secondary_baseline,clear,15,20,bayes_direct,knowledge_gradient,reward,0.6666666666666666,-1.0,2.0,3,3,3,episode
pilot,secondary_baseline,close,2,20,bayes_direct,knowledge_gradient,reward,0.0,-1.0,1.0,3,3,3,episode
pilot,secondary_baseline,close,5,20,bayes_direct,knowledge_gradient,reward,-0.6666666666666666,-2.0,0.0,3,3,3,episode
pilot,secondary_baseline,close,15,20,bayes_direct,knowledge_gradient,reward,1.6666666666666667,-1.0,6.0,3,3,3,episode
pilot,secondary_baseline,prior,2,20,bayes_direct,knowledge_gradient,reward,0.0,0.0,0.0,3,3,3,episode
pilot,secondary_baseline,prior,5,20,bayes_direct,knowledge_gradient,reward,-0.3333333333333333,-3.0,2.0,3,3,3,episode
pilot,secondary_baseline,prior,15,20,bayes_direct,knowledge_gradient,reward,-5.666666666666667,-14.0,2.0,3,3,3,episode
pilot,primary_vs_ts,clear,2,20,bayes_direct,ts,pseudo_regret,-1.0666666666666667,-1.2,-0.7999999999999999,3,3,3,episode
pilot,primary_vs_ts,clear,5,20,bayes_direct,ts,pseudo_regret,0.5333333333333332,-1.1999999999999997,3.5999999999999996,3,3,3,episode
pilot,primary_vs_ts,clear,15,20,bayes_direct,ts,pseudo_regret,0.40000000000000036,-0.39999999999999947,1.6000000000000005,3,3,3,episode
pilot,primary_vs_ts,close,2,20,bayes_direct,ts,pseudo_regret,0.06666666666666672,-0.10000000000000009,0.30000000000000027,3,3,3,episode
pilot,primary_vs_ts,close,5,20,bayes_direct,ts,pseudo_regret,-0.31666666666666693,-0.7000000000000006,0.15000000000000013,3,3,3,episode
pilot,primary_vs_ts,close,15,20,bayes_direct,ts,pseudo_regret,0.08333333333333341,0.050000000000000044,0.10000000000000009,3,3,3,episode
pilot,primary_vs_ts,prior,2,20,bayes_direct,ts,pseudo_regret,-0.1962578390889622,-0.2266026717608569,-0.14459930182022934,3,3,3,episode
pilot,primary_vs_ts,prior,5,20,bayes_direct,ts,pseudo_regret,-0.5254773964563076,-4.980419694449371,3.38213729092066,3,3,3,episode
pilot,primary_vs_ts,prior,15,20,bayes_direct,ts,pseudo_regret,0.6865198377369,-1.0371142707687024,2.9968305025539976,3,3,3,episode
pilot,primary_vs_ts,clear,2,20,bayes_direct,ts,reward,1.6666666666666667,1.0,2.0,3,3,3,episode
pilot,primary_vs_ts,clear,5,20,bayes_direct,ts,reward,-1.3333333333333333,-5.0,1.0,3,3,3,episode
pilot,primary_vs_ts,clear,15,20,bayes_direct,ts,reward,1.3333333333333333,-4.0,6.0,3,3,3,episode
pilot,primary_vs_ts,close,2,20,bayes_direct,ts,reward,0.6666666666666666,0.0,2.0,3,3,3,episode
pilot,primary_vs_ts,close,5,20,bayes_direct,ts,reward,-1.3333333333333333,-3.0,1.0,3,3,3,episode
pilot,primary_vs_ts,close,15,20,bayes_direct,ts,reward,1.6666666666666667,-2.0,7.0,3,3,3,episode
pilot,primary_vs_ts,prior,2,20,bayes_direct,ts,reward,0.6666666666666666,-1.0,2.0,3,3,3,episode
pilot,primary_vs_ts,prior,5,20,bayes_direct,ts,reward,1.3333333333333333,-3.0,7.0,3,3,3,episode
pilot,primary_vs_ts,prior,15,20,bayes_direct,ts,reward,-0.3333333333333333,-1.0,0.0,3,3,3,episode
pilot,secondary_baseline,clear,2,20,bayes_direct,ucb1,pseudo_regret,-1.7333333333333334,-2.4,-1.2,3,3,3,episode
pilot,secondary_baseline,clear,5,20,bayes_direct,ucb1,pseudo_regret,-0.5333333333333332,-2.4,2.7999999999999994,3,3,3,episode
pilot,secondary_baseline,clear,15,20,bayes_direct,ucb1,pseudo_regret,0.0,0.0,0.0,3,3,3,episode
pilot,secondary_baseline,close,2,20,bayes_direct,ucb1,pseudo_regret,-0.15000000000000013,-0.4500000000000004,0.3500000000000003,3,3,3,episode
pilot,secondary_baseline,close,5,20,bayes_direct,ucb1,pseudo_regret,-0.31666666666666693,-0.6500000000000006,0.15000000000000013,3,3,3,episode
pilot,secondary_baseline,close,15,20,bayes_direct,ucb1,pseudo_regret,0.06666666666666672,0.050000000000000044,0.10000000000000009,3,3,3,episode
pilot,secondary_baseline,prior,2,20,bayes_direct,ucb1,pseudo_regret,-0.4321442212275388,-0.7931093511629991,-0.23135888291236695,3,3,3,episode
pilot,secondary_baseline,prior,5,20,bayes_direct,ucb1,pseudo_regret,-0.1998299092013068,-4.796480969769755,3.9637636360783595,3,3,3,episode
pilot,secondary_baseline,prior,15,20,bayes_direct,ucb1,pseudo_regret,-0.9428867097803181,-1.1216112787474346,-0.8072271840505838,3,3,3,episode
pilot,secondary_baseline,clear,2,20,bayes_direct,ucb1,reward,2.0,2.0,2.0,3,3,3,episode
pilot,secondary_baseline,clear,5,20,bayes_direct,ucb1,reward,-0.6666666666666666,-4.0,3.0,3,3,3,episode
pilot,secondary_baseline,clear,15,20,bayes_direct,ucb1,reward,1.3333333333333333,-4.0,7.0,3,3,3,episode
pilot,secondary_baseline,close,2,20,bayes_direct,ucb1,reward,1.3333333333333333,1.0,2.0,3,3,3,episode
pilot,secondary_baseline,close,5,20,bayes_direct,ucb1,reward,-1.3333333333333333,-3.0,0.0,3,3,3,episode
pilot,secondary_baseline,close,15,20,bayes_direct,ucb1,reward,1.3333333333333333,-1.0,5.0,3,3,3,episode
pilot,secondary_baseline,prior,2,20,bayes_direct,ucb1,reward,0.3333333333333333,-1.0,1.0,3,3,3,episode
pilot,secondary_baseline,prior,5,20,bayes_direct,ucb1,reward,0.6666666666666666,-4.0,5.0,3,3,3,episode
pilot,secondary_baseline,prior,15,20,bayes_direct,ucb1,reward,1.0,-1.0,4.0,3,3,3,episode
pilot,planned_comparison,clear,2,20,bayes_sample,bayes_direct,pseudo_regret,0.9333333333333332,0.39999999999999997,1.2,3,3,3,episode
pilot,planned_comparison,clear,5,20,bayes_sample,bayes_direct,pseudo_regret,-0.9333333333333331,-4.3999999999999995,0.8000000000000003,3,3,3,episode
pilot,planned_comparison,clear,15,20,bayes_sample,bayes_direct,pseudo_regret,-2.933333333333333,-6.8,0.0,3,3,3,episode
pilot,planned_comparison,close,2,20,bayes_sample,bayes_direct,pseudo_regret,0.050000000000000044,-0.15000000000000013,0.2500000000000002,3,3,3,episode
pilot,planned_comparison,close,5,20,bayes_sample,bayes_direct,pseudo_regret,0.40000000000000036,0.0,0.8500000000000009,3,3,3,episode
pilot,planned_comparison,close,15,20,bayes_sample,bayes_direct,pseudo_regret,0.0,0.0,0.0,3,3,3,episode
pilot,planned_comparison,prior,2,20,bayes_sample,bayes_direct,pseudo_regret,0.20510509068505914,0.05783972072809174,0.33990400764128537,3,3,3,episode
pilot,planned_comparison,prior,5,20,bayes_sample,bayes_direct,pseudo_regret,0.14558103818111867,-3.819606696003893,5.1826231241155565,3,3,3,episode
pilot,planned_comparison,prior,15,20,bayes_sample,bayes_direct,pseudo_regret,-1.3717468489136613,-4.224905095997263,0.9121293079981232,3,3,3,episode
pilot,planned_comparison,clear,2,20,bayes_sample,bayes_direct,reward,-1.3333333333333333,-2.0,-1.0,3,3,3,episode
pilot,planned_comparison,clear,5,20,bayes_sample,bayes_direct,reward,1.6666666666666667,-1.0,6.0,3,3,3,episode
pilot,planned_comparison,clear,15,20,bayes_sample,bayes_direct,reward,1.3333333333333333,-1.0,3.0,3,3,3,episode
pilot,planned_comparison,close,2,20,bayes_sample,bayes_direct,reward,0.0,-1.0,1.0,3,3,3,episode
pilot,planned_comparison,close,5,20,bayes_sample,bayes_direct,reward,1.6666666666666667,-1.0,3.0,3,3,3,episode
pilot,planned_comparison,close,15,20,bayes_sample,bayes_direct,reward,-0.3333333333333333,-3.0,2.0,3,3,3,episode
pilot,planned_comparison,prior,2,20,bayes_sample,bayes_direct,reward,0.0,-1.0,1.0,3,3,3,episode
pilot,planned_comparison,prior,5,20,bayes_sample,bayes_direct,reward,-1.3333333333333333,-6.0,2.0,3,3,3,episode
pilot,planned_comparison,prior,15,20,bayes_sample,bayes_direct,reward,1.3333333333333333,-1.0,3.0,3,3,3,episode
pilot,secondary_baseline,clear,2,20,bayes_sample,bayes_ucb,pseudo_regret,0.39999999999999997,0.0,0.7999999999999999,3,3,3,episode
pilot,secondary_baseline,clear,5,20,bayes_sample,bayes_ucb,pseudo_regret,0.3999999999999999,0.0,0.7999999999999998,3,3,3,episode
pilot,secondary_baseline,clear,15,20,bayes_sample,bayes_ucb,pseudo_regret,-2.5333333333333328,-6.8,0.0,3,3,3,episode
pilot,secondary_baseline,close,2,20,bayes_sample,bayes_ucb,pseudo_regret,0.06666666666666672,0.0,0.15000000000000013,3,3,3,episode
pilot,secondary_baseline,close,5,20,bayes_sample,bayes_ucb,pseudo_regret,0.11666666666666677,0.050000000000000044,0.20000000000000018,3,3,3,episode
pilot,secondary_baseline,close,15,20,bayes_sample,bayes_ucb,pseudo_regret,0.10000000000000009,0.0,0.15000000000000013,3,3,3,episode
pilot,secondary_baseline,prior,2,20,bayes_sample,bayes_ucb,pseudo_regret,0.16070840129525324,0.0,0.4532053435217138,3,3,3,episode
pilot,secondary_baseline,prior,5,20,bayes_sample,bayes_ucb,pseudo_regret,1.5722723111984542,0.6974455326073916,3.0065316663491775,3,3,3,episode
pilot,secondary_baseline,prior,15,20,bayes_sample,bayes_ucb,pseudo_regret,-0.4319544624276193,-3.5873033121960294,2.8107196628962328,3,3,3,episode
pilot,secondary_baseline,clear,2,20,bayes_sample,bayes_ucb,reward,-0.3333333333333333,-1.0,0.0,3,3,3,episode
pilot,secondary_baseline,clear,5,20,bayes_sample,bayes_ucb,reward,-0.6666666666666666,-1.0,0.0,3,3,3,episode
pilot,secondary_baseline,clear,15,20,bayes_sample,bayes_ucb,reward,2.0,-2.0,9.0,3,3,3,episode
pilot,secondary_baseline,close,2,20,bayes_sample,bayes_ucb,reward,1.0,0.0,2.0,3,3,3,episode
pilot,secondary_baseline,close,5,20,bayes_sample,bayes_ucb,reward,0.0,-1.0,1.0,3,3,3,episode
pilot,secondary_baseline,close,15,20,bayes_sample,bayes_ucb,reward,2.0,0.0,4.0,3,3,3,episode
pilot,secondary_baseline,prior,2,20,bayes_sample,bayes_ucb,reward,-0.6666666666666666,-2.0,0.0,3,3,3,episode
pilot,secondary_baseline,prior,5,20,bayes_sample,bayes_ucb,reward,-1.3333333333333333,-3.0,0.0,3,3,3,episode
pilot,secondary_baseline,prior,15,20,bayes_sample,bayes_ucb,reward,1.6666666666666667,-4.0,7.0,3,3,3,episode
pilot,secondary_baseline,clear,2,20,bayes_sample,greedy,pseudo_regret,0.9333333333333332,0.39999999999999997,1.2,3,3,3,episode
pilot,secondary_baseline,clear,5,20,bayes_sample,greedy,pseudo_regret,0.9333333333333332,0.0,1.9999999999999998,3,3,3,episode
pilot,secondary_baseline,clear,15,20,bayes_sample,greedy,pseudo_regret,-3.3333333333333326,-7.599999999999999,0.0,3,3,3,episode
pilot,secondary_baseline,close,2,20,bayes_sample,greedy,pseudo_regret,0.03333333333333336,-0.15000000000000013,0.20000000000000018,3,3,3,episode
pilot,secondary_baseline,close,5,20,bayes_sample,greedy,pseudo_regret,0.1833333333333335,0.0,0.3500000000000003,3,3,3,episode
pilot,secondary_baseline,close,15,20,bayes_sample,greedy,pseudo_regret,0.0,0.0,0.0,3,3,3,episode
pilot,secondary_baseline,prior,2,20,bayes_sample,greedy,pseudo_regret,0.2525121560998839,0.0867595810921376,0.4532053435217138,3,3,3,episode
pilot,secondary_baseline,prior,5,20,bayes_sample,greedy,pseudo_regret,2.5136222580673935,0.8216576306953636,4.924421824500696,3,3,3,episode
pilot,secondary_baseline,prior,15,20,bayes_sample,greedy,pseudo_regret,0.47469845165488317,-2.976298878134747,2.8862679572484446,3,3,3,episode
pilot,secondary_baseline,clear,2,20,bayes_sample,greedy,reward,-1.3333333333333333,-2.0,-1.0,3,3,3,episode
pilot,secondary_baseline,clear,5,20,bayes_sample,greedy,reward,-0.6666666666666666,-2.0,0.0,3,3,3,episode
pilot,secondary_baseline,clear,15,20,bayes_sample,greedy,reward,1.0,0.0,3.0,3,3,3,episode
pilot,secondary_baseline,close,2,20,bayes_sample,greedy,reward,0.3333333333333333,-1.0,1.0,3,3,3,episode
pilot,secondary_baseline,close,5,20,bayes_sample,greedy,reward,0.6666666666666666,-1.0,3.0,3,3,3,episode
pilot,secondary_baseline,close,15,20,bayes_sample,greedy,reward,0.3333333333333333,-2.0,2.0,3,3,3,episode
pilot,secondary_baseline,prior,2,20,bayes_sample,greedy,reward,-0.3333333333333333,-2.0,1.0,3,3,3,episode
pilot,secondary_baseline,prior,5,20,bayes_sample,greedy,reward,-2.3333333333333335,-6.0,1.0,3,3,3,episode
pilot,secondary_baseline,prior,15,20,bayes_sample,greedy,reward,-0.6666666666666666,-2.0,0.0,3,3,3,episode
pilot,secondary_baseline,clear,2,20,bayes_sample,ids,pseudo_regret,0.5333333333333333,0.0,0.8000000000000002,3,3,3,episode
pilot,secondary_baseline,clear,5,20,bayes_sample,ids,pseudo_regret,1.2,0.0,3.1999999999999997,3,3,3,episode
pilot,secondary_baseline,clear,15,20,bayes_sample,ids,pseudo_regret,-2.933333333333333,-6.8,0.0,3,3,3,episode
pilot,secondary_baseline,close,2,20,bayes_sample,ids,pseudo_regret,0.10000000000000009,0.050000000000000044,0.20000000000000018,3,3,3,episode
pilot,secondary_baseline,close,5,20,bayes_sample,ids,pseudo_regret,0.08333333333333341,0.0,0.15000000000000013,3,3,3,episode
pilot,secondary_baseline,close,15,20,bayes_sample,ids,pseudo_regret,0.10000000000000009,0.0,0.15000000000000013,3,3,3,episode
pilot,secondary_baseline,prior,2,20,bayes_sample,ids,pseudo_regret,0.16070840129525324,0.0,0.4532053435217138,3,3,3,episode
pilot,secondary_baseline,prior,5,20,bayes_sample,ids,pseudo_regret,1.6339228211446664,0.6282724147054881,3.419665136841042,3,3,3,episode
pilot,secondary_baseline,prior,15,20,bayes_sample,ids,pseudo_regret,4.094090017231107,0.3034027693645127,7.920714998870451,3,3,3,episode
pilot,secondary_baseline,clear,2,20,bayes_sample,ids,reward,-0.3333333333333333,-1.0,0.0,3,3,3,episode
pilot,secondary_baseline,clear,5,20,bayes_sample,ids,reward,-1.0,-2.0,0.0,3,3,3,episode
pilot,secondary_baseline,clear,15,20,bayes_sample,ids,reward,3.0,0.0,9.0,3,3,3,episode
pilot,secondary_baseline,close,2,20,bayes_sample,ids,reward,0.3333333333333333,-1.0,1.0,3,3,3,episode
pilot,secondary_baseline,close,5,20,bayes_sample,ids,reward,-0.6666666666666666,-2.0,1.0,3,3,3,episode
pilot,secondary_baseline,close,15,20,bayes_sample,ids,reward,1.0,0.0,3.0,3,3,3,episode
pilot,secondary_baseline,prior,2,20,bayes_sample,ids,reward,-0.6666666666666666,-2.0,0.0,3,3,3,episode
pilot,secondary_baseline,prior,5,20,bayes_sample,ids,reward,-1.6666666666666667,-4.0,0.0,3,3,3,episode
pilot,secondary_baseline,prior,15,20,bayes_sample,ids,reward,-5.333333333333333,-11.0,-1.0,3,3,3,episode
pilot,secondary_baseline,clear,2,20,bayes_sample,knowledge_gradient,pseudo_regret,0.5333333333333333,0.0,0.8000000000000002,3,3,3,episode
pilot,secondary_baseline,clear,5,20,bayes_sample,knowledge_gradient,pseudo_regret,1.2,0.3999999999999999,2.3999999999999995,3,3,3,episode
pilot,secondary_baseline,clear,15,20,bayes_sample,knowledge_gradient,pseudo_regret,-2.5333333333333328,-7.599999999999999,0.0,3,3,3,episode
pilot,secondary_baseline,close,2,20,bayes_sample,knowledge_gradient,pseudo_regret,0.08333333333333341,0.0,0.20000000000000018,3,3,3,episode
pilot,secondary_baseline,close,5,20,bayes_sample,knowledge_gradient,pseudo_regret,0.11666666666666677,0.0,0.3500000000000003,3,3,3,episode
pilot,secondary_baseline,close,15,20,bayes_sample,knowledge_gradient,pseudo_regret,0.21666666666666687,0.0,0.5000000000000004,3,3,3,episode
pilot,secondary_baseline,prior,2,20,bayes_sample,knowledge_gradient,pseudo_regret,0.1954651372303772,0.02891986036404587,0.33990400764128537,3,3,3,episode
pilot,secondary_baseline,prior,5,20,bayes_sample,knowledge_gradient,pseudo_regret,1.8414389800052728,0.6282724147054881,3.419665136841042,3,3,3,episode
pilot,secondary_baseline,prior,15,20,bayes_sample,knowledge_gradient,pseudo_regret,3.378952315558069,-3.510671447375449,10.920329639755527,3,3,3,episode
pilot,secondary_baseline,clear,2,20,bayes_sample,knowledge_gradient,reward,-0.3333333333333333,-1.0,0.0,3,3,3,episode
pilot,secondary_baseline,clear,5,20,bayes_sample,knowledge_gradient,reward,-1.0,-2.0,0.0,3,3,3,episode
pilot,secondary_baseline,clear,15,20,bayes_sample,knowledge_gradient,reward,2.0,1.0,3.0,3,3,3,episode
pilot,secondary_baseline,close,2,20,bayes_sample,knowledge_gradient,reward,0.0,-1.0,1.0,3,3,3,episode
pilot,secondary_baseline,close,5,20,bayes_sample,knowledge_gradient,reward,1.0,-1.0,3.0,3,3,3,episode
pilot,secondary_baseline,close,15,20,bayes_sample,knowledge_gradient,reward,1.3333333333333333,-1.0,3.0,3,3,3,episode
pilot,secondary_baseline,prior,2,20,bayes_sample,knowledge_gradient,reward,0.0,-1.0,1.0,3,3,3,episode
pilot,secondary_baseline,prior,5,20,bayes_sample,knowledge_gradient,reward,-1.6666666666666667,-4.0,0.0,3,3,3,episode
pilot,secondary_baseline,prior,15,20,bayes_sample,knowledge_gradient,reward,-4.333333333333333,-15.0,5.0,3,3,3,episode
pilot,planned_comparison,clear,2,20,bayes_sample,ts,pseudo_regret,-0.13333333333333333,-0.39999999999999997,0.0,3,3,3,episode
pilot,planned_comparison,clear,5,20,bayes_sample,ts,pseudo_regret,-0.3999999999999999,-0.7999999999999998,0.0,3,3,3,episode
pilot,planned_comparison,clear,15,20,bayes_sample,ts,pseudo_regret,-2.5333333333333328,-6.8,-0.39999999999999947,3,3,3,episode
pilot,planned_comparison,close,2,20,bayes_sample,ts,pseudo_regret,0.11666666666666677,0.050000000000000044,0.15000000000000013,3,3,3,episode
pilot,planned_comparison,close,5,20,bayes_sample,ts,pseudo_regret,0.08333333333333341,-0.050000000000000044,0.15000000000000013,3,3,3,episode
pilot,planned_comparison,close,15,20,bayes_sample,ts,pseudo_regret,0.08333333333333341,0.050000000000000044,0.10000000000000009,3,3,3,episode
pilot,planned_comparison,prior,2,20,bayes_sample,ts,pseudo_regret,0.00884725159609695,-0.0867595810921376,0.11330133588042846,3,3,3,episode
pilot,planned_comparison,prior,5,20,bayes_sample,ts,pseudo_regret,-0.3798963582751889,-0.9044230994085192,0.2022034296661852,3,3,3,episode
pilot,planned_comparison,prior,15,20,bayes_sample,ts,pseudo_regret,-0.6852270111767614,-1.2280745934432655,-0.12498496277057924,3,3,3,episode
pilot,planned_comparison,clear,2,20,bayes_sample,ts,reward,0.3333333333333333,0.0,1.0,3,3,3,episode
pilot,planned_comparison,clear,5,20,bayes_sample,ts,reward,0.3333333333333333,0.0,1.0,3,3,3,episode
pilot,planned_comparison,clear,15,20,bayes_sample,ts,reward,2.6666666666666665,-1.0,8.0,3,3,3,episode
pilot,planned_comparison,close,2,20,bayes_sample,ts,reward,0.6666666666666666,-1.0,2.0,3,3,3,episode
pilot,planned_comparison,close,5,20,bayes_sample,ts,reward,0.3333333333333333,0.0,1.0,3,3,3,episode
pilot,planned_comparison,close,15,20,bayes_sample,ts,reward,1.3333333333333333,-2.0,4.0,3,3,3,episode
pilot,planned_comparison,prior,2,20,bayes_sample,ts,reward,0.6666666666666666,0.0,2.0,3,3,3,episode
pilot,planned_comparison,prior,5,20,bayes_sample,ts,reward,0.0,-1.0,1.0,3,3,3,episode
pilot,planned_comparison,prior,15,20,bayes_sample,ts,reward,1.0,-1.0,2.0,3,3,3,episode
pilot,secondary_baseline,clear,2,20,bayes_sample,ucb1,pseudo_regret,-0.7999999999999999,-1.2,-0.3999999999999999,3,3,3,episode
pilot,secondary_baseline,clear,5,20,bayes_sample,ucb1,pseudo_regret,-1.4666666666666661,-1.6000000000000003,-1.1999999999999993,3,3,3,episode
pilot,secondary_baseline,clear,15,20,bayes_sample,ucb1,pseudo_regret,-2.933333333333333,-6.8,0.0,3,3,3,episode
pilot,secondary_baseline,close,2,20,bayes_sample,ucb1,pseudo_regret,-0.10000000000000009,-0.40000000000000036,0.20000000000000018,3,3,3,episode
pilot,secondary_baseline,close,5,20,bayes_sample,ucb1,pseudo_regret,0.08333333333333341,-0.10000000000000009,0.20000000000000018,3,3,3,episode
pilot,secondary_baseline,close,15,20,bayes_sample,ucb1,pseudo_regret,0.06666666666666672,0.050000000000000044,0.10000000000000009,3,3,3,episode
pilot,secondary_baseline,prior,2,20,bayes_sample,ucb1,pseudo_regret,-0.2270391305424797,-0.4532053435217138,-0.054392885921450085,3,3,3,episode
pilot,secondary_baseline,prior,5,20,bayes_sample,ucb1,pseudo_regret,-0.05424887102018797,-0.6930457074808318,0.38614215434580146,3,3,3,episode
pilot,secondary_baseline,prior,15,20,bayes_sample,ucb1,pseudo_regret,-2.3146335586939792,-5.032132280047847,0.012307641455187479,3,3,3,episode
pilot,secondary_baseline,clear,2,20,bayes_sample,ucb1,reward,0.6666666666666666,0.0,1.0,3,3,3,episode
pilot,secondary_baseline,clear,5,20,bayes_sample,ucb1,reward,1.0,-1.0,2.0,3,3,3,episode
pilot,secondary_baseline,clear,15,20,bayes_sample,ucb1,reward,2.6666666666666665,-1.0,9.0,3,3,3,episode
pilot,secondary_baseline,close,2,20,bayes_sample,ucb1,reward,1.3333333333333333,1.0,2.0,3,3,3,episode
pilot,secondary_baseline,close,5,20,bayes_sample,ucb1,reward,0.3333333333333333,-1.0,2.0,3,3,3,episode
pilot,secondary_baseline,close,15,20,bayes_sample,ucb1,reward,1.0,-1.0,2.0,3,3,3,episode
pilot,secondary_baseline,prior,2,20,bayes_sample,ucb1,reward,0.3333333333333333,0.0,1.0,3,3,3,episode
pilot,secondary_baseline,prior,5,20,bayes_sample,ucb1,reward,-0.6666666666666666,-2.0,1.0,3,3,3,episode
pilot,secondary_baseline,prior,15,20,bayes_sample,ucb1,reward,2.3333333333333335,-1.0,7.0,3,3,3,episode
pilot,secondary_baseline,clear,2,20,counts_direct,bayes_ucb,pseudo_regret,-0.5333333333333333,-0.7999999999999999,-0.39999999999999997,3,3,3,episode
pilot,secondary_baseline,clear,5,20,counts_direct,bayes_ucb,pseudo_regret,0.5333333333333329,-2.7999999999999994,5.199999999999999,3,3,3,episode
pilot,secondary_baseline,clear,15,20,counts_direct,bayes_ucb,pseudo_regret,-1.8666666666666665,-7.199999999999999,1.5999999999999996,3,3,3,episode
pilot,secondary_baseline,close,2,20,counts_direct,bayes_ucb,pseudo_regret,0.0,-0.10000000000000009,0.20000000000000018,3,3,3,episode
pilot,secondary_baseline,close,5,20,counts_direct,bayes_ucb,pseudo_regret,0.0,-0.30000000000000027,0.20000000000000018,3,3,3,episode
pilot,secondary_baseline,close,15,20,counts_direct,bayes_ucb,pseudo_regret,0.10000000000000009,0.0,0.15000000000000013,3,3,3,episode
pilot,secondary_baseline,prior,2,20,counts_direct,bayes_ucb,pseudo_regret,0.1052467861429165,0.0,0.2024390225483211,3,3,3,episode
pilot,secondary_baseline,prior,5,20,counts_direct,bayes_ucb,pseudo_regret,4.6491811574975275,2.9085319510183454,6.264306405472971,3,3,3,episode
pilot,secondary_baseline,prior,15,20,counts_direct,bayes_ucb,pseudo_regret,3.6515771641588035,0.6376017838012338,7.214545418071412,3,3,3,episode
pilot,secondary_baseline,clear,2,20,counts_direct,bayes_ucb,reward,1.0,1.0,1.0,3,3,3,episode
pilot,secondary_baseline,clear,5,20,counts_direct,bayes_ucb,reward,-1.3333333333333333,-7.0,3.0,3,3,3,episode
pilot,secondary_baseline,clear,15,20,counts_direct,bayes_ucb,reward,0.6666666666666666,-6.0,9.0,3,3,3,episode
pilot,secondary_baseline,close,2,20,counts_direct,bayes_ucb,reward,1.0,0.0,2.0,3,3,3,episode
pilot,secondary_baseline,close,5,20,counts_direct,bayes_ucb,reward,-1.6666666666666667,-3.0,0.0,3,3,3,episode
pilot,secondary_baseline,close,15,20,counts_direct,bayes_ucb,reward,2.6666666666666665,0.0,7.0,3,3,3,episode
pilot,secondary_baseline,prior,2,20,counts_direct,bayes_ucb,reward,-0.6666666666666666,-1.0,0.0,3,3,3,episode
pilot,secondary_baseline,prior,5,20,counts_direct,bayes_ucb,reward,-3.0,-5.0,-2.0,3,3,3,episode
pilot,secondary_baseline,prior,15,20,counts_direct,bayes_ucb,reward,-3.6666666666666665,-10.0,4.0,3,3,3,episode
pilot,secondary_baseline,clear,2,20,counts_direct,greedy,pseudo_regret,0.0,0.0,0.0,3,3,3,episode
pilot,secondary_baseline,clear,5,20,counts_direct,greedy,pseudo_regret,1.0666666666666664,-1.2,4.3999999999999995,3,3,3,episode
pilot,secondary_baseline,clear,15,20,counts_direct,greedy,pseudo_regret,-2.6666666666666665,-7.999999999999999,0.0,3,3,3,episode
pilot,secondary_baseline,close,2,20,counts_direct,greedy,pseudo_regret,-0.03333333333333336,-0.050000000000000044,0.0,3,3,3,episode
pilot,secondary_baseline,close,5,20,counts_direct,greedy,pseudo_regret,0.06666666666666672,0.0,0.20000000000000018,3,3,3,episode
pilot,secondary_baseline,close,15,20,counts_direct,greedy,pseudo_regret,0.0,0.0,0.0,3,3,3,episode
pilot,secondary_baseline,prior,2,20,counts_direct,greedy,pseudo_regret,0.19705054094754718,0.11330133588042846,0.2602787432764128,3,3,3,episode
pilot,secondary_baseline,prior,5,20,counts_direct,greedy,pseudo_regret,5.590531104366467,3.032744049106318,7.0462539898403,3,3,3,episode
pilot,secondary_baseline,prior,15,20,counts_direct,greedy,pseudo_regret,4.558230078241306,1.2486062178625161,10.620093113302918,3,3,3,episode
pilot,secondary_baseline,clear,2,20,counts_direct,greedy,reward,0.0,0.0,0.0,3,3,3,episode
pilot,secondary_baseline,clear,5,20,counts_direct,greedy,reward,-1.3333333333333333,-6.0,2.0,3,3,3,episode
pilot,secondary_baseline,clear,15,20,counts_direct,greedy,reward,-0.3333333333333333,-5.0,3.0,3,3,3,episode
pilot,secondary_baseline,close,2,20,counts_direct,greedy,reward,0.3333333333333333,0.0,1.0,3,3,3,episode
pilot,secondary_baseline,close,5,20,counts_direct,greedy,reward,-1.0,-3.0,0.0,3,3,3,episode
pilot,secondary_baseline,close,15,20,counts_direct,greedy,reward,1.0,-1.0,5.0,3,3,3,episode
pilot,secondary_baseline,prior,2,20,counts_direct,greedy,reward,-0.3333333333333333,-1.0,1.0,3,3,3,episode
pilot,secondary_baseline,prior,5,20,counts_direct,greedy,reward,-4.0,-6.0,-1.0,3,3,3,episode
pilot,secondary_baseline,prior,15,20,counts_direct,greedy,reward,-6.0,-12.0,-3.0,3,3,3,episode
pilot,secondary_baseline,clear,2,20,counts_direct,ids,pseudo_regret,-0.39999999999999997,-0.39999999999999997,-0.39999999999999997,3,3,3,episode
pilot,secondary_baseline,clear,5,20,counts_direct,ids,pseudo_regret,1.333333333333333,-2.7999999999999994,7.599999999999999,3,3,3,episode
pilot,secondary_baseline,clear,15,20,counts_direct,ids,pseudo_regret,-2.2666666666666666,-7.199999999999999,0.39999999999999947,3,3,3,episode
pilot,secondary_baseline,close,2,20,counts_direct,ids,pseudo_regret,0.03333333333333336,-0.050000000000000044,0.20000000000000018,3,3,3,episode
pilot,secondary_baseline,close,5,20,counts_direct,ids,pseudo_regret,-0.03333333333333336,-0.2500000000000002,0.15000000000000013,3,3,3,episode
pilot,secondary_baseline,close,15,20,counts_direct,ids,pseudo_regret,0.10000000000000009,0.0,0.15000000000000013,3,3,3,episode
pilot,secondary_baseline,prior,2,20,counts_direct,ids,pseudo_regret,0.1052467861429165,0.0,0.2024390225483211,3,3,3,episode
pilot,secondary_baseline,prior,5,20,counts_direct,ids,pseudo_regret,4.710831667443741,2.839358833116442,6.105297582721647,3,3,3,episode
pilot,secondary_baseline,prior,15,20,counts_direct,ids,pseudo_regret,8.17762164381753,8.037227925418986,8.28305737945562,3,3,3,episode
pilot,secondary_baseline,clear,2,20,counts_direct,ids,reward,1.0,1.0,1.0,3,3,3,episode
pilot,secondary_baseline,clear,5,20,counts_direct,ids,reward,-1.6666666666666667,-8.0,3.0,3,3,3,episode
pilot,secondary_baseline,clear,15,20,counts_direct,ids,reward,1.6666666666666667,-5.0,9.0,3,3,3,episode
pilot,secondary_baseline,close,2,20,counts_direct,ids,reward,0.3333333333333333,0.0,1.0,3,3,3,episode
pilot,secondary_baseline,close,5,20,counts_direct,ids,reward,-2.3333333333333335,-4.0,-1.0,3,3,3,episode
pilot,secondary_baseline,close,15,20,counts_direct,ids,reward,1.6666666666666667,1.0,3.0,3,3,3,episode
pilot,secondary_baseline,prior,2,20,counts_direct,ids,reward,-0.6666666666666666,-1.0,0.0,3,3,3,episode
pilot,secondary_baseline,prior,5,20,counts_direct,ids,reward,-3.3333333333333335,-5.0,-2.0,3,3,3,episode
pilot,secondary_baseline,prior,15,20,counts_direct,ids,reward,-10.666666666666666,-13.0,-7.0,3,3,3,episode
pilot,secondary_baseline,clear,2,20,counts_direct,knowledge_gradient,pseudo_regret,-0.39999999999999997,-0.39999999999999997,-0.39999999999999997,3,3,3,episode
pilot,secondary_baseline,clear,5,20,counts_direct,knowledge_gradient,pseudo_regret,1.333333333333333,-2.7999999999999994,6.8,3,3,3,episode
pilot,secondary_baseline,clear,15,20,counts_direct,knowledge_gradient,pseudo_regret,-1.8666666666666665,-7.999999999999999,2.3999999999999995,3,3,3,episode
pilot,secondary_baseline,close,2,20,counts_direct,knowledge_gradient,pseudo_regret,0.01666666666666668,-0.050000000000000044,0.15000000000000013,3,3,3,episode
pilot,secondary_baseline,close,5,20,counts_direct,knowledge_gradient,pseudo_regret,0.0,0.0,0.0,3,3,3,episode
pilot,secondary_baseline,close,15,20,counts_direct,knowledge_gradient,pseudo_regret,0.21666666666666687,0.0,0.5000000000000004,3,3,3,episode
pilot,secondary_baseline,prior,2,20,counts_direct,knowledge_gradient,pseudo_regret,0.14000352207804045,0.0,0.21757154368580026,3,3,3,episode
pilot,secondary_baseline,prior,5,20,counts_direct,knowledge_gradient,pseudo_regret,4.918347826304347,2.839358833116442,6.727846059303467,3,3,3,episode
pilot,secondary_baseline,prior,15,20,counts_direct,knowledge_gradient,pseudo_regret,7.462483942144492,0.7142336486218142,11.21219426746306,3,3,3,episode
pilot,secondary_baseline,clear,2,20,counts_direct,knowledge_gradient,reward,1.0,1.0,1.0,3,3,3,episode
pilot,secondary_baseline,clear,5,20,counts_direct,knowledge_gradient,reward,-1.6666666666666667,-8.0,3.0,3,3,3,episode
pilot,secondary_baseline,clear,15,20,counts_direct,knowledge_gradient,reward,0.6666666666666666,-3.0,3.0,3,3,3,episode
pilot,secondary_baseline,close,2,20,counts_direct,knowledge_gradient,reward,0.0,-1.0,1.0,3,3,3,episode
pilot,secondary_baseline,close,5,20,counts_direct,knowledge_gradient,reward,-0.6666666666666666,-2.0,0.0,3,3,3,episode
pilot,secondary_baseline,close,15,20,counts_direct,knowledge_gradient,reward,2.0,0.0,6.0,3,3,3,episode
pilot,secondary_baseline,prior,2,20,counts_direct,knowledge_gradient,reward,0.0,-1.0,1.0,3,3,3,episode
pilot,secondary_baseline,prior,5,20,counts_direct,knowledge_gradient,reward,-3.3333333333333335,-5.0,-2.0,3,3,3,episode
pilot,secondary_baseline,prior,15,20,counts_direct,knowledge_gradient,reward,-9.666666666666666,-16.0,2.0,3,3,3,episode
pilot,primary_vs_ts,clear,2,20,counts_direct,ts,pseudo_regret,-1.0666666666666667,-1.2,-0.7999999999999999,3,3,3,episode
pilot,primary_vs_ts,clear,5,20,counts_direct,ts,pseudo_regret,-0.2666666666666668,-3.5999999999999996,3.5999999999999996,3,3,3,episode
pilot,primary_vs_ts,clear,15,20,counts_direct,ts,pseudo_regret,-1.8666666666666663,-7.199999999999999,2.0,3,3,3,episode
pilot,primary_vs_ts,close,2,20,counts_direct,ts,pseudo_regret,0.050000000000000044,-0.10000000000000009,0.30000000000000027,3,3,3,episode
pilot,primary_vs_ts,close,5,20,counts_direct,ts,pseudo_regret,-0.03333333333333336,-0.40000000000000036,0.15000000000000013,3,3,3,episode
pilot,primary_vs_ts,close,15,20,counts_direct,ts,pseudo_regret,0.08333333333333341,0.050000000000000044,0.10000000000000009,3,3,3,episode
pilot,primary_vs_ts,prior,2,20,counts_direct,ts,pseudo_regret,-0.04661436355623977,-0.2266026717608569,0.0867595810921376,3,3,3,episode
pilot,primary_vs_ts,prior,5,20,counts_direct,ts,pseudo_regret,2.697012488023885,1.3066633190024346,4.813997265750945,3,3,3,episode
pilot,primary_vs_ts,prior,15,20,counts_direct,ts,pseudo_regret,3.398304615409662,0.16687966493695328,7.031203678738033,3,3,3,episode
pilot,primary_vs_ts,clear,2,20,counts_direct,ts,reward,1.6666666666666667,1.0,2.0,3,3,3,episode
pilot,primary_vs_ts,clear,5,20,counts_direct,ts,reward,-0.3333333333333333,-5.0,4.0,3,3,3,episode
pilot,primary_vs_ts,clear,15,20,counts_direct,ts,reward,1.3333333333333333,-6.0,8.0,3,3,3,episode
pilot,primary_vs_ts,close,2,20,counts_direct,ts,reward,0.6666666666666666,0.0,2.0,3,3,3,episode
pilot,primary_vs_ts,close,5,20,counts_direct,ts,reward,-1.3333333333333333,-3.0,1.0,3,3,3,episode
pilot,primary_vs_ts,close,15,20,counts_direct,ts,reward,2.0,-1.0,7.0,3,3,3,episode
pilot,primary_vs_ts,prior,2,20,counts_direct,ts,reward,0.6666666666666666,0.0,1.0,3,3,3,episode
pilot,primary_vs_ts,prior,5,20,counts_direct,ts,reward,-1.6666666666666667,-5.0,2.0,3,3,3,episode
pilot,primary_vs_ts,prior,15,20,counts_direct,ts,reward,-4.333333333333333,-10.0,-1.0,3,3,3,episode
pilot,secondary_baseline,clear,2,20,counts_direct,ucb1,pseudo_regret,-1.7333333333333334,-2.4,-1.2,3,3,3,episode
pilot,secondary_baseline,clear,5,20,counts_direct,ucb1,pseudo_regret,-1.3333333333333333,-4.8,2.7999999999999994,3,3,3,episode
pilot,secondary_baseline,clear,15,20,counts_direct,ucb1,pseudo_regret,-2.2666666666666666,-7.199999999999999,0.39999999999999947,3,3,3,episode
pilot,secondary_baseline,close,2,20,counts_direct,ucb1,pseudo_regret,-0.16666666666666682,-0.5000000000000004,0.3500000000000003,3,3,3,episode
pilot,secondary_baseline,close,5,20,counts_direct,ucb1,pseudo_regret,-0.03333333333333336,-0.4500000000000004,0.20000000000000018,3,3,3,episode
pilot,secondary_baseline,close,15,20,counts_direct,ucb1,pseudo_regret,0.06666666666666672,0.050000000000000044,0.10000000000000009,3,3,3,episode
pilot,secondary_baseline,prior,2,20,counts_direct,ucb1,pseudo_regret,-0.2825007456948164,-0.7931093511629991,0.0,3,3,3,episode
pilot,secondary_baseline,prior,5,20,counts_direct,ucb1,pseudo_regret,3.022659975278886,1.518040710930122,5.395623610908646,3,3,3,episode
pilot,secondary_baseline,prior,15,20,counts_direct,ucb1,pseudo_regret,1.7688980678924435,-0.8072271840505838,5.809749118565194,3,3,3,episode
pilot,secondary_baseline,clear,2,20,counts_direct,ucb1,reward,2.0,2.0,2.0,3,3,3,episode
pilot,secondary_baseline,clear,5,20,counts_direct,ucb1,reward,0.3333333333333333,-4.0,6.0,3,3,3,episode
pilot,secondary_baseline,clear,15,20,counts_direct,ucb1,reward,1.3333333333333333,-6.0,9.0,3,3,3,episode
pilot,secondary_baseline,close,2,20,counts_direct,ucb1,reward,1.3333333333333333,1.0,2.0,3,3,3,episode
pilot,secondary_baseline,close,5,20,counts_direct,ucb1,reward,-1.3333333333333333,-3.0,0.0,3,3,3,episode
pilot,secondary_baseline,close,15,20,counts_direct,ucb1,reward,1.6666666666666667,0.0,5.0,3,3,3,episode
pilot,secondary_baseline,prior,2,20,counts_direct,ucb1,reward,0.3333333333333333,0.0,1.0,3,3,3,episode
pilot,secondary_baseline,prior,5,20,counts_direct,ucb1,reward,-2.3333333333333335,-6.0,0.0,3,3,3,episode
pilot,secondary_baseline,prior,15,20,counts_direct,ucb1,reward,-3.0,-11.0,4.0,3,3,3,episode
pilot,secondary_baseline,clear,2,20,counts_sample,bayes_ucb,pseudo_regret,-0.13333333333333333,-0.39999999999999997,0.0,3,3,3,episode
pilot,secondary_baseline,clear,5,20,counts_sample,bayes_ucb,pseudo_regret,-0.4000000000000001,-2.7999999999999994,2.0,3,3,3,episode
pilot,secondary_baseline,clear,15,20,counts_sample,bayes_ucb,pseudo_regret,-1.8666666666666665,-7.199999999999999,1.5999999999999996,3,3,3,episode
pilot,secondary_baseline,close,2,20,counts_sample,bayes_ucb,pseudo_regret,0.06666666666666672,0.050000000000000044,0.10000000000000009,3,3,3,episode
pilot,secondary_baseline,close,5,20,counts_sample,bayes_ucb,pseudo_regret,0.08333333333333341,-0.050000000000000044,0.15000000000000013,3,3,3,episode
pilot,secondary_baseline,close,15,20,counts_sample,bayes_ucb,pseudo_regret,0.10000000000000009,0.0,0.15000000000000013,3,3,3,episode
pilot,secondary_baseline,prior,2,20,counts_sample,bayes_ucb,pseudo_regret,0.06589427046560369,-0.02891986036404587,0.2266026717608569,3,3,3,episode
pilot,secondary_baseline,prior,5,20,counts_sample,bayes_ucb,pseudo_regret,3.6405317865572897,1.4195533785136398,5.546837977763018,3,3,3,episode
pilot,secondary_baseline,prior,15,20,counts_sample,bayes_ucb,pseudo_regret,1.0687691576432996,-0.13508054793940794,3.1025842906037653,3,3,3,episode
pilot,secondary_baseline,clear,2,20,counts_sample,bayes_ucb,reward,0.0,0.0,0.0,3,3,3,episode
pilot,secondary_baseline,clear,5,20,counts_sample,bayes_ucb,reward,0.3333333333333333,-2.0,3.0,3,3,3,episode
pilot,secondary_baseline,clear,15,20,counts_sample,bayes_ucb,reward,1.0,-5.0,9.0,3,3,3,episode
pilot,secondary_baseline,close,2,20,counts_sample,bayes_ucb,reward,0.3333333333333333,-1.0,1.0,3,3,3,episode
pilot,secondary_baseline,close,5,20,counts_sample,bayes_ucb,reward,-1.0,-2.0,1.0,3,3,3,episode
pilot,secondary_baseline,close,15,20,counts_sample,bayes_ucb,reward,1.3333333333333333,-2.0,5.0,3,3,3,episode
pilot,secondary_baseline,prior,2,20,counts_sample,bayes_ucb,reward,-0.3333333333333333,-1.0,0.0,3,3,3,episode
pilot,secondary_baseline,prior,5,20,counts_sample,bayes_ucb,reward,-1.6666666666666667,-2.0,-1.0,3,3,3,episode
pilot,secondary_baseline,prior,15,20,counts_sample,bayes_ucb,reward,0.3333333333333333,-5.0,5.0,3,3,3,episode
pilot,planned_comparison,clear,2,20,counts_sample,counts_direct,pseudo_regret,0.39999999999999997,0.39999999999999997,0.39999999999999997,3,3,3,episode
pilot,planned_comparison,clear,5,20,counts_sample,counts_direct,pseudo_regret,-0.9333333333333331,-3.1999999999999993,0.3999999999999999,3,3,3,episode
pilot,planned_comparison,clear,15,20,counts_sample,counts_direct,pseudo_regret,0.0,0.0,0.0,3,3,3,episode
pilot,planned_comparison,close,2,20,counts_sample,counts_direct,pseudo_regret,0.06666666666666672,-0.15000000000000013,0.20000000000000018,3,3,3,episode
pilot,planned_comparison,close,5,20,counts_sample,counts_direct,pseudo_regret,0.08333333333333341,-0.15000000000000013,0.4500000000000004,3,3,3,episode
pilot,planned_comparison,close,15,20,counts_sample,counts_direct,pseudo_regret,0.0,0.0,0.0,3,3,3,episode
pilot,planned_comparison,prior,2,20,counts_sample,counts_direct,pseudo_regret,-0.03935251567731283,-0.23135888291236695,0.11330133588042846,3,3,3,episode
pilot,planned_comparison,prior,5,20,counts_sample,counts_direct,pseudo_regret,-1.0086493709402384,-2.3091024020777606,0.7721328617617509,3,3,3,episode
pilot,planned_comparison,prior,15,20,counts_sample,counts_direct,pseudo_regret,-2.582808006515504,-7.349625966010819,0.0,3,3,3,episode
pilot,planned_comparison,clear,2,20,counts_sample,counts_direct,reward,-1.0,-1.0,-1.0,3,3,3,episode
pilot,planned_comparison,clear,5,20,counts_sample,counts_direct,reward,1.6666666666666667,0.0,5.0,3,3,3,episode
pilot,planned_comparison,clear,15,20,counts_sample,counts_direct,reward,0.3333333333333333,-4.0,5.0,3,3,3,episode
pilot,planned_comparison,close,2,20,counts_sample,counts_direct,reward,-0.6666666666666666,-2.0,1.0,3,3,3,episode
pilot,planned_comparison,close,5,20,counts_sample,counts_direct,reward,0.6666666666666666,-2.0,3.0,3,3,3,episode
pilot,planned_comparison,close,15,20,counts_sample,counts_direct,reward,-1.3333333333333333,-3.0,1.0,3,3,3,episode
pilot,planned_comparison,prior,2,20,counts_sample,counts_direct,reward,0.3333333333333333,0.0,1.0,3,3,3,episode
pilot,planned_comparison,prior,5,20,counts_sample,counts_direct,reward,1.3333333333333333,0.0,3.0,3,3,3,episode
pilot,planned_comparison,prior,15,20,counts_sample,counts_direct,reward,4.0,0.0,11.0,3,3,3,episode
pilot,secondary_baseline,clear,2,20,counts_sample,greedy,pseudo_regret,0.39999999999999997,0.39999999999999997,0.39999999999999997,3,3,3,episode
pilot,secondary_baseline,clear,5,20,counts_sample,greedy,pseudo_regret,0.1333333333333334,-1.2,1.2000000000000002,3,3,3,episode
pilot,secondary_baseline,clear,15,20,counts_sample,greedy,pseudo_regret,-2.6666666666666665,-7.999999999999999,0.0,3,3,3,episode
pilot,secondary_baseline,close,2,20,counts_sample,greedy,pseudo_regret,0.03333333333333336,-0.15000000000000013,0.15000000000000013,3,3,3,episode
pilot,secondary_baseline,close,5,20,counts_sample,greedy,pseudo_regret,0.15000000000000013,-0.15000000000000013,0.4500000000000004,3,3,3,episode
pilot,secondary_baseline,close,15,20,counts_sample,greedy,pseudo_regret,0.0,0.0,0.0,3,3,3,episode
pilot,secondary_baseline,prior,2,20,counts_sample,greedy,pseudo_regret,0.15769802527023435,0.02891986036404587,0.2266026717608569,3,3,3,episode
pilot,secondary_baseline,prior,5,20,counts_sample,greedy,pseudo_regret,4.581881733426229,1.543765476601612,7.4647281359145365,3,3,3,episode
pilot,secondary_baseline,prior,15,20,counts_sample,greedy,pseudo_regret,1.9754220717258022,0.8498081643268236,3.270467147292098,3,3,3,episode
pilot,secondary_baseline,clear,2,20,counts_sample,greedy,reward,-1.0,-1.0,-1.0,3,3,3,episode
pilot,secondary_baseline,clear,5,20,counts_sample,greedy,reward,0.3333333333333333,-1.0,2.0,3,3,3,episode
pilot,secondary_baseline,clear,15,20,counts_sample,greedy,reward,0.0,-3.0,3.0,3,3,3,episode
pilot,secondary_baseline,close,2,20,counts_sample,greedy,reward,-0.3333333333333333,-2.0,1.0,3,3,3,episode
pilot,secondary_baseline,close,5,20,counts_sample,greedy,reward,-0.3333333333333333,-2.0,3.0,3,3,3,episode
pilot,secondary_baseline,close,15,20,counts_sample,greedy,reward,-0.3333333333333333,-4.0,3.0,3,3,3,episode
pilot,secondary_baseline,prior,2,20,counts_sample,greedy,reward,0.0,-1.0,1.0,3,3,3,episode
pilot,secondary_baseline,prior,5,20,counts_sample,greedy,reward,-2.6666666666666665,-5.0,0.0,3,3,3,episode
pilot,secondary_baseline,prior,15,20,counts_sample,greedy,reward,-2.0,-3.0,-1.0,3,3,3,episode
pilot,secondary_baseline,clear,2,20,counts_sample,ids,pseudo_regret,0.0,0.0,0.0,3,3,3,episode
pilot,secondary_baseline,clear,5,20,counts_sample,ids,pseudo_regret,0.39999999999999974,-2.7999999999999994,4.3999999999999995,3,3,3,episode
pilot,secondary_baseline,clear,15,20,counts_sample,ids,pseudo_regret,-2.2666666666666666,-7.199999999999999,0.39999999999999947,3,3,3,episode
pilot,secondary_baseline,close,2,20,counts_sample,ids,pseudo_regret,0.10000000000000009,0.050000000000000044,0.15000000000000013,3,3,3,episode
pilot,secondary_baseline,close,5,20,counts_sample,ids,pseudo_regret,0.050000000000000044,-0.15000000000000013,0.20000000000000018,3,3,3,episode
pilot,secondary_baseline,close,15,20,counts_sample,ids,pseudo_regret,0.10000000000000009,0.0,0.15000000000000013,3,3,3,episode
pilot,secondary_baseline,prior,2,20,counts_sample,ids,pseudo_regret,0.06589427046560369,-0.02891986036404587,0.2266026717608569,3,3,3,episode
pilot,secondary_baseline,prior,5,20,counts_sample,ids,pseudo_regret,3.7021822965035014,1.3503802606117368,5.9599714482548825,3,3,3,episode
pilot,secondary_baseline,prior,15,20,counts_sample,ids,pseudo_regret,5.594813637302026,0.6876019594081662,8.212579626577984,3,3,3,episode
pilot,secondary_baseline,clear,2,20,counts_sample,ids,reward,0.0,0.0,0.0,3,3,3,episode
pilot,secondary_baseline,clear,5,20,counts_sample,ids,reward,0.0,-3.0,3.0,3,3,3,episode
pilot,secondary_baseline,clear,15,20,counts_sample,ids,reward,2.0,-3.0,9.0,3,3,3,episode
pilot,secondary_baseline,close,2,20,counts_sample,ids,reward,-0.3333333333333333,-2.0,1.0,3,3,3,episode
pilot,secondary_baseline,close,5,20,counts_sample,ids,reward,-1.6666666666666667,-3.0,1.0,3,3,3,episode
pilot,secondary_baseline,close,15,20,counts_sample,ids,reward,0.3333333333333333,-2.0,2.0,3,3,3,episode
pilot,secondary_baseline,prior,2,20,counts_sample,ids,reward,-0.3333333333333333,-1.0,0.0,3,3,3,episode
pilot,secondary_baseline,prior,5,20,counts_sample,ids,reward,-2.0,-3.0,-1.0,3,3,3,episode
pilot,secondary_baseline,prior,15,20,counts_sample,ids,reward,-6.666666666666667,-12.0,-2.0,3,3,3,episode
pilot,secondary_baseline,clear,2,20,counts_sample,knowledge_gradient,pseudo_regret,0.0,0.0,0.0,3,3,3,episode
pilot,secondary_baseline,clear,5,20,counts_sample,knowledge_gradient,pseudo_regret,0.3999999999999999,-2.7999999999999994,3.5999999999999996,3,3,3,episode
pilot,secondary_baseline,clear,15,20,counts_sample,knowledge_gradient,pseudo_regret,-1.8666666666666665,-7.999999999999999,2.3999999999999995,3,3,3,episode
pilot,secondary_baseline,close,2,20,counts_sample,knowledge_gradient,pseudo_regret,0.08333333333333341,0.0,0.15000000000000013,3,3,3,episode
pilot,secondary_baseline,close,5,20,counts_sample,knowledge_gradient,pseudo_regret,0.08333333333333341,-0.15000000000000013,0.4500000000000004,3,3,3,episode
pilot,secondary_baseline,close,15,20,counts_sample,knowledge_gradient,pseudo_regret,0.21666666666666687,0.0,0.5000000000000004,3,3,3,episode
pilot,secondary_baseline,prior,2,20,counts_sample,knowledge_gradient,pseudo_regret,0.10065100640072762,-0.02891986036404587,0.21757154368580026,3,3,3,episode
pilot,secondary_baseline,prior,5,20,counts_sample,knowledge_gradient,pseudo_regret,3.909698455364108,1.3503802606117368,5.9599714482548825,3,3,3,episode
pilot,secondary_baseline,prior,15,20,counts_sample,knowledge_gradient,pseudo_regret,4.879675935628988,0.3154355950861216,11.21219426746306,3,3,3,episode
pilot,secondary_baseline,clear,2,20,counts_sample,knowledge_gradient,reward,0.0,0.0,0.0,3,3,3,episode
pilot,secondary_baseline,clear,5,20,counts_sample,knowledge_gradient,reward,0.0,-3.0,3.0,3,3,3,episode
pilot,secondary_baseline,clear,15,20,counts_sample,knowledge_gradient,reward,1.0,-2.0,3.0,3,3,3,episode
pilot,secondary_baseline,close,2,20,counts_sample,knowledge_gradient,reward,-0.6666666666666666,-2.0,0.0,3,3,3,episode
pilot,secondary_baseline,close,5,20,counts_sample,knowledge_gradient,reward,0.0,-2.0,3.0,3,3,3,episode
pilot,secondary_baseline,close,15,20,counts_sample,knowledge_gradient,reward,0.6666666666666666,-3.0,4.0,3,3,3,episode
pilot,secondary_baseline,prior,2,20,counts_sample,knowledge_gradient,reward,0.3333333333333333,0.0,1.0,3,3,3,episode
pilot,secondary_baseline,prior,5,20,counts_sample,knowledge_gradient,reward,-2.0,-3.0,-1.0,3,3,3,episode
pilot,secondary_baseline,prior,15,20,counts_sample,knowledge_gradient,reward,-5.666666666666667,-16.0,3.0,3,3,3,episode
pilot,planned_comparison,clear,2,20,counts_sample,ts,pseudo_regret,-0.6666666666666666,-0.8000000000000002,-0.39999999999999997,3,3,3,episode
pilot,planned_comparison,clear,5,20,counts_sample,ts,pseudo_regret,-1.2,-3.5999999999999996,0.40000000000000036,3,3,3,episode
pilot,planned_comparison,clear,15,20,counts_sample,ts,pseudo_regret,-1.8666666666666663,-7.199999999999999,2.0,3,3,3,episode
pilot,planned_comparison,close,2,20,counts_sample,ts,pseudo_regret,0.11666666666666677,0.050000000000000044,0.15000000000000013,3,3,3,episode
pilot,planned_comparison,close,5,20,counts_sample,ts,pseudo_regret,0.050000000000000044,0.0,0.10000000000000009,3,3,3,episode
pilot,planned_comparison,close,15,20,counts_sample,ts,pseudo_regret,0.08333333333333341,0.050000000000000044,0.10000000000000009,3,3,3,episode
pilot,planned_comparison,prior,2,20,counts_sample,ts,pseudo_regret,-0.0859668792335526,-0.14459930182022934,0.0,3,3,3,episode
pilot,planned_comparison,prior,5,20,counts_sample,ts,pseudo_regret,1.6883631170836466,-0.18231525350227074,2.742509741080026,3,3,3,episode
pilot,planned_comparison,prior,15,20,counts_sample,ts,pseudo_regret,0.8154966088941574,-0.318422287272786,2.598032449018305,3,3,3,episode
pilot,planned_comparison,clear,2,20,counts_sample,ts,reward,0.6666666666666666,0.0,1.0,3,3,3,episode
pilot,planned_comparison,clear,5,20,counts_sample,ts,reward,1.3333333333333333,0.0,4.0,3,3,3,episode
pilot,planned_comparison,clear,15,20,counts_sample,ts,reward,1.6666666666666667,-2.0,8.0,3,3,3,episode
pilot,planned_comparison,close,2,20,counts_sample,ts,reward,0.0,-2.0,1.0,3,3,3,episode
pilot,planned_comparison,close,5,20,counts_sample,ts,reward,-0.6666666666666666,-2.0,1.0,3,3,3,episode
pilot,planned_comparison,close,15,20,counts_sample,ts,reward,0.6666666666666666,-4.0,5.0,3,3,3,episode
pilot,planned_comparison,prior,2,20,counts_sample,ts,reward,1.0,0.0,2.0,3,3,3,episode
pilot,planned_comparison,prior,5,20,counts_sample,ts,reward,-0.3333333333333333,-2.0,2.0,3,3,3,episode
pilot,planned_comparison,prior,15,20,counts_sample,ts,reward,-0.3333333333333333,-2.0,1.0,3,3,3,episode
pilot,secondary_baseline,clear,2,20,counts_sample,ucb1,pseudo_regret,-1.3333333333333333,-2.0,-0.8000000000000002,3,3,3,episode
pilot,secondary_baseline,clear,5,20,counts_sample,ucb1,pseudo_regret,-2.266666666666666,-4.8,-0.39999999999999947,3,3,3,episode
pilot,secondary_baseline,clear,15,20,counts_sample,ucb1,pseudo_regret,-2.2666666666666666,-7.199999999999999,0.39999999999999947,3,3,3,episode
pilot,secondary_baseline,close,2,20,counts_sample,ucb1,pseudo_regret,-0.10000000000000009,-0.30000000000000027,0.20000000000000018,3,3,3,episode
pilot,secondary_baseline,close,5,20,counts_sample,ucb1,pseudo_regret,0.050000000000000044,0.0,0.15000000000000013,3,3,3,episode
pilot,secondary_baseline,close,15,20,counts_sample,ucb1,pseudo_regret,0.06666666666666672,0.050000000000000044,0.10000000000000009,3,3,3,episode
pilot,secondary_baseline,prior,2,20,counts_sample,ucb1,pseudo_regret,-0.3218532613721293,-0.6798080152825707,-0.054392885921450085,3,3,3,episode
pilot,secondary_baseline,prior,5,20,counts_sample,ucb1,pseudo_regret,2.0140106043386474,0.029062138425416606,3.086521208830884,3,3,3,episode
pilot,secondary_baseline,prior,15,20,counts_sample,ucb1,pseudo_regret,-0.8139099386230605,-1.5398768474456253,0.30417226916272,3,3,3,episode
pilot,secondary_baseline,clear,2,20,counts_sample,ucb1,reward,1.0,1.0,1.0,3,3,3,episode
pilot,secondary_baseline,clear,5,20,counts_sample,ucb1,reward,2.0,-1.0,6.0,3,3,3,episode
pilot,secondary_baseline,clear,15,20,counts_sample,ucb1,reward,1.6666666666666667,-3.0,9.0,3,3,3,episode
pilot,secondary_baseline,close,2,20,counts_sample,ucb1,reward,0.6666666666666666,0.0,2.0,3,3,3,episode
pilot,secondary_baseline,close,5,20,counts_sample,ucb1,reward,-0.6666666666666666,-2.0,0.0,3,3,3,episode
pilot,secondary_baseline,close,15,20,counts_sample,ucb1,reward,0.3333333333333333,-3.0,3.0,3,3,3,episode
pilot,secondary_baseline,prior,2,20,counts_sample,ucb1,reward,0.6666666666666666,0.0,1.0,3,3,3,episode
pilot,secondary_baseline,prior,5,20,counts_sample,ucb1,reward,-1.0,-3.0,0.0,3,3,3,episode
pilot,secondary_baseline,prior,15,20,counts_sample,ucb1,reward,1.0,-2.0,5.0,3,3,3,episode
