cohort,label_scheme,horizon,format,metric,mean,ci_low,ci_high,n_fixtures
random,letters,1,advice_only,advice_adherence,1.0,1.0,1.0,100
random,letters,1,advice_only,distribution_advice_adherence,0.8447,0.8421500000000001,0.8472999999999999,100
random,letters,1,advice_only,optimal_agreement,1.0,1.0,1.0,100
random,letters,1,advice_only,exact_loss,0.0,0.0,0.0,100
random,letters,1,advice_only,distribution_exact_loss,0.04053988095238093,0.03434228760822509,0.046766355519480496,100
random,letters,1,advice_only,posterior_mean_greedy,1.0,1.0,1.0,100
random,letters,1,advice_only,prediction_entropy,0.4156884632664121,0.4116440710883183,0.41962787836556253,100
random,letters,1,advice_only,choice_mismatch,0.0,0.0,0.0,100
random,letters,1,dp_values,optimal_agreement,1.0,1.0,1.0,100
random,letters,1,dp_values,exact_loss,0.0,0.0,0.0,100
random,letters,1,dp_values,distribution_exact_loss,1.912878787878783e-05,2.6785714285713912e-06,4.204545454545433e-05,100
random,letters,1,inline,advice_adherence,0.98,0.96,0.995,100
random,letters,1,inline,distribution_advice_adherence,0.960175,0.9417250000000001,0.9769,100
random,letters,1,inline,optimal_agreement,0.995,0.985,1.0,100
random,letters,1,inline,exact_loss,0.00045454545454545444,0.0,0.0013636363636363633,100
random,letters,1,inline,distribution_exact_loss,0.0012679924242424243,0.0005813791937229423,0.002155770427489177,100
random,letters,1,inline,posterior_mean_greedy,0.995,0.985,1.0,100
random,letters,1,inline,prediction_entropy,0.08428975433673454,0.05487913001651241,0.11722066422300079,100
random,letters,1,inline,choice_mismatch,0.0,0.0,0.0,100
random,letters,1,nested,advice_adherence,0.955,0.925,0.98,100
random,letters,1,nested,distribution_advice_adherence,0.9467749999999999,0.9234250000000002,0.9679249999999999,100
random,letters,1,nested,optimal_agreement,1.0,1.0,1.0,100
random,letters,1,nested,exact_loss,0.0,0.0,0.0,100
random,letters,1,nested,distribution_exact_loss,0.0015734307359307393,0.0008064082792207842,0.0024549174783549824,100
random,letters,1,nested,posterior_mean_greedy,1.0,1.0,1.0,100
random,letters,1,nested,prediction_entropy,0.09493159640687025,0.06284033288998342,0.12870309327639745,100
random,letters,1,nested,choice_mismatch,0.0,0.0,0.0,100
random,letters,1,path_explicit,advice_adherence,1.0,1.0,1.0,100
random,letters,1,path_explicit,distribution_advice_adherence,0.9799500000000001,0.9714493749999998,0.987625,100
random,letters,1,path_explicit,optimal_agreement,1.0,1.0,1.0,100
random,letters,1,path_explicit,exact_loss,0.0,0.0,0.0,100
random,letters,1,path_explicit,distribution_exact_loss,0.0007691558441558438,0.0004205688582251086,0.0011881980519480534,100
random,letters,1,path_explicit,posterior_mean_greedy,1.0,1.0,1.0,100
random,letters,1,path_explicit,prediction_entropy,0.062058505892978955,0.041132446538473796,0.0852902008276155,100
random,letters,1,path_explicit,choice_mismatch,0.0,0.0,0.0,100
random,letters,1,per_option,advice_adherence,0.995,0.9875,1.0,100
random,letters,1,per_option,distribution_advice_adherence,0.9688999999999999,0.9541000000000001,0.98185,100
random,letters,1,per_option,optimal_agreement,1.0,1.0,1.0,100
random,letters,1,per_option,exact_loss,0.0,0.0,0.0,100
random,letters,1,per_option,distribution_exact_loss,0.0008808441558441566,0.00039715097402597503,0.0014804241071428572,100
random,letters,1,per_option,posterior_mean_greedy,1.0,1.0,1.0,100
random,letters,1,per_option,prediction_entropy,0.07451223965927814,0.04780123441506499,0.10444522217692254,100
random,letters,1,per_option,choice_mismatch,0.0,0.0,0.0,100
random,letters,2,advice_only,advice_adherence,1.0,1.0,1.0,100
random,letters,2,advice_only,distribution_advice_adherence,0.8427499999999999,0.8408,0.8447500000000001,100
random,letters,2,advice_only,optimal_agreement,1.0,1.0,1.0,100
random,letters,2,advice_only,exact_loss,0.0,0.0,0.0,100
random,letters,2,advice_only,distribution_exact_loss,0.04168877799736493,0.03553342581557932,0.048236553745846525,100
random,letters,2,advice_only,posterior_mean_greedy,0.98,0.95,1.0,100
random,letters,2,advice_only,prediction_entropy,0.4188811738355075,0.4159142033810329,0.42188973428659693,100
random,letters,2,advice_only,choice_mismatch,0.0,0.0,0.0,100
random,letters,2,dp_values,optimal_agreement,1.0,1.0,1.0,100
random,letters,2,dp_values,exact_loss,0.0,0.0,0.0,100
random,letters,2,dp_values,distribution_exact_loss,0.0031773902184771964,0.002740307631679936,0.00361085688971357,100
random,letters,2,inline,advice_adherence,0.96,0.925,0.99,100
random,letters,2,inline,distribution_advice_adherence,0.9108750000000001,0.8790749999999999,0.939525,100
random,letters,2,inline,optimal_agreement,0.96,0.925,0.99,100
random,letters,2,inline,exact_loss,0.0017892940392940392,0.00033333333333333213,0.0036386176323676333,100
random,letters,2,inline,distribution_exact_loss,0.0062091535728764115,0.004692097572038481,0.007900424559815196,100
random,letters,2,inline,posterior_mean_greedy,0.99,0.975,1.0,100
random,letters,2,inline,prediction_entropy,0.1779373231801041,0.13832319178330285,0.21827874532516758,100
random,letters,2,inline,choice_mismatch,0.0,0.0,0.0,100
random,letters,2,nested,advice_adherence,0.93,0.89,0.965,100
random,letters,2,nested,distribution_advice_adherence,0.8913249999999999,0.8583000000000003,0.921175625,100
random,letters,2,nested,optimal_agreement,0.95,0.9125,0.98,100
random,letters,2,nested,exact_loss,0.002296715060302015,0.0007991971796319622,0.004176411925936378,100
random,letters,2,nested,distribution_exact_loss,0.008165911262650403,0.006505794389939779,0.0100499263155323,100
random,letters,2,nested,posterior_mean_greedy,0.9825,0.9625,0.9975,100
random,letters,2,nested,prediction_entropy,0.21385378801778418,0.17379201742604528,0.2558575112647884,100
random,letters,2,nested,choice_mismatch,0.0,0.0,0.0,100
random,letters,2,path_explicit,advice_adherence,1.0,1.0,1.0,100
random,letters,2,path_explicit,distribution_advice_adherence,0.96855,0.957299375,0.9787756249999999,100
random,letters,2,path_explicit,optimal_agreement,1.0,1.0,1.0,100
random,letters,2,path_explicit,exact_loss,0.0,0.0,0.0,100
random,letters,2,path_explicit,distribution_exact_loss,0.002233532472961832,0.001704185184833298,0.0028282194924640664,100
random,letters,2,path_explicit,posterior_mean_greedy,0.98,0.95,1.0,100
random,letters,2,path_explicit,prediction_entropy,0.10076486341903129,0.07494878098204677,0.12870935102835424,100
random,letters,2,path_explicit,choice_mismatch,0.0,0.0,0.0,100
random,letters,2,per_option,advice_adherence,0.985,0.96,1.0,100
random,letters,2,per_option,distribution_advice_adherence,0.9313250000000001,0.9066500000000001,0.952175,100
random,letters,2,per_option,optimal_agreement,0.985,0.96,1.0,100
random,letters,2,per_option,exact_loss,0.00019696969696969657,0.0,0.0005454545454545445,100
random,letters,2,per_option,distribution_exact_loss,0.00481958596656967,0.003710981910299852,0.006040598739801875,100
random,letters,2,per_option,posterior_mean_greedy,0.995,0.985,1.0,100
random,letters,2,per_option,prediction_entropy,0.1663345237345883,0.12967469736385107,0.205509936127058,100
random,letters,2,per_option,choice_mismatch,0.0,0.0,0.0,100
random,letters,10,advice_only,advice_adherence,1.0,1.0,1.0,100
random,letters,10,advice_only,distribution_advice_adherence,0.8067749999999999,0.80415,0.80935,100
random,letters,10,advice_only,optimal_agreement,1.0,1.0,1.0,100
random,letters,10,advice_only,exact_loss,0.0,0.0,0.0,100
random,letters,10,advice_only,distribution_exact_loss,0.050538759536011425,0.04323155396212156,0.058151105876714945,100
random,letters,10,advice_only,posterior_mean_greedy,0.94,0.89,0.98,100
random,letters,10,advice_only,prediction_entropy,0.46990821836861857,0.4669877503503657,0.472841648322195,100
random,letters,10,advice_only,choice_mismatch,0.0,0.0,0.0,100
random,letters,10,dp_values,optimal_agreement,1.0,1.0,1.0,100
random,letters,10,dp_values,exact_loss,0.0,0.0,0.0,100
random,letters,10,dp_values,distribution_exact_loss,0.004202342769717669,0.0035764028322137122,0.004848909216379601,100
random,letters,10,inline,advice_adherence,0.925,0.875,0.9675,100
random,letters,10,inline,distribution_advice_adherence,0.877175,0.8315231250000001,0.91780125,100
random,letters,10,inline,optimal_agreement,0.925,0.8725,0.97,100
random,letters,10,inline,exact_loss,0.004524038049129277,0.0018892320287722977,0.0076438501140261295,100
random,letters,10,inline,distribution_exact_loss,0.009714332687549824,0.00703918035150466,0.012623934727617185,100
random,letters,10,inline,posterior_mean_greedy,0.99,0.9775,1.0,100
random,letters,10,inline,prediction_entropy,0.18428782058943965,0.14305776634663947,0.22702875477714515,100
random,letters,10,inline,choice_mismatch,0.0,0.0,0.0,100
random,letters,10,nested,advice_adherence,0.875,0.8199375,0.9275,100
random,letters,10,nested,distribution_advice_adherence,0.8574499999999999,0.8119743750000002,0.89807625,100
random,letters,10,nested,optimal_agreement,0.895,0.8399375,0.9425,100
random,letters,10,nested,exact_loss,0.006924961039182707,0.0037239008861798036,0.010452356570879064,100
random,letters,10,nested,distribution_exact_loss,0.011683949750574843,0.00885446316389238,0.014768188541383762,100
random,letters,10,nested,posterior_mean_greedy,0.98,0.96,0.995,100
random,letters,10,nested,prediction_entropy,0.2155176755997899,0.17320395125600352,0.2580588214991271,100
random,letters,10,nested,choice_mismatch,0.0,0.0,0.0,100
random,letters,10,path_explicit,advice_adherence,1.0,1.0,1.0,100
random,letters,10,path_explicit,distribution_advice_adherence,0.9556999999999999,0.9385000000000002,0.9709749999999999,100
random,letters,10,path_explicit,optimal_agreement,1.0,1.0,1.0,100
random,letters,10,path_explicit,exact_loss,0.0,0.0,0.0,100
random,letters,10,path_explicit,distribution_exact_loss,0.0034855873375073875,0.0025036406483767656,0.004535175779468868,100
random,letters,10,path_explicit,posterior_mean_greedy,0.94,0.89,0.98,100
random,letters,10,path_explicit,prediction_entropy,0.12098663529390934,0.08887921247704826,0.1561539098284325,100
random,letters,10,path_explicit,choice_mismatch,0.0,0.0,0.0,100
random,letters,10,per_option,advice_adherence,0.9375,0.8875,0.98,100
random,letters,10,per_option,distribution_advice_adherence,0.9024,0.866999375,0.934525,100
random,letters,10,per_option,optimal_agreement,0.9375,0.885,0.98,100
random,letters,10,per_option,exact_loss,0.0030013522016430283,0.0008099801860345709,0.0058094104652505535,100
random,letters,10,per_option,distribution_exact_loss,0.007591924440306898,0.005546682050805899,0.00989887146824271,100
random,letters,10,per_option,posterior_mean_greedy,0.9975,0.9925,1.0,100
random,letters,10,per_option,prediction_entropy,0.1827706176687779,0.14039963175358613,0.2269832890014777,100
random,letters,10,per_option,choice_mismatch,0.0,0.0,0.0,100
random,original,1,advice_only,advice_adherence,1.0,1.0,1.0,100
random,original,1,advice_only,distribution_advice_adherence,0.8514000000000002,0.8491999999999998,0.8535750000000002,100
random,original,1,advice_only,optimal_agreement,1.0,1.0,1.0,100
random,original,1,advice_only,exact_loss,0.0,0.0,0.0,100
random,original,1,advice_only,distribution_exact_loss,0.03893701298701299,0.032985708874458876,0.04494070819805195,100
random,original,1,advice_only,posterior_mean_greedy,1.0,1.0,1.0,100
random,original,1,advice_only,prediction_entropy,0.41735047956276156,0.4136418952589274,0.4211445899149456,100
random,original,1,advice_only,choice_mismatch,0.0,0.0,0.0,100
random,original,1,dp_values,optimal_agreement,1.0,1.0,1.0,100
random,original,1,dp_values,exact_loss,0.0,0.0,0.0,100
random,original,1,dp_values,distribution_exact_loss,8.522727272727293e-06,0.0,2.3295454545454593e-05,100
random,original,1,inline,advice_adherence,0.985,0.965,1.0,100
random,original,1,inline,distribution_advice_adherence,0.9647,0.946599375,0.980475,100
random,original,1,inline,optimal_agreement,1.0,1.0,1.0,100
random,original,1,inline,exact_loss,0.0,0.0,0.0,100
random,original,1,inline,distribution_exact_loss,0.0008123106060606061,0.00038763866341991367,0.0013400446428571413,100
random,original,1,inline,posterior_mean_greedy,1.0,1.0,1.0,100
random,original,1,inline,prediction_entropy,0.08021003259916594,0.05122194417450926,0.1133531478880462,100
random,original,1,inline,choice_mismatch,0.0,0.0,0.0,100
random,original,1,nested,advice_adherence,0.9525,0.9225,0.98,100
random,original,1,nested,distribution_advice_adherence,0.9483249999999999,0.924424375,0.9699749999999999,100
random,original,1,nested,optimal_agreement,1.0,1.0,1.0,100
random,original,1,nested,exact_loss,0.0,0.0,0.0,100
random,original,1,nested,distribution_exact_loss,0.0012525162337662348,0.0005522456709956719,0.0020618567370129883,100
random,original,1,nested,posterior_mean_greedy,1.0,1.0,1.0,100
random,original,1,nested,prediction_entropy,0.08960611978143446,0.05732948825534184,0.12513180880070665,100
random,original,1,nested,choice_mismatch,0.0,0.0,0.0,100
random,original,1,path_explicit,advice_adherence,1.0,1.0,1.0,100
random,original,1,path_explicit,distribution_advice_adherence,0.9739250000000002,0.9633743750000001,0.983675,100
random,original,1,path_explicit,optimal_agreement,1.0,1.0,1.0,100
random,original,1,path_explicit,exact_loss,0.0,0.0,0.0,100
random,original,1,path_explicit,distribution_exact_loss,0.0010609577922077926,0.0005555708874458888,0.0016535754870129875,100
random,original,1,path_explicit,posterior_mean_greedy,1.0,1.0,1.0,100
random,original,1,path_explicit,prediction_entropy,0.07434026115595983,0.049145242004535926,0.10168013741269911,100
random,original,1,path_explicit,choice_mismatch,0.0,0.0,0.0,100
random,original,1,per_option,advice_adherence,1.0,1.0,1.0,100
random,original,1,per_option,distribution_advice_adherence,0.9695500000000001,0.95445,0.9825006250000001,100
random,original,1,per_option,optimal_agreement,1.0,1.0,1.0,100
random,original,1,per_option,exact_loss,0.0,0.0,0.0,100
random,original,1,per_option,distribution_exact_loss,0.0007774621212121214,0.0003332481060606057,0.0013127996482683996,100
random,original,1,per_option,posterior_mean_greedy,1.0,1.0,1.0,100
random,original,1,per_option,prediction_entropy,0.0728212441935347,0.045997442169861374,0.10362051801778635,100
random,original,1,per_option,choice_mismatch,0.0,0.0,0.0,100
random,original,2,advice_only,advice_adherence,1.0,1.0,1.0,100
random,original,2,advice_only,distribution_advice_adherence,0.839075,0.8371,0.8410499999999999,100
random,original,2,advice_only,optimal_agreement,1.0,1.0,1.0,100
random,original,2,advice_only,exact_loss,0.0,0.0,0.0,100
random,original,2,advice_only,distribution_exact_loss,0.04280817954690235,0.036421761693243335,0.04942091547763827,100
random,original,2,advice_only,posterior_mean_greedy,0.98,0.95,1.0,100
random,original,2,advice_only,prediction_entropy,0.4330622973028222,0.42989313832248893,0.4362932715610915,100
random,original,2,advice_only,choice_mismatch,0.0,0.0,0.0,100
random,original,2,dp_values,optimal_agreement,1.0,1.0,1.0,100
random,original,2,dp_values,exact_loss,0.0,0.0,0.0,100
random,original,2,dp_values,distribution_exact_loss,0.00291411275318886,0.0025460672814504614,0.003289314577632542,100
random,original,2,inline,advice_adherence,0.9575,0.92,0.9875,100
random,original,2,inline,distribution_advice_adherence,0.8987499999999998,0.866099375,0.929,100
random,original,2,inline,optimal_agreement,0.9575,0.92,0.9875,100
random,original,2,inline,exact_loss,0.0018835657096526659,0.0004772727272727279,0.0037454863071710877,100
random,original,2,inline,distribution_exact_loss,0.0075671687189622075,0.0058829681265292755,0.00944893676567998,100
random,original,2,inline,posterior_mean_greedy,0.9825,0.9625,0.9975,100
random,original,2,inline,prediction_entropy,0.20567741290504274,0.1644974282813879,0.2487836297735965,100
random,original,2,inline,choice_mismatch,0.0,0.0,0.0,100
random,original,2,nested,advice_adherence,0.9475,0.91,0.98,100
random,original,2,nested,distribution_advice_adherence,0.8972749999999998,0.8651487499999999,0.9269999999999999,100
random,original,2,nested,optimal_agreement,0.9675,0.935,0.995,100
random,original,2,nested,exact_loss,0.0011994165255034815,0.00018210050818746437,0.0025670995670995676,100
random,original,2,nested,distribution_exact_loss,0.007034456811304648,0.005354978010893095,0.008895947596108603,100
random,original,2,nested,posterior_mean_greedy,0.9875,0.97,1.0,100
random,original,2,nested,prediction_entropy,0.19702697199911284,0.15541954831294846,0.2394597228472889,100
random,original,2,nested,choice_mismatch,0.0,0.0,0.0,100
random,original,2,path_explicit,advice_adherence,1.0,1.0,1.0,100
random,original,2,path_explicit,distribution_advice_adherence,0.9542499999999998,0.940174375,0.9669756249999999,100
random,original,2,path_explicit,optimal_agreement,1.0,1.0,1.0,100
random,original,2,path_explicit,exact_loss,0.0,0.0,0.0,100
random,original,2,path_explicit,distribution_exact_loss,0.0037621375906702116,0.0029514842632458347,0.004636545171087977,100
random,original,2,path_explicit,posterior_mean_greedy,0.98,0.95,1.0,100
random,original,2,path_explicit,prediction_entropy,0.13991867211002196,0.11036207869408395,0.17157574877439719,100
random,original,2,path_explicit,choice_mismatch,0.0,0.0,0.0,100
random,original,2,per_option,advice_adherence,0.98,0.95,1.0,100
random,original,2,per_option,distribution_advice_adherence,0.9363749999999998,0.911824375,0.9577750000000002,100
random,original,2,per_option,optimal_agreement,0.98,0.95,1.0,100
random,original,2,per_option,exact_loss,0.00024242424242424177,0.0,0.0006363636363636349,100
random,original,2,per_option,distribution_exact_loss,0.003918416501976299,0.002799547705464848,0.005136136074070867,100
random,original,2,per_option,posterior_mean_greedy,1.0,1.0,1.0,100
random,original,2,per_option,prediction_entropy,0.14786713917515873,0.1118595713753238,0.1862392228801092,100
random,original,2,per_option,choice_mismatch,0.0,0.0,0.0,100
random,original,10,advice_only,advice_adherence,1.0,1.0,1.0,100
random,original,10,advice_only,distribution_advice_adherence,0.8057250000000002,0.8028250000000001,0.8085749999999998,100
random,original,10,advice_only,optimal_agreement,1.0,1.0,1.0,100
random,original,10,advice_only,exact_loss,0.0,0.0,0.0,100
random,original,10,advice_only,distribution_exact_loss,0.051326067434729075,0.043558627759291396,0.05954561105872274,100
random,original,10,advice_only,posterior_mean_greedy,0.94,0.89,0.98,100
random,original,10,advice_only,prediction_entropy,0.47674337380503595,0.473169223206598,0.4802180525821411,100
random,original,10,advice_only,choice_mismatch,0.0,0.0,0.0,100
random,original,10,dp_values,optimal_agreement,1.0,1.0,1.0,100
random,original,10,dp_values,exact_loss,0.0,0.0,0.0,100
random,original,10,dp_values,distribution_exact_loss,0.004008358881314296,0.003398500063899279,0.004646865326667669,100
random,original,10,inline,advice_adherence,0.915,0.8648750000000001,0.96,100
random,original,10,inline,distribution_advice_adherence,0.8718749999999998,0.8280750000000002,0.911575625,100
random,original,10,inline,optimal_agreement,0.915,0.86,0.96,100
random,original,10,inline,exact_loss,0.004734853271828889,0.0020517253432740293,0.007903268481395402,100
random,original,10,inline,distribution_exact_loss,0.010308874429711137,0.007654419562496049,0.01313367714770949,100
random,original,10,inline,posterior_mean_greedy,0.98,0.96,0.995,100
random,original,10,inline,prediction_entropy,0.2067755437712265,0.16415562796132468,0.2520945725518131,100
random,original,10,inline,choice_mismatch,0.0,0.0,0.0,100
random,original,10,nested,advice_adherence,0.87,0.815,0.9225,100
random,original,10,nested,distribution_advice_adherence,0.858425,0.8123487500000001,0.9004781250000001,100
random,original,10,nested,optimal_agreement,0.89,0.835,0.94,100
random,original,10,nested,exact_loss,0.0073526658368162166,0.004085110868618468,0.011111760357941022,100
random,original,10,nested,distribution_exact_loss,0.010982144199397645,0.008038642964018796,0.014151580152874372,100
random,original,10,nested,posterior_mean_greedy,0.9775,0.955,0.995,100
random,original,10,nested,prediction_entropy,0.20034630362900757,0.15760462509124856,0.2443131638473737,100
random,original,10,nested,choice_mismatch,0.0,0.0,0.0,100
random,original,10,path_explicit,advice_adherence,0.9975,0.9925,1.0,100
random,original,10,path_explicit,distribution_advice_adherence,0.9409750000000001,0.920325,0.9591262500000002,100
random,original,10,path_explicit,optimal_agreement,0.9975,0.9925,1.0,100
random,original,10,path_explicit,exact_loss,8.848061369068905e-06,0.0,2.6544184107206716e-05,100
random,original,10,path_explicit,distribution_exact_loss,0.005161183921067819,0.0039249389877332305,0.006552684843436033,100
random,original,10,path_explicit,posterior_mean_greedy,0.9425,0.895,0.9825,100
random,original,10,path_explicit,prediction_entropy,0.15338278723778612,0.11708731915061618,0.19199196707534882,100
random,original,10,path_explicit,choice_mismatch,0.0,0.0,0.0,100
random,original,10,per_option,advice_adherence,0.9375,0.8875,0.98,100
random,original,10,per_option,distribution_advice_adherence,0.907525,0.87214875,0.9389762500000001,100
random,original,10,per_option,optimal_agreement,0.9375,0.8875,0.98,100
random,original,10,per_option,exact_loss,0.0030013522016430283,0.0007748832195472488,0.005694508830341128,100
random,original,10,per_option,distribution_exact_loss,0.0067197335134313,0.004691111006739155,0.008876488621509627,100
random,original,10,per_option,posterior_mean_greedy,0.9975,0.9925,1.0,100
random,original,10,per_option,prediction_entropy,0.16511258002455848,0.12424545463930105,0.20904790737438633,100
random,original,10,per_option,choice_mismatch,0.0,0.0,0.0,100
targeted,letters,1,advice_only,advice_adherence,1.0,1.0,1.0,100
targeted,letters,1,advice_only,distribution_advice_adherence,0.8470000000000002,0.8447,0.8492750000000001,100
targeted,letters,1,advice_only,optimal_agreement,1.0,1.0,1.0,100
targeted,letters,1,advice_only,exact_loss,0.0,0.0,0.0,100
targeted,letters,1,advice_only,distribution_exact_loss,0.014975604115526215,0.013568179152651861,0.016368325221810132,100
targeted,letters,1,advice_only,posterior_mean_greedy,1.0,1.0,1.0,100
targeted,letters,1,advice_only,prediction_entropy,0.4125973847265081,0.40902274705685,0.41608989026261833,100
targeted,letters,1,advice_only,choice_mismatch,0.0,0.0,0.0,100
targeted,letters,1,dp_values,optimal_agreement,1.0,1.0,1.0,100
targeted,letters,1,dp_values,exact_loss,0.0,0.0,0.0,100
targeted,letters,1,dp_values,distribution_exact_loss,0.0,0.0,0.0,100
targeted,letters,1,inline,advice_adherence,1.0,1.0,1.0,100
targeted,letters,1,inline,distribution_advice_adherence,0.9914749999999999,0.9903750000000001,0.9924756250000003,100
targeted,letters,1,inline,optimal_agreement,1.0,1.0,1.0,100
targeted,letters,1,inline,exact_loss,0.0,0.0,0.0,100
targeted,letters,1,inline,distribution_exact_loss,0.0006329255092047192,0.0005966905796134321,0.0006693043265886857,100
targeted,letters,1,inline,posterior_mean_greedy,1.0,1.0,1.0,100
targeted,letters,1,inline,prediction_entropy,0.0452242728764192,0.040454381343889574,0.050403011126723074,100
targeted,letters,1,inline,choice_mismatch,0.0,0.0,0.0,100
targeted,letters,1,nested,advice_adherence,1.0,1.0,1.0,100
targeted,letters,1,nested,distribution_advice_adherence,0.98735,0.9859,0.9887249999999999,100
targeted,letters,1,nested,optimal_agreement,1.0,1.0,1.0,100
targeted,letters,1,nested,exact_loss,0.0,0.0,0.0,100
targeted,letters,1,nested,distribution_exact_loss,0.0009680739430134266,0.000919892449010102,0.0010171797352355534,100
targeted,letters,1,nested,posterior_mean_greedy,1.0,1.0,1.0,100
targeted,letters,1,nested,prediction_entropy,0.0647994783563251,0.05915311563610492,0.07076171955079197,100
targeted,letters,1,nested,choice_mismatch,0.0,0.0,0.0,100
targeted,letters,1,path_explicit,advice_adherence,1.0,1.0,1.0,100
targeted,letters,1,path_explicit,distribution_advice_adherence,0.9957250000000002,0.9947500000000001,0.99665,100
targeted,letters,1,path_explicit,optimal_agreement,1.0,1.0,1.0,100
targeted,letters,1,path_explicit,exact_loss,0.0,0.0,0.0,100
targeted,letters,1,path_explicit,distribution_exact_loss,0.00023874426958941098,0.00020184671994857934,0.00027521702856907106,100
targeted,letters,1,path_explicit,posterior_mean_greedy,1.0,1.0,1.0,100
targeted,letters,1,path_explicit,prediction_entropy,0.022231147943712344,0.017789480622697883,0.026917728581688234,100
targeted,letters,1,path_explicit,choice_mismatch,0.0,0.0,0.0,100
targeted,letters,1,per_option,advice_adherence,1.0,1.0,1.0,100
targeted,letters,1,per_option,distribution_advice_adherence,0.9927499999999999,0.9916743749999999,0.9938250000000001,100
targeted,letters,1,per_option,optimal_agreement,1.0,1.0,1.0,100
targeted,letters,1,per_option,exact_loss,0.0,0.0,0.0,100
targeted,letters,1,per_option,distribution_exact_loss,0.0004848465498834012,0.000431459146512502,0.0005363974116593172,100
targeted,letters,1,per_option,posterior_mean_greedy,1.0,1.0,1.0,100
targeted,letters,1,per_option,prediction_entropy,0.03901746033009845,0.03358450807063674,0.04475588931520108,100
targeted,letters,1,per_option,choice_mismatch,0.0,0.0,0.0,100
targeted,letters,2,advice_only,advice_adherence,1.0,1.0,1.0,100
targeted,letters,2,advice_only,distribution_advice_adherence,0.8421000000000001,0.8400499999999999,0.8441250000000001,100
targeted,letters,2,advice_only,optimal_agreement,1.0,1.0,1.0,100
targeted,letters,2,advice_only,exact_loss,0.0,0.0,0.0,100
targeted,letters,2,advice_only,distribution_exact_loss,0.012012452487912268,0.010363546263978427,0.013744407241621463,100
targeted,letters,2,advice_only,posterior_mean_greedy,0.82,0.74,0.89,100
targeted,letters,2,advice_only,prediction_entropy,0.4194103202799542,0.4164845286552831,0.4222674811756408,100
targeted,letters,2,advice_only,choice_mismatch,0.0,0.0,0.0,100
targeted,letters,2,dp_values,optimal_agreement,1.0,1.0,1.0,100
targeted,letters,2,dp_values,exact_loss,0.0,0.0,0.0,100
targeted,letters,2,dp_values,distribution_exact_loss,0.0020391868030509254,0.0018091354683607752,0.0022765206716294675,100
targeted,letters,2,inline,advice_adherence,0.82,0.74,0.89,100
targeted,letters,2,inline,distribution_advice_adherence,0.82825,0.7667243750000001,0.8827275,100
targeted,letters,2,inline,optimal_agreement,0.82,0.74,0.89,100
targeted,letters,2,inline,exact_loss,0.006011247543167866,0.003214641453065061,0.009124425011026116,100
targeted,letters,2,inline,distribution_exact_loss,0.006731175504982067,0.004676991468107317,0.009033324583433776,100
targeted,letters,2,inline,posterior_mean_greedy,1.0,1.0,1.0,100
targeted,letters,2,inline,prediction_entropy,0.19930307100295125,0.17460849775332563,0.22652698467932644,100
targeted,letters,2,inline,choice_mismatch,0.0,0.0,0.0,100
targeted,letters,2,nested,advice_adherence,0.82,0.74,0.89,100
targeted,letters,2,nested,distribution_advice_adherence,0.8203,0.7670225000000002,0.8694999999999997,100
targeted,letters,2,nested,optimal_agreement,0.82,0.74,0.89,100
targeted,letters,2,nested,exact_loss,0.006011247543167866,0.0031762699255723273,0.009246111398107416,100
targeted,letters,2,nested,distribution_exact_loss,0.007768543689789114,0.005981983076276929,0.009823455187870984,100
targeted,letters,2,nested,posterior_mean_greedy,1.0,1.0,1.0,100
targeted,letters,2,nested,prediction_entropy,0.2775130357496979,0.25020177646138564,0.3064674241025304,100
targeted,letters,2,nested,choice_mismatch,0.0,0.0,0.0,100
targeted,letters,2,path_explicit,advice_adherence,1.0,1.0,1.0,100
targeted,letters,2,path_explicit,distribution_advice_adherence,0.9299249999999999,0.905624375,0.9519525,100
targeted,letters,2,path_explicit,optimal_agreement,1.0,1.0,1.0,100
targeted,letters,2,path_explicit,exact_loss,0.0,0.0,0.0,100
targeted,letters,2,path_explicit,distribution_exact_loss,0.0027285808173540425,0.001933464150750942,0.0036359552390113773,100
targeted,letters,2,path_explicit,posterior_mean_greedy,0.82,0.74,0.89,100
targeted,letters,2,path_explicit,prediction_entropy,0.17377047560547898,0.13435791260918398,0.21653813480362355,100
targeted,letters,2,path_explicit,choice_mismatch,0.0,0.0,0.0,100
targeted,letters,2,per_option,advice_adherence,0.8425,0.7725,0.9075,100
targeted,letters,2,per_option,distribution_advice_adherence,0.8655749999999999,0.8247493750000001,0.90310125,100
targeted,letters,2,per_option,optimal_agreement,0.8425,0.7725,0.91,100
targeted,letters,2,per_option,exact_loss,0.004786733323990461,0.002629009687617465,0.0072404521279737484,100
targeted,letters,2,per_option,distribution_exact_loss,0.005628276280104944,0.004270229794952724,0.007141833911029329,100
targeted,letters,2,per_option,posterior_mean_greedy,0.9775,0.9575,0.995,100
targeted,letters,2,per_option,prediction_entropy,0.2541082919137983,0.2167192895302904,0.29461836402261893,100
targeted,letters,2,per_option,choice_mismatch,0.0,0.0,0.0,100
targeted,letters,10,advice_only,advice_adherence,1.0,1.0,1.0,100
targeted,letters,10,advice_only,distribution_advice_adherence,0.8113250000000001,0.8088250000000001,0.8138249999999998,100
targeted,letters,10,advice_only,optimal_agreement,1.0,1.0,1.0,100
targeted,letters,10,advice_only,exact_loss,0.0,0.0,0.0,100
targeted,letters,10,advice_only,distribution_exact_loss,0.011260521391848301,0.01061315041100279,0.011901074716869199,100
targeted,letters,10,advice_only,posterior_mean_greedy,0.0,0.0,0.0,100
targeted,letters,10,advice_only,prediction_entropy,0.4632898785401002,0.46020404883398786,0.46637353750838445,100
targeted,letters,10,advice_only,choice_mismatch,0.0,0.0,0.0,100
targeted,letters,10,dp_values,optimal_agreement,1.0,1.0,1.0,100
targeted,letters,10,dp_values,exact_loss,0.0,0.0,0.0,100
targeted,letters,10,dp_values,distribution_exact_loss,0.002998030401027485,0.002854775265662639,0.0031460937916413735,100
targeted,letters,10,inline,advice_adherence,0.0,0.0,0.0,100
targeted,letters,10,inline,distribution_advice_adherence,0.115475,0.107574375,0.12362499999999998,100
targeted,letters,10,inline,optimal_agreement,0.0,0.0,0.0,100
targeted,letters,10,inline,exact_loss,0.05953887862752714,0.05630621834991959,0.06287599039554816,100
targeted,letters,10,inline,distribution_exact_loss,0.05221234163540867,0.049622769026279566,0.05478836055883257,100
targeted,letters,10,inline,posterior_mean_greedy,1.0,1.0,1.0,100
targeted,letters,10,inline,prediction_entropy,0.3245674138823649,0.3102808442354231,0.3395812860109567,100
targeted,letters,10,inline,choice_mismatch,0.0,0.0,0.0,100
targeted,letters,10,nested,advice_adherence,0.0,0.0,0.0,100
targeted,letters,10,nested,distribution_advice_adherence,0.13565000000000002,0.126325,0.14555062500000002,100
targeted,letters,10,nested,optimal_agreement,0.0,0.0,0.0,100
targeted,letters,10,nested,exact_loss,0.05953887862752714,0.056332733721048675,0.06276249450288586,100
targeted,letters,10,nested,distribution_exact_loss,0.05083431091257559,0.048431066493232,0.05320094980011948,100
targeted,letters,10,nested,posterior_mean_greedy,1.0,1.0,1.0,100
targeted,letters,10,nested,prediction_entropy,0.384077757251929,0.36822022968595536,0.40061928916259454,100
targeted,letters,10,nested,choice_mismatch,0.0,0.0,0.0,100
targeted,letters,10,path_explicit,advice_adherence,0.8425,0.8025,0.8825,100
targeted,letters,10,path_explicit,distribution_advice_adherence,0.5803499999999999,0.5704500000000001,0.5904249999999999,100
targeted,letters,10,path_explicit,optimal_agreement,0.8425,0.8025,0.8825,100
targeted,letters,10,path_explicit,exact_loss,0.007265132299225239,0.005517220566362454,0.009101685935945325,100
targeted,letters,10,path_explicit,distribution_exact_loss,0.02434381476499383,0.02333773266680298,0.02529187125077039,100
targeted,letters,10,path_explicit,posterior_mean_greedy,0.1575,0.12,0.1975,100
targeted,letters,10,path_explicit,prediction_entropy,0.6679561782411902,0.6637833874561527,0.6717848914797248,100
targeted,letters,10,path_explicit,choice_mismatch,0.0,0.0,0.0,100
targeted,letters,10,per_option,advice_adherence,0.01,0.0,0.025,100
targeted,letters,10,per_option,distribution_advice_adherence,0.321325,0.31125,0.33204999999999996,100
targeted,letters,10,per_option,optimal_agreement,0.01,0.0,0.025,100
targeted,letters,10,per_option,exact_loss,0.05867723083709783,0.05545775245526215,0.06186783090834602,100
targeted,letters,10,per_option,distribution_exact_loss,0.03971263875438545,0.03793498977343083,0.04139508565051161,100
targeted,letters,10,per_option,posterior_mean_greedy,0.99,0.975,1.0,100
targeted,letters,10,per_option,prediction_entropy,0.6054845897611423,0.5977463248847094,0.6132799765601256,100
targeted,letters,10,per_option,choice_mismatch,0.0,0.0,0.0,100
targeted,original,1,advice_only,advice_adherence,1.0,1.0,1.0,100
targeted,original,1,advice_only,distribution_advice_adherence,0.8523249999999999,0.850025,0.8546,100
targeted,original,1,advice_only,optimal_agreement,1.0,1.0,1.0,100
targeted,original,1,advice_only,exact_loss,0.0,0.0,0.0,100
targeted,original,1,advice_only,distribution_exact_loss,0.014626463363366317,0.013241458759912776,0.01603196284385092,100
targeted,original,1,advice_only,posterior_mean_greedy,1.0,1.0,1.0,100
targeted,original,1,advice_only,prediction_entropy,0.41575479917180075,0.4117867656091086,0.4196999130134114,100
targeted,original,1,advice_only,choice_mismatch,0.0,0.0,0.0,100
targeted,original,1,dp_values,optimal_agreement,1.0,1.0,1.0,100
targeted,original,1,dp_values,exact_loss,0.0,0.0,0.0,100
targeted,original,1,dp_values,distribution_exact_loss,0.0,0.0,0.0,100
targeted,original,1,inline,advice_adherence,1.0,1.0,1.0,100
targeted,original,1,inline,distribution_advice_adherence,0.993225,0.9925250000000002,0.9938750000000001,100
targeted,original,1,inline,optimal_agreement,1.0,1.0,1.0,100
targeted,original,1,inline,exact_loss,0.0,0.0,0.0,100
targeted,original,1,inline,distribution_exact_loss,0.0005426860324107646,0.0005085955697477144,0.0005773594789163484,100
targeted,original,1,inline,posterior_mean_greedy,1.0,1.0,1.0,100
targeted,original,1,inline,prediction_entropy,0.03722950544384882,0.033882376303992934,0.040752295085421095,100
targeted,original,1,inline,choice_mismatch,0.0,0.0,0.0,100
targeted,original,1,nested,advice_adherence,1.0,1.0,1.0,100
targeted,original,1,nested,distribution_advice_adherence,0.99395,0.9930249999999999,0.994875,100
targeted,original,1,nested,optimal_agreement,1.0,1.0,1.0,100
targeted,original,1,nested,exact_loss,0.0,0.0,0.0,100
targeted,original,1,nested,distribution_exact_loss,0.0003999174120905957,0.0003513522598268885,0.0004478280392325542,100
targeted,original,1,nested,posterior_mean_greedy,1.0,1.0,1.0,100
targeted,original,1,nested,prediction_entropy,0.033177631471573044,0.028289880816620403,0.038039073787988924,100
targeted,original,1,nested,choice_mismatch,0.0,0.0,0.0,100
targeted,original,1,path_explicit,advice_adherence,1.0,1.0,1.0,100
targeted,original,1,path_explicit,distribution_advice_adherence,0.9924250000000001,0.9908,0.9939750000000003,100
targeted,original,1,path_explicit,optimal_agreement,1.0,1.0,1.0,100
targeted,original,1,path_explicit,exact_loss,0.0,0.0,0.0,100
targeted,original,1,path_explicit,distribution_exact_loss,0.0004224327804924516,0.0003558304908978047,0.0004884091588492224,100
targeted,original,1,path_explicit,posterior_mean_greedy,1.0,1.0,1.0,100
targeted,original,1,path_explicit,prediction_entropy,0.03842900119002844,0.03134938166547678,0.045897784429949975,100
targeted,original,1,path_explicit,choice_mismatch,0.0,0.0,0.0,100
targeted,original,1,per_option,advice_adherence,1.0,1.0,1.0,100
targeted,original,1,per_option,distribution_advice_adherence,0.9962500000000002,0.9954750000000001,0.9970000000000002,100
targeted,original,1,per_option,optimal_agreement,1.0,1.0,1.0,100
targeted,original,1,per_option,exact_loss,0.0,0.0,0.0,100
targeted,original,1,per_option,distribution_exact_loss,0.00021798079429525635,0.00017811387005422052,0.0002561742871488772,100
targeted,original,1,per_option,posterior_mean_greedy,1.0,1.0,1.0,100
targeted,original,1,per_option,prediction_entropy,0.020895845717343032,0.016765550417879294,0.025305793514033212,100
targeted,original,1,per_option,choice_mismatch,0.0,0.0,0.0,100
targeted,original,2,advice_only,advice_adherence,1.0,1.0,1.0,100
targeted,original,2,advice_only,distribution_advice_adherence,0.8379000000000001,0.8362,0.839625,100
targeted,original,2,advice_only,optimal_agreement,1.0,1.0,1.0,100
targeted,original,2,advice_only,exact_loss,0.0,0.0,0.0,100
targeted,original,2,advice_only,distribution_exact_loss,0.012183297825932471,0.0105228720755769,0.013888348747024888,100
targeted,original,2,advice_only,posterior_mean_greedy,0.82,0.74,0.89,100
targeted,original,2,advice_only,prediction_entropy,0.4350094487340393,0.43232761176892287,0.4376636146425069,100
targeted,original,2,advice_only,choice_mismatch,0.0,0.0,0.0,100
targeted,original,2,dp_values,optimal_agreement,1.0,1.0,1.0,100
targeted,original,2,dp_values,exact_loss,0.0,0.0,0.0,100
targeted,original,2,dp_values,distribution_exact_loss,0.0019022050750873221,0.0017011218721078077,0.0021035988415347463,100
targeted,original,2,inline,advice_adherence,0.82,0.74,0.89,100
targeted,original,2,inline,distribution_advice_adherence,0.8285499999999999,0.7725225000000001,0.880025,100
targeted,original,2,inline,optimal_agreement,0.82,0.74,0.89,100
targeted,original,2,inline,exact_loss,0.006011247543167866,0.003250146113059107,0.009225521305734776,100
targeted,original,2,inline,distribution_exact_loss,0.007014879300380445,0.005132767607331699,0.009123666290615735,100
targeted,original,2,inline,posterior_mean_greedy,1.0,1.0,1.0,100
targeted,original,2,inline,prediction_entropy,0.23313808254016727,0.20474889244090275,0.26469466652407353,100
targeted,original,2,inline,choice_mismatch,0.0,0.0,0.0,100
targeted,original,2,nested,advice_adherence,0.82,0.74,0.89,100
targeted,original,2,nested,distribution_advice_adherence,0.8307500000000002,0.775774375,0.8811749999999999,100
targeted,original,2,nested,optimal_agreement,0.82,0.74,0.89,100
targeted,original,2,nested,exact_loss,0.006011247543167866,0.003191843476234058,0.009222502611212605,100
targeted,original,2,nested,distribution_exact_loss,0.006927088279187009,0.005096767803056549,0.008966270066912953,100
targeted,original,2,nested,posterior_mean_greedy,1.0,1.0,1.0,100
targeted,original,2,nested,prediction_entropy,0.24854737283581754,0.21842099334849047,0.2800719541661216,100
targeted,original,2,nested,choice_mismatch,0.0,0.0,0.0,100
targeted,original,2,path_explicit,advice_adherence,1.0,1.0,1.0,100
targeted,original,2,path_explicit,distribution_advice_adherence,0.91125,0.8844749999999999,0.9357,100
targeted,original,2,path_explicit,optimal_agreement,1.0,1.0,1.0,100
targeted,original,2,path_explicit,exact_loss,0.0,0.0,0.0,100
targeted,original,2,path_explicit,distribution_exact_loss,0.003650718647721818,0.002773606573146575,0.004645041328308278,100
targeted,original,2,path_explicit,posterior_mean_greedy,0.82,0.74,0.89,100
targeted,original,2,path_explicit,prediction_entropy,0.2187570816871822,0.17928451361935632,0.26034343173901736,100
targeted,original,2,path_explicit,choice_mismatch,0.0,0.0,0.0,100
targeted,original,2,per_option,advice_adherence,0.8375,0.765,0.9025,100
targeted,original,2,per_option,distribution_advice_adherence,0.87505,0.8324500000000001,0.914825625,100
targeted,original,2,per_option,optimal_agreement,0.8375,0.765,0.9025,100
targeted,original,2,per_option,exact_loss,0.005071392055518262,0.002763825506038324,0.007718001173118462,100
targeted,original,2,per_option,distribution_exact_loss,0.004817052934862147,0.003373909676017547,0.0064353499415442,100
targeted,original,2,per_option,posterior_mean_greedy,0.9825,0.9625,0.9975,100
targeted,original,2,per_option,prediction_entropy,0.2182512967627055,0.1775616041147377,0.26248475846388275,100
targeted,original,2,per_option,choice_mismatch,0.0,0.0,0.0,100
targeted,original,10,advice_only,advice_adherence,1.0,1.0,1.0,100
targeted,original,10,advice_only,distribution_advice_adherence,0.8036,0.80045,0.806850625,100
targeted,original,10,advice_only,optimal_agreement,1.0,1.0,1.0,100
targeted,original,10,advice_only,exact_loss,0.0,0.0,0.0,100
targeted,original,10,advice_only,distribution_exact_loss,0.011687692017575253,0.011000635856717329,0.012350905580782638,100
targeted,original,10,advice_only,posterior_mean_greedy,0.0,0.0,0.0,100
targeted,original,10,advice_only,prediction_entropy,0.4790638497561337,0.47495206690672165,0.4831892043949864,100
targeted,original,10,advice_only,choice_mismatch,0.0,0.0,0.0,100
targeted,original,10,dp_values,optimal_agreement,1.0,1.0,1.0,100
targeted,original,10,dp_values,exact_loss,0.0,0.0,0.0,100
targeted,original,10,dp_values,distribution_exact_loss,0.0030829825727935046,0.0029320750055887436,0.003235516043974153,100
targeted,original,10,inline,advice_adherence,0.0,0.0,0.0,100
targeted,original,10,inline,distribution_advice_adherence,0.154525,0.14335,0.1668,100
targeted,original,10,inline,optimal_agreement,0.0,0.0,0.0,100
targeted,original,10,inline,exact_loss,0.05953887862752714,0.056294514488802364,0.06275123228687822,100
targeted,original,10,inline,distribution_exact_loss,0.049578503322977474,0.04729123914058378,0.05173474033666244,100
targeted,original,10,inline,posterior_mean_greedy,1.0,1.0,1.0,100
targeted,original,10,inline,prediction_entropy,0.41404784975730147,0.3969793761791066,0.4316400568156004,100
targeted,original,10,inline,choice_mismatch,0.0,0.0,0.0,100
targeted,original,10,nested,advice_adherence,0.0,0.0,0.0,100
targeted,original,10,nested,distribution_advice_adherence,0.1374,0.12777500000000003,0.14775,100
targeted,original,10,nested,optimal_agreement,0.0,0.0,0.0,100
targeted,original,10,nested,exact_loss,0.05953887862752714,0.05621252427486326,0.06281123882894915,100
targeted,original,10,nested,distribution_exact_loss,0.050619646054839415,0.04829764426313795,0.05287331427069335,100
targeted,original,10,nested,posterior_mean_greedy,1.0,1.0,1.0,100
targeted,original,10,nested,prediction_entropy,0.3866162170140007,0.370116508837873,0.40383781557410525,100
targeted,original,10,nested,choice_mismatch,0.0,0.0,0.0,100
targeted,original,10,path_explicit,advice_adherence,0.5675,0.4975,0.6375,100
targeted,original,10,path_explicit,distribution_advice_adherence,0.5189750000000002,0.508349375,0.530000625,100
targeted,original,10,path_explicit,optimal_agreement,0.5675,0.4975,0.635,100
targeted,original,10,path_explicit,exact_loss,0.021746064213458257,0.018458422940060427,0.02508726029319378,100
targeted,original,10,path_explicit,distribution_exact_loss,0.02796872074811477,0.026761481140358933,0.02914201776400551,100
targeted,original,10,path_explicit,posterior_mean_greedy,0.4325,0.3625,0.5025,100
targeted,original,10,path_explicit,prediction_entropy,0.6837283609467874,0.6810527469042739,0.6861004395805301,100
targeted,original,10,path_explicit,choice_mismatch,0.0,0.0,0.0,100
targeted,original,10,per_option,advice_adherence,0.01,0.0025,0.02,100
targeted,original,10,per_option,distribution_advice_adherence,0.30485,0.29315,0.3173,100
targeted,original,10,per_option,optimal_agreement,0.01,0.0025,0.02,100
targeted,original,10,per_option,exact_loss,0.05868648143953383,0.055562849665258006,0.061748722183352034,100
targeted,original,10,per_option,distribution_exact_loss,0.04050221513016737,0.03879436950082997,0.04213406961660437,100
targeted,original,10,per_option,posterior_mean_greedy,0.99,0.98,0.9975,100
targeted,original,10,per_option,prediction_entropy,0.594233640652664,0.5845802211571551,0.604061867918573,100
targeted,original,10,per_option,choice_mismatch,0.0,0.0,0.0,100
