cohort,label_scheme,horizon,left,right,metric,mean_difference,ci_low,ci_high,n_pairs,n_left,n_right,unit,comparison_role,expected_pairs,missing_pairs
random,letters,1,path_explicit,nested,advice_adherence,0.045,0.02,0.075,100,100,100,fixture,secondary_exploratory,100,0
random,letters,1,path_explicit,nested,optimal_agreement,0.0,0.0,0.0,100,100,100,fixture,secondary_exploratory,100,0
random,letters,1,path_explicit,nested,exact_loss,0.0,0.0,0.0,100,100,100,fixture,secondary_exploratory,100,0
random,letters,1,path_explicit,nested,distribution_exact_loss,-0.0008042748917748955,-0.001340992288961044,-0.0003530546536796612,100,100,100,fixture,secondary_exploratory,100,0
random,letters,1,inline,nested,advice_adherence,0.025,0.0025,0.0525,100,100,100,fixture,secondary_exploratory,100,0
random,letters,1,inline,nested,optimal_agreement,-0.005,-0.015,0.0,100,100,100,fixture,secondary_exploratory,100,0
random,letters,1,inline,nested,exact_loss,0.00045454545454545444,0.0,0.0013636363636363633,100,100,100,fixture,secondary_exploratory,100,0
random,letters,1,inline,nested,distribution_exact_loss,-0.00030543831168831486,-0.0006629092261904782,4.10788690476146e-05,100,100,100,fixture,secondary_exploratory,100,0
random,letters,1,per_option,nested,advice_adherence,0.04,0.0175,0.0675,100,100,100,fixture,secondary_exploratory,100,0
random,letters,1,per_option,nested,optimal_agreement,0.0,0.0,0.0,100,100,100,fixture,secondary_exploratory,100,0
random,letters,1,per_option,nested,exact_loss,0.0,0.0,0.0,100,100,100,fixture,secondary_exploratory,100,0
random,letters,1,per_option,nested,distribution_exact_loss,-0.0006925865800865825,-0.0011070177218614745,-0.00034693587662337755,100,100,100,fixture,secondary_exploratory,100,0
random,letters,1,advice_only,nested,advice_adherence,0.045,0.02,0.075,100,100,100,fixture,secondary_exploratory,100,0
random,letters,1,advice_only,nested,optimal_agreement,0.0,0.0,0.0,100,100,100,fixture,secondary_exploratory,100,0
random,letters,1,advice_only,nested,exact_loss,0.0,0.0,0.0,100,100,100,fixture,secondary_exploratory,100,0
random,letters,1,advice_only,nested,distribution_exact_loss,0.038966450216450205,0.032709395292207774,0.04548696158008657,100,100,100,fixture,secondary_exploratory,100,0
random,letters,1,dp_values,nested,optimal_agreement,0.0,0.0,0.0,100,100,100,fixture,secondary_exploratory,100,0
random,letters,1,dp_values,nested,exact_loss,0.0,0.0,0.0,100,100,100,fixture,secondary_exploratory,100,0
random,letters,1,dp_values,nested,distribution_exact_loss,-0.0015543019480519513,-0.0024498254870129934,-0.000795507305194808,100,100,100,fixture,secondary_exploratory,100,0
random,letters,2,path_explicit,nested,advice_adherence,0.07,0.035,0.11,100,100,100,fixture,secondary_exploratory,100,0
random,letters,2,path_explicit,nested,optimal_agreement,0.05,0.02,0.0875,100,100,100,fixture,secondary_exploratory,100,0
random,letters,2,path_explicit,nested,exact_loss,-0.002296715060302015,-0.004190676827701283,-0.0008200646047792766,100,100,100,fixture,secondary_exploratory,100,0
random,letters,2,path_explicit,nested,distribution_exact_loss,-0.00593237878968857,-0.007262456138064834,-0.004740462759161127,100,100,100,fixture,secondary_exploratory,100,0
random,letters,2,inline,nested,advice_adherence,0.03,0.0075,0.0575,100,100,100,fixture,secondary_exploratory,100,0
random,letters,2,inline,nested,optimal_agreement,0.01,-0.005,0.0275,100,100,100,fixture,secondary_exploratory,100,0
random,letters,2,inline,nested,exact_loss,-0.0005074210210079757,-0.001468367683041594,0.0002922584661715105,100,100,100,fixture,secondary_exploratory,100,0
random,letters,2,inline,nested,distribution_exact_loss,-0.0019567576897739887,-0.0024429917365243374,-0.001491307478074456,100,100,100,fixture,secondary_exploratory,100,0
random,letters,2,per_option,nested,advice_adherence,0.055,0.0275,0.085,100,100,100,fixture,secondary_exploratory,100,0
random,letters,2,per_option,nested,optimal_agreement,0.035,0.0125,0.06,100,100,100,fixture,secondary_exploratory,100,0
random,letters,2,per_option,nested,exact_loss,-0.0020997453633323183,-0.003967863997415628,-0.0006405594405594405,100,100,100,fixture,secondary_exploratory,100,0
random,letters,2,per_option,nested,distribution_exact_loss,-0.0033463252960807327,-0.00402973393952063,-0.0027061684020237013,100,100,100,fixture,secondary_exploratory,100,0
random,letters,2,advice_only,nested,advice_adherence,0.07,0.035,0.11,100,100,100,fixture,secondary_exploratory,100,0
random,letters,2,advice_only,nested,optimal_agreement,0.05,0.02,0.085,100,100,100,fixture,secondary_exploratory,100,0
random,letters,2,advice_only,nested,exact_loss,-0.002296715060302015,-0.004173082963232417,-0.0008196296457166025,100,100,100,fixture,secondary_exploratory,100,0
random,letters,2,advice_only,nested,distribution_exact_loss,0.033522866734714524,0.026653134591857378,0.04073973461954708,100,100,100,fixture,secondary_exploratory,100,0
random,letters,2,dp_values,nested,optimal_agreement,0.05,0.02,0.0875,100,100,100,fixture,secondary_exploratory,100,0
random,letters,2,dp_values,nested,exact_loss,-0.002296715060302015,-0.004203645878577939,-0.0007977816793713523,100,100,100,fixture,secondary_exploratory,100,0
random,letters,2,dp_values,nested,distribution_exact_loss,-0.004988521044173206,-0.006800375892902381,-0.0033243225995019366,100,100,100,fixture,secondary_exploratory,100,0
random,letters,10,path_explicit,nested,advice_adherence,0.125,0.075,0.18,100,100,100,fixture,primary_descriptive,100,0
random,letters,10,path_explicit,nested,optimal_agreement,0.105,0.0575,0.16,100,100,100,fixture,secondary_exploratory,100,0
random,letters,10,path_explicit,nested,exact_loss,-0.006924961039182707,-0.010527004945059025,-0.003763155856588629,100,100,100,fixture,secondary_exploratory,100,0
random,letters,10,path_explicit,nested,distribution_exact_loss,-0.008198362413067456,-0.010251615732751735,-0.006262820194248309,100,100,100,fixture,secondary_exploratory,100,0
random,letters,10,inline,nested,advice_adherence,0.05,0.025,0.08,100,100,100,fixture,primary_descriptive,100,0
random,letters,10,inline,nested,optimal_agreement,0.03,0.0125,0.0525,100,100,100,fixture,secondary_exploratory,100,0
random,letters,10,inline,nested,exact_loss,-0.002400922990053429,-0.004087447064980954,-0.0009355279268852113,100,100,100,fixture,secondary_exploratory,100,0
random,letters,10,inline,nested,distribution_exact_loss,-0.00196961706302502,-0.0024934396128934427,-0.0014809070536495447,100,100,100,fixture,secondary_exploratory,100,0
random,letters,10,per_option,nested,advice_adherence,0.0625,0.035,0.095,100,100,100,fixture,primary_descriptive,100,0
random,letters,10,per_option,nested,optimal_agreement,0.0425,0.02,0.07,100,100,100,fixture,secondary_exploratory,100,0
random,letters,10,per_option,nested,exact_loss,-0.0039236088375396785,-0.006507551444876035,-0.0017324935432603493,100,100,100,fixture,secondary_exploratory,100,0
random,letters,10,per_option,nested,distribution_exact_loss,-0.004092025310267946,-0.005075039606689237,-0.003213946307504201,100,100,100,fixture,secondary_exploratory,100,0
random,letters,10,advice_only,nested,advice_adherence,0.125,0.075,0.1825,100,100,100,fixture,secondary_exploratory,100,0
random,letters,10,advice_only,nested,optimal_agreement,0.105,0.0575,0.16,100,100,100,fixture,secondary_exploratory,100,0
random,letters,10,advice_only,nested,exact_loss,-0.006924961039182707,-0.010419169724165128,-0.0038394039738890956,100,100,100,fixture,secondary_exploratory,100,0
random,letters,10,advice_only,nested,distribution_exact_loss,0.03885480978543659,0.029827402765232422,0.04793393658769346,100,100,100,fixture,secondary_exploratory,100,0
random,letters,10,dp_values,nested,optimal_agreement,0.105,0.0575,0.16,100,100,100,fixture,secondary_exploratory,100,0
random,letters,10,dp_values,nested,exact_loss,-0.006924961039182707,-0.010484914988222896,-0.003850074863054943,100,100,100,fixture,secondary_exploratory,100,0
random,letters,10,dp_values,nested,distribution_exact_loss,-0.007481606980857174,-0.010746470387815324,-0.004401421769866741,100,100,100,fixture,secondary_exploratory,100,0
random,original,1,path_explicit,nested,advice_adherence,0.0475,0.02,0.0775,100,100,100,fixture,secondary_exploratory,100,0
random,original,1,path_explicit,nested,optimal_agreement,0.0,0.0,0.0,100,100,100,fixture,secondary_exploratory,100,0
random,original,1,path_explicit,nested,exact_loss,0.0,0.0,0.0,100,100,100,fixture,secondary_exploratory,100,0
random,original,1,path_explicit,nested,distribution_exact_loss,-0.00019155844155844225,-0.0004779775432900459,3.812297077922102e-05,100,100,100,fixture,secondary_exploratory,100,0
random,original,1,inline,nested,advice_adherence,0.0325,0.01,0.0575,100,100,100,fixture,secondary_exploratory,100,0
random,original,1,inline,nested,optimal_agreement,0.0,0.0,0.0,100,100,100,fixture,secondary_exploratory,100,0
random,original,1,inline,nested,exact_loss,0.0,0.0,0.0,100,100,100,fixture,secondary_exploratory,100,0
random,original,1,inline,nested,distribution_exact_loss,-0.00044020562770562857,-0.000800650703463204,-0.00014483089826839904,100,100,100,fixture,secondary_exploratory,100,0
random,original,1,per_option,nested,advice_adherence,0.0475,0.02,0.0775,100,100,100,fixture,secondary_exploratory,100,0
random,original,1,per_option,nested,optimal_agreement,0.0,0.0,0.0,100,100,100,fixture,secondary_exploratory,100,0
random,original,1,per_option,nested,exact_loss,0.0,0.0,0.0,100,100,100,fixture,secondary_exploratory,100,0
random,original,1,per_option,nested,distribution_exact_loss,-0.0004750541125541133,-0.0008012547348484859,-0.0002044886363636365,100,100,100,fixture,secondary_exploratory,100,0
random,original,1,advice_only,nested,advice_adherence,0.0475,0.02,0.0775,100,100,100,fixture,secondary_exploratory,100,0
random,original,1,advice_only,nested,optimal_agreement,0.0,0.0,0.0,100,100,100,fixture,secondary_exploratory,100,0
random,original,1,advice_only,nested,exact_loss,0.0,0.0,0.0,100,100,100,fixture,secondary_exploratory,100,0
random,original,1,advice_only,nested,distribution_exact_loss,0.037684496753246755,0.03168527191558442,0.04400974296536797,100,100,100,fixture,secondary_exploratory,100,0
random,original,1,dp_values,nested,optimal_agreement,0.0,0.0,0.0,100,100,100,fixture,secondary_exploratory,100,0
random,original,1,dp_values,nested,exact_loss,0.0,0.0,0.0,100,100,100,fixture,secondary_exploratory,100,0
random,original,1,dp_values,nested,distribution_exact_loss,-0.0012439935064935074,-0.0020642924783549807,-0.0005478524080086586,100,100,100,fixture,secondary_exploratory,100,0
random,original,2,path_explicit,nested,advice_adherence,0.0525,0.02,0.09,100,100,100,fixture,secondary_exploratory,100,0
random,original,2,path_explicit,nested,optimal_agreement,0.0325,0.005,0.0675,100,100,100,fixture,secondary_exploratory,100,0
random,original,2,path_explicit,nested,exact_loss,-0.0011994165255034815,-0.0025670995670995676,-0.00018210050818746437,100,100,100,fixture,secondary_exploratory,100,0
random,original,2,path_explicit,nested,distribution_exact_loss,-0.0032723192206344357,-0.004314228779825238,-0.0023324333447349768,100,100,100,fixture,secondary_exploratory,100,0
random,original,2,inline,nested,advice_adherence,0.01,-0.015,0.035,100,100,100,fixture,secondary_exploratory,100,0
random,original,2,inline,nested,optimal_agreement,-0.01,-0.0275,0.0025,100,100,100,fixture,secondary_exploratory,100,0
random,original,2,inline,nested,exact_loss,0.0006841491841491845,-0.0005851648351648333,0.0023562271062271046,100,100,100,fixture,secondary_exploratory,100,0
random,original,2,inline,nested,distribution_exact_loss,0.0005327119076575597,0.00013607102883529798,0.000924183500602657,100,100,100,fixture,secondary_exploratory,100,0
random,original,2,per_option,nested,advice_adherence,0.0325,0.01,0.0575,100,100,100,fixture,secondary_exploratory,100,0
random,original,2,per_option,nested,optimal_agreement,0.0125,0.0,0.03,100,100,100,fixture,secondary_exploratory,100,0
random,original,2,per_option,nested,exact_loss,-0.0009569922830792396,-0.0022733530961791845,0.0,100,100,100,fixture,secondary_exploratory,100,0
random,original,2,per_option,nested,distribution_exact_loss,-0.0031160403093283477,-0.0038482895912963825,-0.002452407736285441,100,100,100,fixture,secondary_exploratory,100,0
random,original,2,advice_only,nested,advice_adherence,0.0525,0.02,0.09,100,100,100,fixture,secondary_exploratory,100,0
random,original,2,advice_only,nested,optimal_agreement,0.0325,0.005,0.0675,100,100,100,fixture,secondary_exploratory,100,0
random,original,2,advice_only,nested,exact_loss,-0.0011994165255034815,-0.0025730754752493878,-0.00018210050818746437,100,100,100,fixture,secondary_exploratory,100,0
random,original,2,advice_only,nested,distribution_exact_loss,0.0357737227355977,0.028556816605269708,0.04310592412795534,100,100,100,fixture,secondary_exploratory,100,0
random,original,2,dp_values,nested,optimal_agreement,0.0325,0.005,0.065,100,100,100,fixture,secondary_exploratory,100,0
random,original,2,dp_values,nested,exact_loss,-0.0011994165255034815,-0.002540043290043291,-0.00018210050818746437,100,100,100,fixture,secondary_exploratory,100,0
random,original,2,dp_values,nested,distribution_exact_loss,-0.004120344058115786,-0.0059298363891543086,-0.0024431571363419113,100,100,100,fixture,secondary_exploratory,100,0
random,original,10,path_explicit,nested,advice_adherence,0.1275,0.0775,0.1825,100,100,100,fixture,primary_descriptive,100,0
random,original,10,path_explicit,nested,optimal_agreement,0.1075,0.06,0.1625,100,100,100,fixture,secondary_exploratory,100,0
random,original,10,path_explicit,nested,exact_loss,-0.007343817775447148,-0.01091020910038942,-0.004132502461802226,100,100,100,fixture,secondary_exploratory,100,0
random,original,10,path_explicit,nested,distribution_exact_loss,-0.005820960278329828,-0.007680146171570101,-0.004103459123177699,100,100,100,fixture,secondary_exploratory,100,0
random,original,10,inline,nested,advice_adherence,0.045,0.0125,0.08,100,100,100,fixture,primary_descriptive,100,0
random,original,10,inline,nested,optimal_agreement,0.025,-0.0025,0.055,100,100,100,fixture,secondary_exploratory,100,0
random,original,10,inline,nested,exact_loss,-0.0026178125649873275,-0.005328399907398098,-0.00020961122635127833,100,100,100,fixture,secondary_exploratory,100,0
random,original,10,inline,nested,distribution_exact_loss,-0.0006732697696865097,-0.0013645148243102549,-3.725701420747737e-05,100,100,100,fixture,secondary_exploratory,100,0
random,original,10,per_option,nested,advice_adherence,0.0675,0.035,0.1025,100,100,100,fixture,primary_descriptive,100,0
random,original,10,per_option,nested,optimal_agreement,0.0475,0.0225,0.0775,100,100,100,fixture,secondary_exploratory,100,0
random,original,10,per_option,nested,exact_loss,-0.004351313635173188,-0.007098403416518313,-0.0019895980067864043,100,100,100,fixture,secondary_exploratory,100,0
random,original,10,per_option,nested,distribution_exact_loss,-0.004262410685966346,-0.005356386046175946,-0.0032680758270531027,100,100,100,fixture,secondary_exploratory,100,0
random,original,10,advice_only,nested,advice_adherence,0.13,0.08,0.1875,100,100,100,fixture,secondary_exploratory,100,0
random,original,10,advice_only,nested,optimal_agreement,0.11,0.06,0.165,100,100,100,fixture,secondary_exploratory,100,0
random,original,10,advice_only,nested,exact_loss,-0.0073526658368162166,-0.011090633280396627,-0.004090160225709706,100,100,100,fixture,secondary_exploratory,100,0
random,original,10,advice_only,nested,distribution_exact_loss,0.04034392323533144,0.03087460398236316,0.050083864838575,100,100,100,fixture,secondary_exploratory,100,0
random,original,10,dp_values,nested,optimal_agreement,0.11,0.06,0.165,100,100,100,fixture,secondary_exploratory,100,0
random,original,10,dp_values,nested,exact_loss,-0.0073526658368162166,-0.011000903743634088,-0.0041270888788547426,100,100,100,fixture,secondary_exploratory,100,0
random,original,10,dp_values,nested,distribution_exact_loss,-0.006973785318083351,-0.010395930575034585,-0.0038016396013093134,100,100,100,fixture,secondary_exploratory,100,0
targeted,letters,1,path_explicit,nested,advice_adherence,0.0,0.0,0.0,100,100,100,fixture,secondary_exploratory,100,0
targeted,letters,1,path_explicit,nested,optimal_agreement,0.0,0.0,0.0,100,100,100,fixture,secondary_exploratory,100,0
targeted,letters,1,path_explicit,nested,exact_loss,0.0,0.0,0.0,100,100,100,fixture,secondary_exploratory,100,0
targeted,letters,1,path_explicit,nested,distribution_exact_loss,-0.0007293296734240157,-0.0007927962605461999,-0.0006678987616572491,100,100,100,fixture,secondary_exploratory,100,0
targeted,letters,1,inline,nested,advice_adherence,0.0,0.0,0.0,100,100,100,fixture,secondary_exploratory,100,0
targeted,letters,1,inline,nested,optimal_agreement,0.0,0.0,0.0,100,100,100,fixture,secondary_exploratory,100,0
targeted,letters,1,inline,nested,exact_loss,0.0,0.0,0.0,100,100,100,fixture,secondary_exploratory,100,0
targeted,letters,1,inline,nested,distribution_exact_loss,-0.0003351484338087074,-0.0003920712485433662,-0.00028156499949938906,100,100,100,fixture,secondary_exploratory,100,0
targeted,letters,1,per_option,nested,advice_adherence,0.0,0.0,0.0,100,100,100,fixture,secondary_exploratory,100,0
targeted,letters,1,per_option,nested,optimal_agreement,0.0,0.0,0.0,100,100,100,fixture,secondary_exploratory,100,0
targeted,letters,1,per_option,nested,exact_loss,0.0,0.0,0.0,100,100,100,fixture,secondary_exploratory,100,0
targeted,letters,1,per_option,nested,distribution_exact_loss,-0.0004832273931300254,-0.0005505375765340882,-0.00041631974961961406,100,100,100,fixture,secondary_exploratory,100,0
targeted,letters,1,advice_only,nested,advice_adherence,0.0,0.0,0.0,100,100,100,fixture,secondary_exploratory,100,0
targeted,letters,1,advice_only,nested,optimal_agreement,0.0,0.0,0.0,100,100,100,fixture,secondary_exploratory,100,0
targeted,letters,1,advice_only,nested,exact_loss,0.0,0.0,0.0,100,100,100,fixture,secondary_exploratory,100,0
targeted,letters,1,advice_only,nested,distribution_exact_loss,0.014007530172512788,0.012623538229313218,0.015347939576409784,100,100,100,fixture,secondary_exploratory,100,0
targeted,letters,1,dp_values,nested,optimal_agreement,0.0,0.0,0.0,100,100,100,fixture,secondary_exploratory,100,0
targeted,letters,1,dp_values,nested,exact_loss,0.0,0.0,0.0,100,100,100,fixture,secondary_exploratory,100,0
targeted,letters,1,dp_values,nested,distribution_exact_loss,-0.0009680739430134266,-0.0010178963643863066,-0.0009191034221114128,100,100,100,fixture,secondary_exploratory,100,0
targeted,letters,2,path_explicit,nested,advice_adherence,0.18,0.11,0.26,100,100,100,fixture,secondary_exploratory,100,0
targeted,letters,2,path_explicit,nested,optimal_agreement,0.18,0.11,0.26,100,100,100,fixture,secondary_exploratory,100,0
targeted,letters,2,path_explicit,nested,exact_loss,-0.006011247543167866,-0.009222976881286878,-0.0032287847138323515,100,100,100,fixture,secondary_exploratory,100,0
targeted,letters,2,path_explicit,nested,distribution_exact_loss,-0.005039962872435073,-0.00616587110329026,-0.004056625203255192,100,100,100,fixture,secondary_exploratory,100,0
targeted,letters,2,inline,nested,advice_adherence,0.0,0.0,0.0,100,100,100,fixture,secondary_exploratory,100,0
targeted,letters,2,inline,nested,optimal_agreement,0.0,0.0,0.0,100,100,100,fixture,secondary_exploratory,100,0
targeted,letters,2,inline,nested,exact_loss,0.0,0.0,0.0,100,100,100,fixture,secondary_exploratory,100,0
targeted,letters,2,inline,nested,distribution_exact_loss,-0.0010373681848070472,-0.0014125988043982014,-0.0006497416336506049,100,100,100,fixture,secondary_exploratory,100,0
targeted,letters,2,per_option,nested,advice_adherence,0.0225,0.005,0.0425,100,100,100,fixture,secondary_exploratory,100,0
targeted,letters,2,per_option,nested,optimal_agreement,0.0225,0.0075,0.0425,100,100,100,fixture,secondary_exploratory,100,0
targeted,letters,2,per_option,nested,exact_loss,-0.001224514219177405,-0.002370485452245411,-0.00030303030303030276,100,100,100,fixture,secondary_exploratory,100,0
targeted,letters,2,per_option,nested,distribution_exact_loss,-0.002140267409684169,-0.0026588752387108833,-0.0016870550702019795,100,100,100,fixture,secondary_exploratory,100,0
targeted,letters,2,advice_only,nested,advice_adherence,0.18,0.11,0.26,100,100,100,fixture,secondary_exploratory,100,0
targeted,letters,2,advice_only,nested,optimal_agreement,0.18,0.11,0.26,100,100,100,fixture,secondary_exploratory,100,0
targeted,letters,2,advice_only,nested,exact_loss,-0.006011247543167866,-0.009221870112395954,-0.0032808831137878833,100,100,100,fixture,secondary_exploratory,100,0
targeted,letters,2,advice_only,nested,distribution_exact_loss,0.004243908798123152,0.0015739869753576062,0.006731842946642839,100,100,100,fixture,secondary_exploratory,100,0
targeted,letters,2,dp_values,nested,optimal_agreement,0.18,0.11,0.26,100,100,100,fixture,secondary_exploratory,100,0
targeted,letters,2,dp_values,nested,exact_loss,-0.006011247543167866,-0.009137597173370466,-0.003175757772801182,100,100,100,fixture,secondary_exploratory,100,0
targeted,letters,2,dp_values,nested,distribution_exact_loss,-0.0057293568867381895,-0.0077042516050966495,-0.004033048725158404,100,100,100,fixture,secondary_exploratory,100,0
targeted,letters,10,path_explicit,nested,advice_adherence,0.8425,0.8025,0.8825,100,100,100,fixture,primary_descriptive,100,0
targeted,letters,10,path_explicit,nested,optimal_agreement,0.8425,0.8025,0.88,100,100,100,fixture,secondary_exploratory,100,0
targeted,letters,10,path_explicit,nested,exact_loss,-0.0522737463283019,-0.05679627402098559,-0.04773273398981671,100,100,100,fixture,secondary_exploratory,100,0
targeted,letters,10,path_explicit,nested,distribution_exact_loss,-0.026490496147581758,-0.027969840085061027,-0.025017238283824527,100,100,100,fixture,secondary_exploratory,100,0
targeted,letters,10,inline,nested,advice_adherence,0.0,0.0,0.0,100,100,100,fixture,primary_descriptive,100,0
targeted,letters,10,inline,nested,optimal_agreement,0.0,0.0,0.0,100,100,100,fixture,secondary_exploratory,100,0
targeted,letters,10,inline,nested,exact_loss,0.0,0.0,0.0,100,100,100,fixture,secondary_exploratory,100,0
targeted,letters,10,inline,nested,distribution_exact_loss,0.0013780307228330767,0.0010459333317929351,0.001719528984320841,100,100,100,fixture,secondary_exploratory,100,0
targeted,letters,10,per_option,nested,advice_adherence,0.01,0.0,0.025,100,100,100,fixture,primary_descriptive,100,0
targeted,letters,10,per_option,nested,optimal_agreement,0.01,0.0,0.025,100,100,100,fixture,secondary_exploratory,100,0
targeted,letters,10,per_option,nested,exact_loss,-0.0008616477904293074,-0.0021741201531117584,0.0,100,100,100,fixture,secondary_exploratory,100,0
targeted,letters,10,per_option,nested,distribution_exact_loss,-0.011121672158190144,-0.011788557536610653,-0.010418324147347554,100,100,100,fixture,secondary_exploratory,100,0
targeted,letters,10,advice_only,nested,advice_adherence,1.0,1.0,1.0,100,100,100,fixture,secondary_exploratory,100,0
targeted,letters,10,advice_only,nested,optimal_agreement,1.0,1.0,1.0,100,100,100,fixture,secondary_exploratory,100,0
targeted,letters,10,advice_only,nested,exact_loss,-0.05953887862752714,-0.06268307599147853,-0.05622872094997635,100,100,100,fixture,secondary_exploratory,100,0
targeted,letters,10,advice_only,nested,distribution_exact_loss,-0.039573789520727286,-0.04132077419283829,-0.03777668286487697,100,100,100,fixture,secondary_exploratory,100,0
targeted,letters,10,dp_values,nested,optimal_agreement,1.0,1.0,1.0,100,100,100,fixture,secondary_exploratory,100,0
targeted,letters,10,dp_values,nested,exact_loss,-0.05953887862752714,-0.06276637734263434,-0.05625651086168577,100,100,100,fixture,secondary_exploratory,100,0
targeted,letters,10,dp_values,nested,distribution_exact_loss,-0.0478362805115481,-0.050037832955223585,-0.045581656939820185,100,100,100,fixture,secondary_exploratory,100,0
targeted,original,1,path_explicit,nested,advice_adherence,0.0,0.0,0.0,100,100,100,fixture,secondary_exploratory,100,0
targeted,original,1,path_explicit,nested,optimal_agreement,0.0,0.0,0.0,100,100,100,fixture,secondary_exploratory,100,0
targeted,original,1,path_explicit,nested,exact_loss,0.0,0.0,0.0,100,100,100,fixture,secondary_exploratory,100,0
targeted,original,1,path_explicit,nested,distribution_exact_loss,2.2515368401855863e-05,-3.774724146134147e-05,8.35647839604784e-05,100,100,100,fixture,secondary_exploratory,100,0
targeted,original,1,inline,nested,advice_adherence,0.0,0.0,0.0,100,100,100,fixture,secondary_exploratory,100,0
targeted,original,1,inline,nested,optimal_agreement,0.0,0.0,0.0,100,100,100,fixture,secondary_exploratory,100,0
targeted,original,1,inline,nested,exact_loss,0.0,0.0,0.0,100,100,100,fixture,secondary_exploratory,100,0
targeted,original,1,inline,nested,distribution_exact_loss,0.00014276862032016891,8.512966147465064e-05,0.00020328456990804784,100,100,100,fixture,secondary_exploratory,100,0
targeted,original,1,per_option,nested,advice_adherence,0.0,0.0,0.0,100,100,100,fixture,secondary_exploratory,100,0
targeted,original,1,per_option,nested,optimal_agreement,0.0,0.0,0.0,100,100,100,fixture,secondary_exploratory,100,0
targeted,original,1,per_option,nested,exact_loss,0.0,0.0,0.0,100,100,100,fixture,secondary_exploratory,100,0
targeted,original,1,per_option,nested,distribution_exact_loss,-0.00018193661779533938,-0.00022431236814117545,-0.0001383002064348582,100,100,100,fixture,secondary_exploratory,100,0
targeted,original,1,advice_only,nested,advice_adherence,0.0,0.0,0.0,100,100,100,fixture,secondary_exploratory,100,0
targeted,original,1,advice_only,nested,optimal_agreement,0.0,0.0,0.0,100,100,100,fixture,secondary_exploratory,100,0
targeted,original,1,advice_only,nested,exact_loss,0.0,0.0,0.0,100,100,100,fixture,secondary_exploratory,100,0
targeted,original,1,advice_only,nested,distribution_exact_loss,0.01422654595127572,0.012845771568530276,0.015644402904037714,100,100,100,fixture,secondary_exploratory,100,0
targeted,original,1,dp_values,nested,optimal_agreement,0.0,0.0,0.0,100,100,100,fixture,secondary_exploratory,100,0
targeted,original,1,dp_values,nested,exact_loss,0.0,0.0,0.0,100,100,100,fixture,secondary_exploratory,100,0
targeted,original,1,dp_values,nested,distribution_exact_loss,-0.0003999174120905957,-0.00044707981784676695,-0.0003508992979193917,100,100,100,fixture,secondary_exploratory,100,0
targeted,original,2,path_explicit,nested,advice_adherence,0.18,0.11,0.26,100,100,100,fixture,secondary_exploratory,100,0
targeted,original,2,path_explicit,nested,optimal_agreement,0.18,0.11,0.26,100,100,100,fixture,secondary_exploratory,100,0
targeted,original,2,path_explicit,nested,exact_loss,-0.006011247543167866,-0.009163415952590188,-0.0031451017894679346,100,100,100,fixture,secondary_exploratory,100,0
targeted,original,2,path_explicit,nested,distribution_exact_loss,-0.003276369631465192,-0.004341376445684757,-0.0023170281375388202,100,100,100,fixture,secondary_exploratory,100,0
targeted,original,2,inline,nested,advice_adherence,0.0,0.0,0.0,100,100,100,fixture,secondary_exploratory,100,0
targeted,original,2,inline,nested,optimal_agreement,0.0,0.0,0.0,100,100,100,fixture,secondary_exploratory,100,0
targeted,original,2,inline,nested,exact_loss,0.0,0.0,0.0,100,100,100,fixture,secondary_exploratory,100,0
targeted,original,2,inline,nested,distribution_exact_loss,8.779102119343573e-05,-9.038738467120049e-05,0.0002758401500011672,100,100,100,fixture,secondary_exploratory,100,0
targeted,original,2,per_option,nested,advice_adherence,0.0175,0.0025,0.0375,100,100,100,fixture,secondary_exploratory,100,0
targeted,original,2,per_option,nested,optimal_agreement,0.0175,0.0025,0.0375,100,100,100,fixture,secondary_exploratory,100,0
targeted,original,2,per_option,nested,exact_loss,-0.0009398554876496035,-0.0019841482047364347,-0.00015151515151515138,100,100,100,fixture,secondary_exploratory,100,0
targeted,original,2,per_option,nested,distribution_exact_loss,-0.0021100353443248626,-0.0025726003468113626,-0.0017031736477953418,100,100,100,fixture,secondary_exploratory,100,0
targeted,original,2,advice_only,nested,advice_adherence,0.18,0.11,0.26,100,100,100,fixture,secondary_exploratory,100,0
targeted,original,2,advice_only,nested,optimal_agreement,0.18,0.11,0.26,100,100,100,fixture,secondary_exploratory,100,0
targeted,original,2,advice_only,nested,exact_loss,-0.006011247543167866,-0.00922704378487161,-0.003247774827717328,100,100,100,fixture,secondary_exploratory,100,0
targeted,original,2,advice_only,nested,distribution_exact_loss,0.005256209546745463,0.0025204474472544495,0.00789030680771302,100,100,100,fixture,secondary_exploratory,100,0
targeted,original,2,dp_values,nested,optimal_agreement,0.18,0.11,0.26,100,100,100,fixture,secondary_exploratory,100,0
targeted,original,2,dp_values,nested,exact_loss,-0.006011247543167866,-0.009234467227512777,-0.003234439398603782,100,100,100,fixture,secondary_exploratory,100,0
targeted,original,2,dp_values,nested,distribution_exact_loss,-0.005024883204099687,-0.0070143939274275435,-0.0032524415161530843,100,100,100,fixture,secondary_exploratory,100,0
targeted,original,10,path_explicit,nested,advice_adherence,0.5675,0.4975,0.635,100,100,100,fixture,primary_descriptive,100,0
targeted,original,10,path_explicit,nested,optimal_agreement,0.5675,0.5,0.635,100,100,100,fixture,secondary_exploratory,100,0
targeted,original,10,path_explicit,nested,exact_loss,-0.03779281441406888,-0.043446818145972746,-0.032257464515577275,100,100,100,fixture,secondary_exploratory,100,0
targeted,original,10,path_explicit,nested,distribution_exact_loss,-0.022650925306724655,-0.0239218609273507,-0.02138914678207101,100,100,100,fixture,secondary_exploratory,100,0
targeted,original,10,inline,nested,advice_adherence,0.0,0.0,0.0,100,100,100,fixture,primary_descriptive,100,0
targeted,original,10,inline,nested,optimal_agreement,0.0,0.0,0.0,100,100,100,fixture,secondary_exploratory,100,0
targeted,original,10,inline,nested,exact_loss,0.0,0.0,0.0,100,100,100,fixture,secondary_exploratory,100,0
targeted,original,10,inline,nested,distribution_exact_loss,-0.0010411427318619505,-0.0014436321966330174,-0.0006596596591296243,100,100,100,fixture,secondary_exploratory,100,0
targeted,original,10,per_option,nested,advice_adherence,0.01,0.0025,0.02,100,100,100,fixture,primary_descriptive,100,0
targeted,original,10,per_option,nested,optimal_agreement,0.01,0.0025,0.02,100,100,100,fixture,secondary_exploratory,100,0
targeted,original,10,per_option,nested,exact_loss,-0.0008523971879933057,-0.0017248654684411703,-0.00019929792429792758,100,100,100,fixture,secondary_exploratory,100,0
targeted,original,10,per_option,nested,distribution_exact_loss,-0.010117430924672042,-0.010823380621403327,-0.009427489258755365,100,100,100,fixture,secondary_exploratory,100,0
targeted,original,10,advice_only,nested,advice_adherence,1.0,1.0,1.0,100,100,100,fixture,secondary_exploratory,100,0
targeted,original,10,advice_only,nested,optimal_agreement,1.0,1.0,1.0,100,100,100,fixture,secondary_exploratory,100,0
targeted,original,10,advice_only,nested,exact_loss,-0.05953887862752714,-0.06278339357186624,-0.056231576749488206,100,100,100,fixture,secondary_exploratory,100,0
targeted,original,10,advice_only,nested,distribution_exact_loss,-0.03893195403726417,-0.040569897585767546,-0.03721153008236607,100,100,100,fixture,secondary_exploratory,100,0
targeted,original,10,dp_values,nested,optimal_agreement,1.0,1.0,1.0,100,100,100,fixture,secondary_exploratory,100,0
targeted,original,10,dp_values,nested,exact_loss,-0.05953887862752714,-0.06271977312669097,-0.05622377625111112,100,100,100,fixture,secondary_exploratory,100,0
targeted,original,10,dp_values,nested,distribution_exact_loss,-0.04753666348204591,-0.04964360460362163,-0.04530018607762764,100,100,100,fixture,secondary_exploratory,100,0
