cohort,format,contrast_type,fixed_factor,left,right,metric,mean_difference,ci_low,ci_high,n_pairs,n_left,n_right,unit,analysis_role
random,nested,label_scheme,horizon=1,letters,original,advice_adherence,0.0025,0.0,0.0075,100,100,100,fixture,secondary_exploratory
random,nested,label_scheme,horizon=2,letters,original,advice_adherence,-0.0175,-0.0325,-0.005,100,100,100,fixture,secondary_exploratory
random,nested,label_scheme,horizon=10,letters,original,advice_adherence,0.005,0.0,0.0125,100,100,100,fixture,secondary_exploratory
random,nested,horizon,labels=original,2,1,advice_adherence,-0.005,-0.045,0.0325,100,100,100,fixture,secondary_exploratory
random,nested,horizon,labels=original,10,1,advice_adherence,-0.0825,-0.1375,-0.0325,100,100,100,fixture,secondary_exploratory
random,nested,horizon,labels=letters,2,1,advice_adherence,-0.025,-0.065,0.01,100,100,100,fixture,secondary_exploratory
random,nested,horizon,labels=letters,10,1,advice_adherence,-0.08,-0.135,-0.0325,100,100,100,fixture,secondary_exploratory
random,nested,label_scheme,horizon=1,letters,original,optimal_agreement,0.0,0.0,0.0,100,100,100,fixture,secondary_exploratory
random,nested,label_scheme,horizon=2,letters,original,optimal_agreement,-0.0175,-0.0325,-0.005,100,100,100,fixture,secondary_exploratory
random,nested,label_scheme,horizon=10,letters,original,optimal_agreement,0.005,0.0,0.0125,100,100,100,fixture,secondary_exploratory
random,nested,horizon,labels=original,2,1,optimal_agreement,-0.0325,-0.0675,-0.005,100,100,100,fixture,secondary_exploratory
random,nested,horizon,labels=original,10,1,optimal_agreement,-0.11,-0.1675,-0.06,100,100,100,fixture,secondary_exploratory
random,nested,horizon,labels=letters,2,1,optimal_agreement,-0.05,-0.085,-0.02,100,100,100,fixture,secondary_exploratory
random,nested,horizon,labels=letters,10,1,optimal_agreement,-0.105,-0.16,-0.055,100,100,100,fixture,secondary_exploratory
random,nested,label_scheme,horizon=1,letters,original,exact_loss,0.0,0.0,0.0,100,100,100,fixture,secondary_exploratory
random,nested,label_scheme,horizon=2,letters,original,exact_loss,0.0010972985347985336,0.00024999999999999914,0.0021359890109890096,100,100,100,fixture,secondary_exploratory
random,nested,label_scheme,horizon=10,letters,original,exact_loss,-0.00042770479763351024,-0.0010785083838302366,0.0,100,100,100,fixture,secondary_exploratory
random,nested,horizon,labels=original,2,1,exact_loss,0.0011994165255034815,0.00018210050818746437,0.0025422148503670234,100,100,100,fixture,secondary_exploratory
random,nested,horizon,labels=original,10,1,exact_loss,0.0073526658368162166,0.004047080941518526,0.011112099978015447,100,100,100,fixture,secondary_exploratory
random,nested,horizon,labels=letters,2,1,exact_loss,0.002296715060302015,0.0007989401223776216,0.004193825015564145,100,100,100,fixture,secondary_exploratory
random,nested,horizon,labels=letters,10,1,exact_loss,0.006924961039182707,0.003761732462995366,0.010349056087068886,100,100,100,fixture,secondary_exploratory
random,path_explicit,label_scheme,horizon=1,letters,original,advice_adherence,0.0,0.0,0.0,100,100,100,fixture,secondary_exploratory
random,path_explicit,label_scheme,horizon=2,letters,original,advice_adherence,0.0,0.0,0.0,100,100,100,fixture,secondary_exploratory
random,path_explicit,label_scheme,horizon=10,letters,original,advice_adherence,0.0025,0.0,0.0075,100,100,100,fixture,secondary_exploratory
random,path_explicit,horizon,labels=original,2,1,advice_adherence,0.0,0.0,0.0,100,100,100,fixture,secondary_exploratory
random,path_explicit,horizon,labels=original,10,1,advice_adherence,-0.0025,-0.0075,0.0,100,100,100,fixture,secondary_exploratory
random,path_explicit,horizon,labels=letters,2,1,advice_adherence,0.0,0.0,0.0,100,100,100,fixture,secondary_exploratory
random,path_explicit,horizon,labels=letters,10,1,advice_adherence,0.0,0.0,0.0,100,100,100,fixture,secondary_exploratory
random,path_explicit,label_scheme,horizon=1,letters,original,optimal_agreement,0.0,0.0,0.0,100,100,100,fixture,secondary_exploratory
random,path_explicit,label_scheme,horizon=2,letters,original,optimal_agreement,0.0,0.0,0.0,100,100,100,fixture,secondary_exploratory
random,path_explicit,label_scheme,horizon=10,letters,original,optimal_agreement,0.0025,0.0,0.0075,100,100,100,fixture,secondary_exploratory
random,path_explicit,horizon,labels=original,2,1,optimal_agreement,0.0,0.0,0.0,100,100,100,fixture,secondary_exploratory
random,path_explicit,horizon,labels=original,10,1,optimal_agreement,-0.0025,-0.0075,0.0,100,100,100,fixture,secondary_exploratory
random,path_explicit,horizon,labels=letters,2,1,optimal_agreement,0.0,0.0,0.0,100,100,100,fixture,secondary_exploratory
random,path_explicit,horizon,labels=letters,10,1,optimal_agreement,0.0,0.0,0.0,100,100,100,fixture,secondary_exploratory
random,path_explicit,label_scheme,horizon=1,letters,original,exact_loss,0.0,0.0,0.0,100,100,100,fixture,secondary_exploratory
random,path_explicit,label_scheme,horizon=2,letters,original,exact_loss,0.0,0.0,0.0,100,100,100,fixture,secondary_exploratory
random,path_explicit,label_scheme,horizon=10,letters,original,exact_loss,-8.848061369068905e-06,-2.6544184107206716e-05,0.0,100,100,100,fixture,secondary_exploratory
random,path_explicit,horizon,labels=original,2,1,exact_loss,0.0,0.0,0.0,100,100,100,fixture,secondary_exploratory
random,path_explicit,horizon,labels=original,10,1,exact_loss,8.848061369068905e-06,0.0,2.6544184107206716e-05,100,100,100,fixture,secondary_exploratory
random,path_explicit,horizon,labels=letters,2,1,exact_loss,0.0,0.0,0.0,100,100,100,fixture,secondary_exploratory
random,path_explicit,horizon,labels=letters,10,1,exact_loss,0.0,0.0,0.0,100,100,100,fixture,secondary_exploratory
random,inline,label_scheme,horizon=1,letters,original,advice_adherence,-0.005,-0.0175,0.005,100,100,100,fixture,secondary_exploratory
random,inline,label_scheme,horizon=2,letters,original,advice_adherence,0.0025,-0.0175,0.0225,100,100,100,fixture,secondary_exploratory
random,inline,label_scheme,horizon=10,letters,original,advice_adherence,0.01,-0.0075,0.0325,100,100,100,fixture,secondary_exploratory
random,inline,horizon,labels=original,2,1,advice_adherence,-0.0275,-0.0675,0.0075,100,100,100,fixture,secondary_exploratory
random,inline,horizon,labels=original,10,1,advice_adherence,-0.07,-0.13,-0.02,100,100,100,fixture,secondary_exploratory
random,inline,horizon,labels=letters,2,1,advice_adherence,-0.02,-0.06,0.0125,100,100,100,fixture,secondary_exploratory
random,inline,horizon,labels=letters,10,1,advice_adherence,-0.055,-0.1075,-0.0075,100,100,100,fixture,secondary_exploratory
random,inline,label_scheme,horizon=1,letters,original,optimal_agreement,-0.005,-0.015,0.0,100,100,100,fixture,secondary_exploratory
random,inline,label_scheme,horizon=2,letters,original,optimal_agreement,0.0025,-0.0175,0.0225,100,100,100,fixture,secondary_exploratory
random,inline,label_scheme,horizon=10,letters,original,optimal_agreement,0.01,-0.0075,0.03,100,100,100,fixture,secondary_exploratory
random,inline,horizon,labels=original,2,1,optimal_agreement,-0.0425,-0.08,-0.0125,100,100,100,fixture,secondary_exploratory
random,inline,horizon,labels=original,10,1,optimal_agreement,-0.085,-0.14,-0.04,100,100,100,fixture,secondary_exploratory
random,inline,horizon,labels=letters,2,1,optimal_agreement,-0.035,-0.07,-0.01,100,100,100,fixture,secondary_exploratory
random,inline,horizon,labels=letters,10,1,optimal_agreement,-0.07,-0.12,-0.0275,100,100,100,fixture,secondary_exploratory
random,inline,label_scheme,horizon=1,letters,original,exact_loss,0.00045454545454545444,0.0,0.0013636363636363633,100,100,100,fixture,secondary_exploratory
random,inline,label_scheme,horizon=2,letters,original,exact_loss,-9.42716703586266e-05,-0.002020045172219084,0.0018159797629906315,100,100,100,fixture,secondary_exploratory
random,inline,label_scheme,horizon=10,letters,original,exact_loss,-0.00021081522269961184,-0.001854530526566105,0.001343860446284386,100,100,100,fixture,secondary_exploratory
random,inline,horizon,labels=original,2,1,exact_loss,0.0018835657096526659,0.0004772727272727279,0.003774132434594389,100,100,100,fixture,secondary_exploratory
random,inline,horizon,labels=original,10,1,exact_loss,0.004734853271828889,0.001995219796515676,0.007920227823148803,100,100,100,fixture,secondary_exploratory
random,inline,horizon,labels=letters,2,1,exact_loss,0.0013347485847485848,0.00019696969696969823,0.0028712516650016627,100,100,100,fixture,secondary_exploratory
random,inline,horizon,labels=letters,10,1,exact_loss,0.004069492594583823,0.0016611498172456197,0.006997474586081533,100,100,100,fixture,secondary_exploratory
random,per_option,label_scheme,horizon=1,letters,original,advice_adherence,-0.005,-0.0125,0.0,100,100,100,fixture,secondary_exploratory
random,per_option,label_scheme,horizon=2,letters,original,advice_adherence,0.005,0.0,0.015,100,100,100,fixture,secondary_exploratory
random,per_option,label_scheme,horizon=10,letters,original,advice_adherence,0.0,0.0,0.0,100,100,100,fixture,secondary_exploratory
random,per_option,horizon,labels=original,2,1,advice_adherence,-0.02,-0.05,0.0,100,100,100,fixture,secondary_exploratory
random,per_option,horizon,labels=original,10,1,advice_adherence,-0.0625,-0.1125,-0.02,100,100,100,fixture,secondary_exploratory
random,per_option,horizon,labels=letters,2,1,advice_adherence,-0.01,-0.0375,0.0075,100,100,100,fixture,secondary_exploratory
random,per_option,horizon,labels=letters,10,1,advice_adherence,-0.0575,-0.1075,-0.015,100,100,100,fixture,secondary_exploratory
random,per_option,label_scheme,horizon=1,letters,original,optimal_agreement,0.0,0.0,0.0,100,100,100,fixture,secondary_exploratory
random,per_option,label_scheme,horizon=2,letters,original,optimal_agreement,0.005,0.0,0.015,100,100,100,fixture,secondary_exploratory
random,per_option,label_scheme,horizon=10,letters,original,optimal_agreement,0.0,0.0,0.0,100,100,100,fixture,secondary_exploratory
random,per_option,horizon,labels=original,2,1,optimal_agreement,-0.02,-0.05,0.0,100,100,100,fixture,secondary_exploratory
random,per_option,horizon,labels=original,10,1,optimal_agreement,-0.0625,-0.1125,-0.02,100,100,100,fixture,secondary_exploratory
random,per_option,horizon,labels=letters,2,1,optimal_agreement,-0.015,-0.04,0.0,100,100,100,fixture,secondary_exploratory
random,per_option,horizon,labels=letters,10,1,optimal_agreement,-0.0625,-0.1125,-0.02,100,100,100,fixture,secondary_exploratory
random,per_option,label_scheme,horizon=1,letters,original,exact_loss,0.0,0.0,0.0,100,100,100,fixture,secondary_exploratory
random,per_option,label_scheme,horizon=2,letters,original,exact_loss,-4.5454545454545194e-05,-0.00013636363636363558,0.0,100,100,100,fixture,secondary_exploratory
random,per_option,label_scheme,horizon=10,letters,original,exact_loss,0.0,0.0,0.0,100,100,100,fixture,secondary_exploratory
random,per_option,horizon,labels=original,2,1,exact_loss,0.00024242424242424177,0.0,0.0006363636363636349,100,100,100,fixture,secondary_exploratory
random,per_option,horizon,labels=original,10,1,exact_loss,0.0030013522016430283,0.0007984643054653695,0.005755788572301542,100,100,100,fixture,secondary_exploratory
random,per_option,horizon,labels=letters,2,1,exact_loss,0.00019696969696969657,0.0,0.0005454545454545445,100,100,100,fixture,secondary_exploratory
random,per_option,horizon,labels=letters,10,1,exact_loss,0.0030013522016430283,0.0007869635124519814,0.005756143184889689,100,100,100,fixture,secondary_exploratory
random,advice_only,label_scheme,horizon=1,letters,original,advice_adherence,0.0,0.0,0.0,100,100,100,fixture,secondary_exploratory
random,advice_only,label_scheme,horizon=2,letters,original,advice_adherence,0.0,0.0,0.0,100,100,100,fixture,secondary_exploratory
random,advice_only,label_scheme,horizon=10,letters,original,advice_adherence,0.0,0.0,0.0,100,100,100,fixture,secondary_exploratory
random,advice_only,horizon,labels=original,2,1,advice_adherence,0.0,0.0,0.0,100,100,100,fixture,secondary_exploratory
random,advice_only,horizon,labels=original,10,1,advice_adherence,0.0,0.0,0.0,100,100,100,fixture,secondary_exploratory
random,advice_only,horizon,labels=letters,2,1,advice_adherence,0.0,0.0,0.0,100,100,100,fixture,secondary_exploratory
random,advice_only,horizon,labels=letters,10,1,advice_adherence,0.0,0.0,0.0,100,100,100,fixture,secondary_exploratory
random,advice_only,label_scheme,horizon=1,letters,original,optimal_agreement,0.0,0.0,0.0,100,100,100,fixture,secondary_exploratory
random,advice_only,label_scheme,horizon=2,letters,original,optimal_agreement,0.0,0.0,0.0,100,100,100,fixture,secondary_exploratory
random,advice_only,label_scheme,horizon=10,letters,original,optimal_agreement,0.0,0.0,0.0,100,100,100,fixture,secondary_exploratory
random,advice_only,horizon,labels=original,2,1,optimal_agreement,0.0,0.0,0.0,100,100,100,fixture,secondary_exploratory
random,advice_only,horizon,labels=original,10,1,optimal_agreement,0.0,0.0,0.0,100,100,100,fixture,secondary_exploratory
random,advice_only,horizon,labels=letters,2,1,optimal_agreement,0.0,0.0,0.0,100,100,100,fixture,secondary_exploratory
random,advice_only,horizon,labels=letters,10,1,optimal_agreement,0.0,0.0,0.0,100,100,100,fixture,secondary_exploratory
random,advice_only,label_scheme,horizon=1,letters,original,exact_loss,0.0,0.0,0.0,100,100,100,fixture,secondary_exploratory
random,advice_only,label_scheme,horizon=2,letters,original,exact_loss,0.0,0.0,0.0,100,100,100,fixture,secondary_exploratory
random,advice_only,label_scheme,horizon=10,letters,original,exact_loss,0.0,0.0,0.0,100,100,100,fixture,secondary_exploratory
random,advice_only,horizon,labels=original,2,1,exact_loss,0.0,0.0,0.0,100,100,100,fixture,secondary_exploratory
random,advice_only,horizon,labels=original,10,1,exact_loss,0.0,0.0,0.0,100,100,100,fixture,secondary_exploratory
random,advice_only,horizon,labels=letters,2,1,exact_loss,0.0,0.0,0.0,100,100,100,fixture,secondary_exploratory
random,advice_only,horizon,labels=letters,10,1,exact_loss,0.0,0.0,0.0,100,100,100,fixture,secondary_exploratory
random,dp_values,label_scheme,horizon=1,letters,original,optimal_agreement,0.0,0.0,0.0,100,100,100,fixture,secondary_exploratory
random,dp_values,label_scheme,horizon=2,letters,original,optimal_agreement,0.0,0.0,0.0,100,100,100,fixture,secondary_exploratory
random,dp_values,label_scheme,horizon=10,letters,original,optimal_agreement,0.0,0.0,0.0,100,100,100,fixture,secondary_exploratory
random,dp_values,horizon,labels=original,2,1,optimal_agreement,0.0,0.0,0.0,100,100,100,fixture,secondary_exploratory
random,dp_values,horizon,labels=original,10,1,optimal_agreement,0.0,0.0,0.0,100,100,100,fixture,secondary_exploratory
random,dp_values,horizon,labels=letters,2,1,optimal_agreement,0.0,0.0,0.0,100,100,100,fixture,secondary_exploratory
random,dp_values,horizon,labels=letters,10,1,optimal_agreement,0.0,0.0,0.0,100,100,100,fixture,secondary_exploratory
random,dp_values,label_scheme,horizon=1,letters,original,exact_loss,0.0,0.0,0.0,100,100,100,fixture,secondary_exploratory
random,dp_values,label_scheme,horizon=2,letters,original,exact_loss,0.0,0.0,0.0,100,100,100,fixture,secondary_exploratory
random,dp_values,label_scheme,horizon=10,letters,original,exact_loss,0.0,0.0,0.0,100,100,100,fixture,secondary_exploratory
random,dp_values,horizon,labels=original,2,1,exact_loss,0.0,0.0,0.0,100,100,100,fixture,secondary_exploratory
random,dp_values,horizon,labels=original,10,1,exact_loss,0.0,0.0,0.0,100,100,100,fixture,secondary_exploratory
random,dp_values,horizon,labels=letters,2,1,exact_loss,0.0,0.0,0.0,100,100,100,fixture,secondary_exploratory
random,dp_values,horizon,labels=letters,10,1,exact_loss,0.0,0.0,0.0,100,100,100,fixture,secondary_exploratory
targeted,nested,label_scheme,horizon=1,letters,original,advice_adherence,0.0,0.0,0.0,100,100,100,fixture,secondary_exploratory
targeted,nested,label_scheme,horizon=2,letters,original,advice_adherence,0.0,0.0,0.0,100,100,100,fixture,secondary_exploratory
targeted,nested,label_scheme,horizon=10,letters,original,advice_adherence,0.0,0.0,0.0,100,100,100,fixture,secondary_exploratory
targeted,nested,horizon,labels=original,2,1,advice_adherence,-0.18,-0.26,-0.11,100,100,100,fixture,secondary_exploratory
targeted,nested,horizon,labels=original,10,1,advice_adherence,-1.0,-1.0,-1.0,100,100,100,fixture,secondary_exploratory
targeted,nested,horizon,labels=letters,2,1,advice_adherence,-0.18,-0.26,-0.11,100,100,100,fixture,secondary_exploratory
targeted,nested,horizon,labels=letters,10,1,advice_adherence,-1.0,-1.0,-1.0,100,100,100,fixture,secondary_exploratory
targeted,nested,label_scheme,horizon=1,letters,original,optimal_agreement,0.0,0.0,0.0,100,100,100,fixture,secondary_exploratory
targeted,nested,label_scheme,horizon=2,letters,original,optimal_agreement,0.0,0.0,0.0,100,100,100,fixture,secondary_exploratory
targeted,nested,label_scheme,horizon=10,letters,original,optimal_agreement,0.0,0.0,0.0,100,100,100,fixture,secondary_exploratory
targeted,nested,horizon,labels=original,2,1,optimal_agreement,-0.18,-0.26,-0.11,100,100,100,fixture,secondary_exploratory
targeted,nested,horizon,labels=original,10,1,optimal_agreement,-1.0,-1.0,-1.0,100,100,100,fixture,secondary_exploratory
targeted,nested,horizon,labels=letters,2,1,optimal_agreement,-0.18,-0.26,-0.11,100,100,100,fixture,secondary_exploratory
targeted,nested,horizon,labels=letters,10,1,optimal_agreement,-1.0,-1.0,-1.0,100,100,100,fixture,secondary_exploratory
targeted,nested,label_scheme,horizon=1,letters,original,exact_loss,0.0,0.0,0.0,100,100,100,fixture,secondary_exploratory
targeted,nested,label_scheme,horizon=2,letters,original,exact_loss,0.0,0.0,0.0,100,100,100,fixture,secondary_exploratory
targeted,nested,label_scheme,horizon=10,letters,original,exact_loss,0.0,0.0,0.0,100,100,100,fixture,secondary_exploratory
targeted,nested,horizon,labels=original,2,1,exact_loss,0.006011247543167866,0.003160388525128942,0.009239108910400315,100,100,100,fixture,secondary_exploratory
targeted,nested,horizon,labels=original,10,1,exact_loss,0.05953887862752714,0.0562398766284385,0.06279733010299447,100,100,100,fixture,secondary_exploratory
targeted,nested,horizon,labels=letters,2,1,exact_loss,0.006011247543167866,0.003202037358165433,0.009192981191088058,100,100,100,fixture,secondary_exploratory
targeted,nested,horizon,labels=letters,10,1,exact_loss,0.05953887862752714,0.05627867520490166,0.0627362873638307,100,100,100,fixture,secondary_exploratory
targeted,path_explicit,label_scheme,horizon=1,letters,original,advice_adherence,0.0,0.0,0.0,100,100,100,fixture,secondary_exploratory
targeted,path_explicit,label_scheme,horizon=2,letters,original,advice_adherence,0.0,0.0,0.0,100,100,100,fixture,secondary_exploratory
targeted,path_explicit,label_scheme,horizon=10,letters,original,advice_adherence,0.275,0.225,0.3275,100,100,100,fixture,secondary_exploratory
targeted,path_explicit,horizon,labels=original,2,1,advice_adherence,0.0,0.0,0.0,100,100,100,fixture,secondary_exploratory
targeted,path_explicit,horizon,labels=original,10,1,advice_adherence,-0.4325,-0.5,-0.365,100,100,100,fixture,secondary_exploratory
targeted,path_explicit,horizon,labels=letters,2,1,advice_adherence,0.0,0.0,0.0,100,100,100,fixture,secondary_exploratory
targeted,path_explicit,horizon,labels=letters,10,1,advice_adherence,-0.1575,-0.1975,-0.12,100,100,100,fixture,secondary_exploratory
targeted,path_explicit,label_scheme,horizon=1,letters,original,optimal_agreement,0.0,0.0,0.0,100,100,100,fixture,secondary_exploratory
targeted,path_explicit,label_scheme,horizon=2,letters,original,optimal_agreement,0.0,0.0,0.0,100,100,100,fixture,secondary_exploratory
targeted,path_explicit,label_scheme,horizon=10,letters,original,optimal_agreement,0.275,0.225,0.3275,100,100,100,fixture,secondary_exploratory
targeted,path_explicit,horizon,labels=original,2,1,optimal_agreement,0.0,0.0,0.0,100,100,100,fixture,secondary_exploratory
targeted,path_explicit,horizon,labels=original,10,1,optimal_agreement,-0.4325,-0.5,-0.365,100,100,100,fixture,secondary_exploratory
targeted,path_explicit,horizon,labels=letters,2,1,optimal_agreement,0.0,0.0,0.0,100,100,100,fixture,secondary_exploratory
targeted,path_explicit,horizon,labels=letters,10,1,optimal_agreement,-0.1575,-0.1975,-0.12,100,100,100,fixture,secondary_exploratory
targeted,path_explicit,label_scheme,horizon=1,letters,original,exact_loss,0.0,0.0,0.0,100,100,100,fixture,secondary_exploratory
targeted,path_explicit,label_scheme,horizon=2,letters,original,exact_loss,0.0,0.0,0.0,100,100,100,fixture,secondary_exploratory
targeted,path_explicit,label_scheme,horizon=10,letters,original,exact_loss,-0.014480931914233018,-0.017468802974397474,-0.011621951596385318,100,100,100,fixture,secondary_exploratory
targeted,path_explicit,horizon,labels=original,2,1,exact_loss,0.0,0.0,0.0,100,100,100,fixture,secondary_exploratory
targeted,path_explicit,horizon,labels=original,10,1,exact_loss,0.021746064213458257,0.018473346048959487,0.024965049102956584,100,100,100,fixture,secondary_exploratory
targeted,path_explicit,horizon,labels=letters,2,1,exact_loss,0.0,0.0,0.0,100,100,100,fixture,secondary_exploratory
targeted,path_explicit,horizon,labels=letters,10,1,exact_loss,0.007265132299225239,0.005481423182789375,0.009091292421738579,100,100,100,fixture,secondary_exploratory
targeted,inline,label_scheme,horizon=1,letters,original,advice_adherence,0.0,0.0,0.0,100,100,100,fixture,secondary_exploratory
targeted,inline,label_scheme,horizon=2,letters,original,advice_adherence,0.0,0.0,0.0,100,100,100,fixture,secondary_exploratory
targeted,inline,label_scheme,horizon=10,letters,original,advice_adherence,0.0,0.0,0.0,100,100,100,fixture,secondary_exploratory
targeted,inline,horizon,labels=original,2,1,advice_adherence,-0.18,-0.26,-0.11,100,100,100,fixture,secondary_exploratory
targeted,inline,horizon,labels=original,10,1,advice_adherence,-1.0,-1.0,-1.0,100,100,100,fixture,secondary_exploratory
targeted,inline,horizon,labels=letters,2,1,advice_adherence,-0.18,-0.26,-0.11,100,100,100,fixture,secondary_exploratory
targeted,inline,horizon,labels=letters,10,1,advice_adherence,-1.0,-1.0,-1.0,100,100,100,fixture,secondary_exploratory
targeted,inline,label_scheme,horizon=1,letters,original,optimal_agreement,0.0,0.0,0.0,100,100,100,fixture,secondary_exploratory
targeted,inline,label_scheme,horizon=2,letters,original,optimal_agreement,0.0,0.0,0.0,100,100,100,fixture,secondary_exploratory
targeted,inline,label_scheme,horizon=10,letters,original,optimal_agreement,0.0,0.0,0.0,100,100,100,fixture,secondary_exploratory
targeted,inline,horizon,labels=original,2,1,optimal_agreement,-0.18,-0.26,-0.11,100,100,100,fixture,secondary_exploratory
targeted,inline,horizon,labels=original,10,1,optimal_agreement,-1.0,-1.0,-1.0,100,100,100,fixture,secondary_exploratory
targeted,inline,horizon,labels=letters,2,1,optimal_agreement,-0.18,-0.26,-0.11,100,100,100,fixture,secondary_exploratory
targeted,inline,horizon,labels=letters,10,1,optimal_agreement,-1.0,-1.0,-1.0,100,100,100,fixture,secondary_exploratory
targeted,inline,label_scheme,horizon=1,letters,original,exact_loss,0.0,0.0,0.0,100,100,100,fixture,secondary_exploratory
targeted,inline,label_scheme,horizon=2,letters,original,exact_loss,0.0,0.0,0.0,100,100,100,fixture,secondary_exploratory
targeted,inline,label_scheme,horizon=10,letters,original,exact_loss,0.0,0.0,0.0,100,100,100,fixture,secondary_exploratory
targeted,inline,horizon,labels=original,2,1,exact_loss,0.006011247543167866,0.0032745313358796524,0.009101926646609183,100,100,100,fixture,secondary_exploratory
targeted,inline,horizon,labels=original,10,1,exact_loss,0.05953887862752714,0.05619674366616321,0.06282126319732848,100,100,100,fixture,secondary_exploratory
targeted,inline,horizon,labels=letters,2,1,exact_loss,0.006011247543167866,0.003169199902584181,0.009126357920405741,100,100,100,fixture,secondary_exploratory
targeted,inline,horizon,labels=letters,10,1,exact_loss,0.05953887862752714,0.05632411914342561,0.0628301931138157,100,100,100,fixture,secondary_exploratory
targeted,per_option,label_scheme,horizon=1,letters,original,advice_adherence,0.0,0.0,0.0,100,100,100,fixture,secondary_exploratory
targeted,per_option,label_scheme,horizon=2,letters,original,advice_adherence,0.005,-0.01,0.0175,100,100,100,fixture,secondary_exploratory
targeted,per_option,label_scheme,horizon=10,letters,original,advice_adherence,0.0,-0.01,0.01,100,100,100,fixture,secondary_exploratory
targeted,per_option,horizon,labels=original,2,1,advice_adherence,-0.1625,-0.235,-0.095,100,100,100,fixture,secondary_exploratory
targeted,per_option,horizon,labels=original,10,1,advice_adherence,-0.99,-0.9975,-0.98,100,100,100,fixture,secondary_exploratory
targeted,per_option,horizon,labels=letters,2,1,advice_adherence,-0.1575,-0.22756249999999995,-0.095,100,100,100,fixture,secondary_exploratory
targeted,per_option,horizon,labels=letters,10,1,advice_adherence,-0.99,-1.0,-0.975,100,100,100,fixture,secondary_exploratory
targeted,per_option,label_scheme,horizon=1,letters,original,optimal_agreement,0.0,0.0,0.0,100,100,100,fixture,secondary_exploratory
targeted,per_option,label_scheme,horizon=2,letters,original,optimal_agreement,0.005,-0.01,0.0175,100,100,100,fixture,secondary_exploratory
targeted,per_option,label_scheme,horizon=10,letters,original,optimal_agreement,0.0,-0.01,0.01,100,100,100,fixture,secondary_exploratory
targeted,per_option,horizon,labels=original,2,1,optimal_agreement,-0.1625,-0.235,-0.095,100,100,100,fixture,secondary_exploratory
targeted,per_option,horizon,labels=original,10,1,optimal_agreement,-0.99,-0.9975,-0.98,100,100,100,fixture,secondary_exploratory
targeted,per_option,horizon,labels=letters,2,1,optimal_agreement,-0.1575,-0.23,-0.0925,100,100,100,fixture,secondary_exploratory
targeted,per_option,horizon,labels=letters,10,1,optimal_agreement,-0.99,-1.0,-0.975,100,100,100,fixture,secondary_exploratory
targeted,per_option,label_scheme,horizon=1,letters,original,exact_loss,0.0,0.0,0.0,100,100,100,fixture,secondary_exploratory
targeted,per_option,label_scheme,horizon=2,letters,original,exact_loss,-0.0002846587315278015,-0.0008969581967684415,0.0003386809269162194,100,100,100,fixture,secondary_exploratory
targeted,per_option,label_scheme,horizon=10,letters,original,exact_loss,-9.250602436001732e-06,-0.0008616477904293074,0.0008400096679114566,100,100,100,fixture,secondary_exploratory
targeted,per_option,horizon,labels=original,2,1,exact_loss,0.005071392055518262,0.0027214929477125125,0.007722924945519559,100,100,100,fixture,secondary_exploratory
targeted,per_option,horizon,labels=original,10,1,exact_loss,0.05868648143953383,0.05551582465672381,0.061672772602221634,100,100,100,fixture,secondary_exploratory
targeted,per_option,horizon,labels=letters,2,1,exact_loss,0.004786733323990461,0.002646871144758492,0.0072217933879750226,100,100,100,fixture,secondary_exploratory
targeted,per_option,horizon,labels=letters,10,1,exact_loss,0.05867723083709783,0.055418139944841564,0.06173235084450847,100,100,100,fixture,secondary_exploratory
targeted,advice_only,label_scheme,horizon=1,letters,original,advice_adherence,0.0,0.0,0.0,100,100,100,fixture,secondary_exploratory
targeted,advice_only,label_scheme,horizon=2,letters,original,advice_adherence,0.0,0.0,0.0,100,100,100,fixture,secondary_exploratory
targeted,advice_only,label_scheme,horizon=10,letters,original,advice_adherence,0.0,0.0,0.0,100,100,100,fixture,secondary_exploratory
targeted,advice_only,horizon,labels=original,2,1,advice_adherence,0.0,0.0,0.0,100,100,100,fixture,secondary_exploratory
targeted,advice_only,horizon,labels=original,10,1,advice_adherence,0.0,0.0,0.0,100,100,100,fixture,secondary_exploratory
targeted,advice_only,horizon,labels=letters,2,1,advice_adherence,0.0,0.0,0.0,100,100,100,fixture,secondary_exploratory
targeted,advice_only,horizon,labels=letters,10,1,advice_adherence,0.0,0.0,0.0,100,100,100,fixture,secondary_exploratory
targeted,advice_only,label_scheme,horizon=1,letters,original,optimal_agreement,0.0,0.0,0.0,100,100,100,fixture,secondary_exploratory
targeted,advice_only,label_scheme,horizon=2,letters,original,optimal_agreement,0.0,0.0,0.0,100,100,100,fixture,secondary_exploratory
targeted,advice_only,label_scheme,horizon=10,letters,original,optimal_agreement,0.0,0.0,0.0,100,100,100,fixture,secondary_exploratory
targeted,advice_only,horizon,labels=original,2,1,optimal_agreement,0.0,0.0,0.0,100,100,100,fixture,secondary_exploratory
targeted,advice_only,horizon,labels=original,10,1,optimal_agreement,0.0,0.0,0.0,100,100,100,fixture,secondary_exploratory
targeted,advice_only,horizon,labels=letters,2,1,optimal_agreement,0.0,0.0,0.0,100,100,100,fixture,secondary_exploratory
targeted,advice_only,horizon,labels=letters,10,1,optimal_agreement,0.0,0.0,0.0,100,100,100,fixture,secondary_exploratory
targeted,advice_only,label_scheme,horizon=1,letters,original,exact_loss,0.0,0.0,0.0,100,100,100,fixture,secondary_exploratory
targeted,advice_only,label_scheme,horizon=2,letters,original,exact_loss,0.0,0.0,0.0,100,100,100,fixture,secondary_exploratory
targeted,advice_only,label_scheme,horizon=10,letters,original,exact_loss,0.0,0.0,0.0,100,100,100,fixture,secondary_exploratory
targeted,advice_only,horizon,labels=original,2,1,exact_loss,0.0,0.0,0.0,100,100,100,fixture,secondary_exploratory
targeted,advice_only,horizon,labels=original,10,1,exact_loss,0.0,0.0,0.0,100,100,100,fixture,secondary_exploratory
targeted,advice_only,horizon,labels=letters,2,1,exact_loss,0.0,0.0,0.0,100,100,100,fixture,secondary_exploratory
targeted,advice_only,horizon,labels=letters,10,1,exact_loss,0.0,0.0,0.0,100,100,100,fixture,secondary_exploratory
targeted,dp_values,label_scheme,horizon=1,letters,original,optimal_agreement,0.0,0.0,0.0,100,100,100,fixture,secondary_exploratory
targeted,dp_values,label_scheme,horizon=2,letters,original,optimal_agreement,0.0,0.0,0.0,100,100,100,fixture,secondary_exploratory
targeted,dp_values,label_scheme,horizon=10,letters,original,optimal_agreement,0.0,0.0,0.0,100,100,100,fixture,secondary_exploratory
targeted,dp_values,horizon,labels=original,2,1,optimal_agreement,0.0,0.0,0.0,100,100,100,fixture,secondary_exploratory
targeted,dp_values,horizon,labels=original,10,1,optimal_agreement,0.0,0.0,0.0,100,100,100,fixture,secondary_exploratory
targeted,dp_values,horizon,labels=letters,2,1,optimal_agreement,0.0,0.0,0.0,100,100,100,fixture,secondary_exploratory
targeted,dp_values,horizon,labels=letters,10,1,optimal_agreement,0.0,0.0,0.0,100,100,100,fixture,secondary_exploratory
targeted,dp_values,label_scheme,horizon=1,letters,original,exact_loss,0.0,0.0,0.0,100,100,100,fixture,secondary_exploratory
targeted,dp_values,label_scheme,horizon=2,letters,original,exact_loss,0.0,0.0,0.0,100,100,100,fixture,secondary_exploratory
targeted,dp_values,label_scheme,horizon=10,letters,original,exact_loss,0.0,0.0,0.0,100,100,100,fixture,secondary_exploratory
targeted,dp_values,horizon,labels=original,2,1,exact_loss,0.0,0.0,0.0,100,100,100,fixture,secondary_exploratory
targeted,dp_values,horizon,labels=original,10,1,exact_loss,0.0,0.0,0.0,100,100,100,fixture,secondary_exploratory
targeted,dp_values,horizon,labels=letters,2,1,exact_loss,0.0,0.0,0.0,100,100,100,fixture,secondary_exploratory
targeted,dp_values,horizon,labels=letters,10,1,exact_loss,0.0,0.0,0.0,100,100,100,fixture,secondary_exploratory
