family,policy,metric,mean,ci_low,ci_high,n_episodes,expected_episodes,analysis_role
clear,bayes_direct,exact_loss,0.8676521077746541,0.5116041432992912,1.264962392417528,40,40,post_hoc_two_arm_normative_audit
clear,bayes_direct,optimal_agreement,0.71875,0.616,0.8182499999999999,40,40,post_hoc_two_arm_normative_audit
clear,bayes_direct,pseudo_regret,3.339999999999999,1.01,6.33,40,40,post_hoc_two_arm_normative_audit
clear,bayes_direct,reward,66.3,62.775,69.3,40,40,post_hoc_two_arm_normative_audit
clear,bayes_sample,exact_loss,1.8544736256686065,1.633619893816797,2.086613936385352,40,40,post_hoc_two_arm_normative_audit
clear,bayes_sample,optimal_agreement,0.8879999999999999,0.8535,0.91625,40,40,post_hoc_two_arm_normative_audit
clear,bayes_sample,pseudo_regret,3.25,2.78,3.75,40,40,post_hoc_two_arm_normative_audit
clear,bayes_sample,reward,66.35,64.7,67.975,40,40,post_hoc_two_arm_normative_audit
clear,bayes_ucb,exact_loss,0.3561676461889209,0.2502257730815587,0.4755688634658497,40,40,post_hoc_two_arm_normative_audit
clear,bayes_ucb,optimal_agreement,0.9727499999999999,0.967,0.9780000000000001,40,40,post_hoc_two_arm_normative_audit
clear,bayes_ucb,pseudo_regret,1.9600000000000002,1.5799999999999998,2.37,40,40,post_hoc_two_arm_normative_audit
clear,bayes_ucb,reward,67.775,66.15,69.32562499999999,40,40,post_hoc_two_arm_normative_audit
clear,counts_direct,exact_loss,1.420068364634314,0.8468158921314888,2.058474172719441,40,40,post_hoc_two_arm_normative_audit
clear,counts_direct,optimal_agreement,0.6609999999999999,0.54374375,0.7737562499999999,40,40,post_hoc_two_arm_normative_audit
clear,counts_direct,pseudo_regret,2.55,0.6299999999999999,5.06,40,40,post_hoc_two_arm_normative_audit
clear,counts_direct,reward,67.45,64.65,69.85,40,40,post_hoc_two_arm_normative_audit
clear,counts_sample,exact_loss,2.2332056582980586,1.9417205660859505,2.524161481639431,40,40,post_hoc_two_arm_normative_audit
clear,counts_sample,optimal_agreement,0.9015000000000001,0.884,0.917,40,40,post_hoc_two_arm_normative_audit
clear,counts_sample,pseudo_regret,3.8899999999999997,3.3199999999999994,4.529999999999999,40,40,post_hoc_two_arm_normative_audit
clear,counts_sample,reward,65.825,64.249375,67.375,40,40,post_hoc_two_arm_normative_audit
clear,exact_h100,exact_loss,0.0,0.0,0.0,40,40,post_hoc_two_arm_normative_audit
clear,exact_h100,optimal_agreement,1.0,1.0,1.0,40,40,post_hoc_two_arm_normative_audit
clear,exact_h100,pseudo_regret,1.17,0.8699999999999999,1.5099999999999998,40,40,post_hoc_two_arm_normative_audit
clear,exact_h100,reward,68.5,66.9,70.025,40,40,post_hoc_two_arm_normative_audit
clear,finite_ap_index,exact_loss,0.0038220903339536427,0.0017955320406321553,0.0061781252927897625,40,40,post_hoc_two_arm_normative_audit
clear,finite_ap_index,optimal_agreement,0.9952500000000001,0.9922500000000001,0.9977499999999999,40,40,post_hoc_two_arm_normative_audit
clear,finite_ap_index,pseudo_regret,1.15,0.85,1.48,40,40,post_hoc_two_arm_normative_audit
clear,finite_ap_index,reward,68.55,66.95,70.075,40,40,post_hoc_two_arm_normative_audit
clear,greedy,exact_loss,1.033150677118395,0.6372798568448899,1.4621867074672572,40,40,post_hoc_two_arm_normative_audit
clear,greedy,optimal_agreement,0.689,0.5780000000000001,0.799,40,40,post_hoc_two_arm_normative_audit
clear,greedy,pseudo_regret,3.04,0.9497500000000002,5.710249999999997,40,40,post_hoc_two_arm_normative_audit
clear,greedy,reward,66.8,63.625,69.45,40,40,post_hoc_two_arm_normative_audit
clear,ids,exact_loss,0.2618817889270715,0.18883656055882211,0.3393612606513105,40,40,post_hoc_two_arm_normative_audit
clear,ids,optimal_agreement,0.93925,0.9075,0.9655000000000001,40,40,post_hoc_two_arm_normative_audit
clear,ids,pseudo_regret,1.5,1.17,1.86,40,40,post_hoc_two_arm_normative_audit
clear,ids,reward,68.125,66.525,69.675,40,40,post_hoc_two_arm_normative_audit
clear,knowledge_gradient,exact_loss,0.43928250493003773,0.22111274855142676,0.6870984473127337,40,40,post_hoc_two_arm_normative_audit
clear,knowledge_gradient,optimal_agreement,0.8237500000000001,0.7374875000000001,0.9022500000000001,40,40,post_hoc_two_arm_normative_audit
clear,knowledge_gradient,pseudo_regret,0.9,0.6199999999999999,1.21,40,40,post_hoc_two_arm_normative_audit
clear,knowledge_gradient,reward,68.875,67.3,70.4,40,40,post_hoc_two_arm_normative_audit
clear,random,exact_loss,18.246630671329548,16.605400978900263,19.910855882785153,40,40,post_hoc_two_arm_normative_audit
clear,random,optimal_agreement,0.50875,0.4885,0.5282500000000001,40,40,post_hoc_two_arm_normative_audit
clear,random,pseudo_regret,20.03,19.240000000000002,20.83,40,40,post_hoc_two_arm_normative_audit
clear,random,reward,49.6,47.8,51.375,40,40,post_hoc_two_arm_normative_audit
clear,ts,exact_loss,1.2219951778109854,1.0056748778980578,1.4435873497006053,40,40,post_hoc_two_arm_normative_audit
clear,ts,optimal_agreement,0.9247499999999998,0.9077500000000001,0.9412499999999998,40,40,post_hoc_two_arm_normative_audit
clear,ts,pseudo_regret,3.0399999999999996,2.46,3.6700000000000004,40,40,post_hoc_two_arm_normative_audit
clear,ts,reward,66.925,65.275,68.55,40,40,post_hoc_two_arm_normative_audit
clear,ucb1,exact_loss,5.024085966449971,4.577375268707235,5.4526680446597595,40,40,post_hoc_two_arm_normative_audit
clear,ucb1,optimal_agreement,0.8322499999999999,0.818,0.8460000000000001,40,40,post_hoc_two_arm_normative_audit
clear,ucb1,pseudo_regret,7.290000000000001,6.7,7.88,40,40,post_hoc_two_arm_normative_audit
clear,ucb1,reward,62.725,61.075,64.3,40,40,post_hoc_two_arm_normative_audit
close,bayes_direct,exact_loss,2.062380671560722,1.5815477871605284,2.586692277018607,40,40,post_hoc_two_arm_normative_audit
close,bayes_direct,optimal_agreement,0.367,0.29474999999999996,0.44575,40,40,post_hoc_two_arm_normative_audit
close,bayes_direct,pseudo_regret,2.460000000000002,1.7337500000000017,3.1912812500000025,40,40,post_hoc_two_arm_normative_audit
close,bayes_direct,reward,54.225,52.825,55.65,40,40,post_hoc_two_arm_normative_audit
close,bayes_sample,exact_loss,1.4660961885813066,1.26542364470104,1.6805455870428887,40,40,post_hoc_two_arm_normative_audit
close,bayes_sample,optimal_agreement,0.7302500000000001,0.67275,0.783,40,40,post_hoc_two_arm_normative_audit
close,bayes_sample,pseudo_regret,2.231250000000002,1.7411562500000015,2.7375000000000025,40,40,post_hoc_two_arm_normative_audit
close,bayes_sample,reward,53.25,51.875,54.6,40,40,post_hoc_two_arm_normative_audit
close,bayes_ucb,exact_loss,0.41537396067592774,0.2698574814225446,0.5861430568175052,40,40,post_hoc_two_arm_normative_audit
close,bayes_ucb,optimal_agreement,0.9332499999999999,0.9184999999999999,0.9465,40,40,post_hoc_two_arm_normative_audit
close,bayes_ucb,pseudo_regret,2.188750000000002,1.7400000000000015,2.6550000000000025,40,40,post_hoc_two_arm_normative_audit
close,bayes_ucb,reward,53.975,52.65,55.3,40,40,post_hoc_two_arm_normative_audit
close,counts_direct,exact_loss,4.121424241829016,3.107911730022077,5.158251597119113,40,40,post_hoc_two_arm_normative_audit
close,counts_direct,optimal_agreement,0.30625,0.22075000000000006,0.40225,40,40,post_hoc_two_arm_normative_audit
close,counts_direct,pseudo_regret,2.531250000000002,1.8075000000000017,3.2612500000000026,40,40,post_hoc_two_arm_normative_audit
close,counts_direct,reward,53.75,52.3,55.2,40,40,post_hoc_two_arm_normative_audit
close,counts_sample,exact_loss,1.5693047940628986,1.3470638717853631,1.7912740220398644,40,40,post_hoc_two_arm_normative_audit
close,counts_sample,optimal_agreement,0.7092499999999999,0.6495000000000001,0.76675,40,40,post_hoc_two_arm_normative_audit
close,counts_sample,pseudo_regret,2.297500000000002,1.7912500000000016,2.7962812500000025,40,40,post_hoc_two_arm_normative_audit
close,counts_sample,reward,53.65,52.25,55.1,40,40,post_hoc_two_arm_normative_audit
close,exact_h100,exact_loss,0.0,0.0,0.0,40,40,post_hoc_two_arm_normative_audit
close,exact_h100,optimal_agreement,1.0,1.0,1.0,40,40,post_hoc_two_arm_normative_audit
close,exact_h100,pseudo_regret,2.1887500000000015,1.6124687500000014,2.788781250000002,40,40,post_hoc_two_arm_normative_audit
close,exact_h100,reward,53.75,52.375,55.125,40,40,post_hoc_two_arm_normative_audit
close,finite_ap_index,exact_loss,0.011020947657772496,0.006638127054235745,0.01707274056124901,40,40,post_hoc_two_arm_normative_audit
close,finite_ap_index,optimal_agreement,0.9774999999999998,0.9695,0.9844999999999999,40,40,post_hoc_two_arm_normative_audit
close,finite_ap_index,pseudo_regret,2.3175000000000017,1.6862500000000016,2.9325312500000025,40,40,post_hoc_two_arm_normative_audit
close,finite_ap_index,reward,53.5,52.15,54.85,40,40,post_hoc_two_arm_normative_audit
close,greedy,exact_loss,2.2876572964552038,1.680602147522742,2.9121858907790252,40,40,post_hoc_two_arm_normative_audit
close,greedy,optimal_agreement,0.38649999999999995,0.2985,0.479,40,40,post_hoc_two_arm_normative_audit
close,greedy,pseudo_regret,2.431250000000002,1.7050000000000014,3.172500000000003,40,40,post_hoc_two_arm_normative_audit
close,greedy,reward,53.85,52.325,55.375,40,40,post_hoc_two_arm_normative_audit
close,ids,exact_loss,0.27330815428744826,0.2027695489917437,0.3511194414631641,40,40,post_hoc_two_arm_normative_audit
close,ids,optimal_agreement,0.88975,0.8639937499999999,0.91425,40,40,post_hoc_two_arm_normative_audit
close,ids,pseudo_regret,2.273750000000002,1.7062500000000014,2.8175000000000026,40,40,post_hoc_two_arm_normative_audit
close,ids,reward,53.65,52.225,55.075,40,40,post_hoc_two_arm_normative_audit
close,knowledge_gradient,exact_loss,0.326427705425684,0.21527808785852995,0.44732081031146775,40,40,post_hoc_two_arm_normative_audit
close,knowledge_gradient,optimal_agreement,0.7749999999999999,0.705,0.8399999999999999,40,40,post_hoc_two_arm_normative_audit
close,knowledge_gradient,pseudo_regret,2.2250000000000023,1.5812500000000014,2.8675000000000024,40,40,post_hoc_two_arm_normative_audit
close,knowledge_gradient,reward,53.975,52.575,55.35,40,40,post_hoc_two_arm_normative_audit
close,random,exact_loss,5.385986556280853,4.463752653109262,6.398496461589935,40,40,post_hoc_two_arm_normative_audit
close,random,optimal_agreement,0.5002500000000001,0.4852437499999999,0.5155000000000001,40,40,post_hoc_two_arm_normative_audit
close,random,pseudo_regret,2.533750000000002,2.4550000000000023,2.6137500000000022,40,40,post_hoc_two_arm_normative_audit
close,random,reward,53.425,51.8,55.075,40,40,post_hoc_two_arm_normative_audit
close,ts,exact_loss,1.4492080192088477,1.2825069423632907,1.619142583210416,40,40,post_hoc_two_arm_normative_audit
close,ts,optimal_agreement,0.7775000000000001,0.74299375,0.8134999999999998,40,40,post_hoc_two_arm_normative_audit
close,ts,pseudo_regret,2.205000000000002,1.7912500000000016,2.6250312500000024,40,40,post_hoc_two_arm_normative_audit
close,ts,reward,53.475,52.1,54.9,40,40,post_hoc_two_arm_normative_audit
close,ucb1,exact_loss,2.9450013686268313,2.444355398585772,3.451933460302378,40,40,post_hoc_two_arm_normative_audit
close,ucb1,optimal_agreement,0.6925,0.6725,0.71275,40,40,post_hoc_two_arm_normative_audit
close,ucb1,pseudo_regret,2.1937500000000023,2.010000000000002,2.3787500000000024,40,40,post_hoc_two_arm_normative_audit
close,ucb1,reward,53.85,52.375,55.350624999999994,40,40,post_hoc_two_arm_normative_audit
prior,bayes_direct,exact_loss,0.8623414863446545,0.49759732110020516,1.2634162953656143,40,40,post_hoc_two_arm_normative_audit
prior,bayes_direct,optimal_agreement,0.6792499999999999,0.5700000000000001,0.7860062499999998,40,40,post_hoc_two_arm_normative_audit
prior,bayes_direct,pseudo_regret,3.0021806081994127,1.4631232928156772,4.868556989510476,40,40,post_hoc_two_arm_normative_audit
prior,bayes_direct,reward,62.2,53.599375,70.525,40,40,post_hoc_two_arm_normative_audit
prior,bayes_sample,exact_loss,1.6904895888158713,1.3975040464760609,1.987487775661356,40,40,post_hoc_two_arm_normative_audit
prior,bayes_sample,optimal_agreement,0.85125,0.80525,0.891,40,40,post_hoc_two_arm_normative_audit
prior,bayes_sample,pseudo_regret,4.037941667462329,3.0919793122189123,5.216910423998978,40,40,post_hoc_two_arm_normative_audit
prior,bayes_sample,reward,61.7,53.6,69.625,40,40,post_hoc_two_arm_normative_audit
prior,bayes_ucb,exact_loss,0.3053897377534825,0.19920353781459693,0.4260337331446064,40,40,post_hoc_two_arm_normative_audit
prior,bayes_ucb,optimal_agreement,0.95175,0.933,0.968,40,40,post_hoc_two_arm_normative_audit
prior,bayes_ucb,pseudo_regret,2.3356194017446414,1.4679546903186498,3.5814163059926796,40,40,post_hoc_two_arm_normative_audit
prior,bayes_ucb,reward,63.35,55.125,71.15,40,40,post_hoc_two_arm_normative_audit
prior,counts_direct,exact_loss,1.178025541608865,0.7025539104499852,1.703835291481761,40,40,post_hoc_two_arm_normative_audit
prior,counts_direct,optimal_agreement,0.67025,0.5615,0.77425,40,40,post_hoc_two_arm_normative_audit
prior,counts_direct,pseudo_regret,3.455745877862583,1.6889985806645038,5.612511988254968,40,40,post_hoc_two_arm_normative_audit
prior,counts_direct,reward,62.475,54.349375,70.325,40,40,post_hoc_two_arm_normative_audit
prior,counts_sample,exact_loss,1.9562271377472507,1.6320793017751698,2.2990975737377806,40,40,post_hoc_two_arm_normative_audit
prior,counts_sample,optimal_agreement,0.85225,0.8147500000000001,0.88475,40,40,post_hoc_two_arm_normative_audit
prior,counts_sample,pseudo_regret,4.428522163317682,3.4208014188746616,5.653021448303096,40,40,post_hoc_two_arm_normative_audit
prior,counts_sample,reward,61.7,53.724375,69.5,40,40,post_hoc_two_arm_normative_audit
prior,exact_h100,exact_loss,0.0,0.0,0.0,40,40,post_hoc_two_arm_normative_audit
prior,exact_h100,optimal_agreement,1.0,1.0,1.0,40,40,post_hoc_two_arm_normative_audit
prior,exact_h100,pseudo_regret,2.226698677311797,1.207960092355161,3.6333934560924313,40,40,post_hoc_two_arm_normative_audit
prior,exact_h100,reward,63.525,55.224375,71.575,40,40,post_hoc_two_arm_normative_audit
prior,finite_ap_index,exact_loss,0.003946275104561271,0.0019041373662853978,0.006336045821894159,40,40,post_hoc_two_arm_normative_audit
prior,finite_ap_index,optimal_agreement,0.97625,0.9487500000000001,0.993,40,40,post_hoc_two_arm_normative_audit
prior,finite_ap_index,pseudo_regret,2.2933036611996016,1.259358477298945,3.702558972795071,40,40,post_hoc_two_arm_normative_audit
prior,finite_ap_index,reward,63.475,55.175,71.475,40,40,post_hoc_two_arm_normative_audit
prior,greedy,exact_loss,1.040266256719041,0.569319708834974,1.5658128069821908,40,40,post_hoc_two_arm_normative_audit
prior,greedy,optimal_agreement,0.679,0.56525,0.7900062499999999,40,40,post_hoc_two_arm_normative_audit
prior,greedy,pseudo_regret,3.6489811572607787,1.5331741579293139,6.29223289364024,40,40,post_hoc_two_arm_normative_audit
prior,greedy,reward,61.6,52.8,69.55,40,40,post_hoc_two_arm_normative_audit
prior,ids,exact_loss,0.14360346338224073,0.0834783995552684,0.2114365827201792,40,40,post_hoc_two_arm_normative_audit
prior,ids,optimal_agreement,0.9269999999999999,0.89175,0.958,40,40,post_hoc_two_arm_normative_audit
prior,ids,pseudo_regret,2.2540487747246303,1.2672950799196097,3.6453871250599184,40,40,post_hoc_two_arm_normative_audit
prior,ids,reward,63.625,55.1,71.55062499999998,40,40,post_hoc_two_arm_normative_audit
prior,knowledge_gradient,exact_loss,0.1676240284399535,0.09925960810554627,0.24483999474946735,40,40,post_hoc_two_arm_normative_audit
prior,knowledge_gradient,optimal_agreement,0.89025,0.843,0.93250625,40,40,post_hoc_two_arm_normative_audit
prior,knowledge_gradient,pseudo_regret,2.240379457450317,1.1654637593298467,3.6958258579566423,40,40,post_hoc_two_arm_normative_audit
prior,knowledge_gradient,reward,63.7,55.4,71.65,40,40,post_hoc_two_arm_normative_audit
prior,random,exact_loss,14.982304927064783,11.578910187912989,18.545999169044133,40,40,post_hoc_two_arm_normative_audit
prior,random,optimal_agreement,0.5095,0.49424999999999997,0.52525,40,40,post_hoc_two_arm_normative_audit
prior,random,pseudo_regret,18.20217411980658,14.116823345857368,22.311172791669446,40,40,post_hoc_two_arm_normative_audit
prior,random,reward,48.3,41.75,54.775,40,40,post_hoc_two_arm_normative_audit
prior,ts,exact_loss,0.9970427329492673,0.8394847838167805,1.1596948319574734,40,40,post_hoc_two_arm_normative_audit
prior,ts,optimal_agreement,0.8787499999999999,0.8440000000000001,0.91175,40,40,post_hoc_two_arm_normative_audit
prior,ts,pseudo_regret,3.0929577125368892,2.3160836422958444,4.204964052808538,40,40,post_hoc_two_arm_normative_audit
prior,ts,reward,62.5,54.225,70.65062499999999,40,40,post_hoc_two_arm_normative_audit
prior,ucb1,exact_loss,3.6355894593002547,3.1662298633850328,4.106975780206464,40,40,post_hoc_two_arm_normative_audit
prior,ucb1,optimal_agreement,0.78325,0.7492500000000001,0.8175000000000001,40,40,post_hoc_two_arm_normative_audit
prior,ucb1,pseudo_regret,6.094422620648207,5.35228561239676,6.836562888163202,40,40,post_hoc_two_arm_normative_audit
prior,ucb1,reward,59.95,52.3,67.45,40,40,post_hoc_two_arm_normative_audit
