family,left,right,metric,mean_difference,ci_low,ci_high,n_pairs,n_left,n_right,unit,analysis_role
clear,bayes_direct,exact_h100,pseudo_regret,2.17,-0.08000000000000004,5.18,40,40,40,episode,post_hoc_two_arm_normative_audit
clear,bayes_direct,exact_h100,exact_loss,0.8676521077746541,0.5108551989017037,1.266206494869572,40,40,40,episode,post_hoc_two_arm_normative_audit
clear,bayes_sample,exact_h100,pseudo_regret,2.0799999999999996,1.72975,2.4499999999999997,40,40,40,episode,post_hoc_two_arm_normative_audit
clear,bayes_sample,exact_h100,exact_loss,1.8544736256686065,1.6291449380937344,2.082799114267153,40,40,40,episode,post_hoc_two_arm_normative_audit
clear,bayes_ucb,exact_h100,pseudo_regret,0.79,0.5,1.1199999999999999,40,40,40,episode,post_hoc_two_arm_normative_audit
clear,bayes_ucb,exact_h100,exact_loss,0.3561676461889209,0.24954093191535315,0.47442060078785564,40,40,40,episode,post_hoc_two_arm_normative_audit
clear,counts_direct,exact_h100,pseudo_regret,1.3799999999999997,-0.45,3.9099999999999993,40,40,40,episode,post_hoc_two_arm_normative_audit
clear,counts_direct,exact_h100,exact_loss,1.420068364634314,0.8432368775908455,2.059388150525351,40,40,40,episode,post_hoc_two_arm_normative_audit
clear,counts_sample,exact_h100,pseudo_regret,2.7199999999999998,2.2199999999999998,3.2999999999999994,40,40,40,episode,post_hoc_two_arm_normative_audit
clear,counts_sample,exact_h100,exact_loss,2.2332056582980586,1.9471984075637812,2.5190868686053065,40,40,40,episode,post_hoc_two_arm_normative_audit
clear,finite_ap_index,exact_h100,pseudo_regret,-0.01999999999999999,-0.06999999999999998,0.04000000000000001,40,40,40,episode,post_hoc_two_arm_normative_audit
clear,finite_ap_index,exact_h100,exact_loss,0.0038220903339536427,0.0017837266852416822,0.00625003270018553,40,40,40,episode,post_hoc_two_arm_normative_audit
clear,greedy,exact_h100,pseudo_regret,1.8700000000000003,-0.16999999999999998,4.530249999999996,40,40,40,episode,post_hoc_two_arm_normative_audit
clear,greedy,exact_h100,exact_loss,1.033150677118395,0.6461177737731492,1.4583242109713062,40,40,40,episode,post_hoc_two_arm_normative_audit
clear,ids,exact_h100,pseudo_regret,0.32999999999999996,0.07999999999999999,0.6,40,40,40,episode,post_hoc_two_arm_normative_audit
clear,ids,exact_h100,exact_loss,0.2618817889270715,0.1898699592180645,0.33973517396914166,40,40,40,episode,post_hoc_two_arm_normative_audit
clear,knowledge_gradient,exact_h100,pseudo_regret,-0.26999999999999996,-0.47000000000000003,-0.09999999999999998,40,40,40,episode,post_hoc_two_arm_normative_audit
clear,knowledge_gradient,exact_h100,exact_loss,0.43928250493003773,0.221882320452209,0.6977882905807354,40,40,40,episode,post_hoc_two_arm_normative_audit
clear,random,exact_h100,pseudo_regret,18.859999999999996,18.080000000000002,19.669999999999998,40,40,40,episode,post_hoc_two_arm_normative_audit
clear,random,exact_h100,exact_loss,18.246630671329548,16.594972650443975,19.923880824183346,40,40,40,episode,post_hoc_two_arm_normative_audit
clear,ts,exact_h100,pseudo_regret,1.8699999999999997,1.41,2.34,40,40,40,episode,post_hoc_two_arm_normative_audit
clear,ts,exact_h100,exact_loss,1.2219951778109854,1.0086100120841222,1.4447254575545878,40,40,40,episode,post_hoc_two_arm_normative_audit
clear,ucb1,exact_h100,pseudo_regret,6.119999999999999,5.569999999999999,6.6899999999999995,40,40,40,episode,post_hoc_two_arm_normative_audit
clear,ucb1,exact_h100,exact_loss,5.024085966449971,4.583313641504971,5.448466931587504,40,40,40,episode,post_hoc_two_arm_normative_audit
close,bayes_direct,exact_h100,pseudo_regret,0.2712500000000004,-0.2650000000000001,0.8100312500000004,40,40,40,episode,post_hoc_two_arm_normative_audit
close,bayes_direct,exact_h100,exact_loss,2.062380671560722,1.587449680744926,2.595953632693247,40,40,40,episode,post_hoc_two_arm_normative_audit
close,bayes_sample,exact_h100,pseudo_regret,0.04250000000000007,-0.33878125000000026,0.39003125,40,40,40,episode,post_hoc_two_arm_normative_audit
close,bayes_sample,exact_h100,exact_loss,1.4660961885813066,1.261415101218219,1.6872640477201255,40,40,40,episode,post_hoc_two_arm_normative_audit
close,bayes_ucb,exact_h100,pseudo_regret,1.6653345369377347e-17,-0.31875000000000026,0.3100000000000003,40,40,40,episode,post_hoc_two_arm_normative_audit
close,bayes_ucb,exact_h100,exact_loss,0.41537396067592774,0.2697364599292196,0.5843304072907134,40,40,40,episode,post_hoc_two_arm_normative_audit
close,counts_direct,exact_h100,pseudo_regret,0.3425000000000004,-0.2687500000000001,0.9525000000000009,40,40,40,episode,post_hoc_two_arm_normative_audit
close,counts_direct,exact_h100,exact_loss,4.121424241829016,3.1016777890209735,5.170412876903966,40,40,40,episode,post_hoc_two_arm_normative_audit
close,counts_sample,exact_h100,pseudo_regret,0.10875000000000012,-0.21250000000000013,0.4150312499999999,40,40,40,episode,post_hoc_two_arm_normative_audit
close,counts_sample,exact_h100,exact_loss,1.5693047940628986,1.3490304994621514,1.8011534741036859,40,40,40,episode,post_hoc_two_arm_normative_audit
close,finite_ap_index,exact_h100,pseudo_regret,0.12875000000000014,-0.013750000000000012,0.3375000000000003,40,40,40,episode,post_hoc_two_arm_normative_audit
close,finite_ap_index,exact_h100,exact_loss,0.011020947657772496,0.0065288681767138946,0.017132555451336712,40,40,40,episode,post_hoc_two_arm_normative_audit
close,greedy,exact_h100,pseudo_regret,0.24250000000000038,-0.26500000000000007,0.7637500000000008,40,40,40,episode,post_hoc_two_arm_normative_audit
close,greedy,exact_h100,exact_loss,2.2876572964552038,1.702949048734573,2.925121436679257,40,40,40,episode,post_hoc_two_arm_normative_audit
close,ids,exact_h100,pseudo_regret,0.08500000000000012,-0.02124999999999988,0.21250000000000022,40,40,40,episode,post_hoc_two_arm_normative_audit
close,ids,exact_h100,exact_loss,0.27330815428744826,0.20408156084111068,0.34945563363512167,40,40,40,episode,post_hoc_two_arm_normative_audit
close,knowledge_gradient,exact_h100,pseudo_regret,0.03625000000000006,-0.2500000000000002,0.32250000000000023,40,40,40,episode,post_hoc_two_arm_normative_audit
close,knowledge_gradient,exact_h100,exact_loss,0.326427705425684,0.2169994497335689,0.4511582215247762,40,40,40,episode,post_hoc_two_arm_normative_audit
close,random,exact_h100,pseudo_regret,0.34500000000000036,-0.27250000000000013,0.9375937499999996,40,40,40,episode,post_hoc_two_arm_normative_audit
close,random,exact_h100,exact_loss,5.385986556280853,4.4273673878894,6.417481939246605,40,40,40,episode,post_hoc_two_arm_normative_audit
close,ts,exact_h100,pseudo_regret,0.016250000000000063,-0.2862500000000002,0.3150000000000003,40,40,40,episode,post_hoc_two_arm_normative_audit
close,ts,exact_h100,exact_loss,1.4492080192088477,1.2852990338852515,1.6201162264971185,40,40,40,episode,post_hoc_two_arm_normative_audit
close,ucb1,exact_h100,pseudo_regret,0.0050000000000000825,-0.5125000000000004,0.5225312500000001,40,40,40,episode,post_hoc_two_arm_normative_audit
close,ucb1,exact_h100,exact_loss,2.9450013686268313,2.4548294080609225,3.4525181200701676,40,40,40,episode,post_hoc_two_arm_normative_audit
prior,bayes_direct,exact_h100,pseudo_regret,0.7754819308876153,-0.20821720315836875,2.005033436828448,40,40,40,episode,post_hoc_two_arm_normative_audit
prior,bayes_direct,exact_h100,exact_loss,0.8623414863446545,0.5030634402264106,1.2614805772764608,40,40,40,episode,post_hoc_two_arm_normative_audit
prior,bayes_sample,exact_h100,pseudo_regret,1.8112429901505311,1.2743858465708833,2.3678632763215974,40,40,40,episode,post_hoc_two_arm_normative_audit
prior,bayes_sample,exact_h100,exact_loss,1.6904895888158713,1.4082369255749316,1.9815795661965148,40,40,40,episode,post_hoc_two_arm_normative_audit
prior,bayes_ucb,exact_h100,pseudo_regret,0.10892072443284442,-0.4576364988016623,0.6267992916154501,40,40,40,episode,post_hoc_two_arm_normative_audit
prior,bayes_ucb,exact_h100,exact_loss,0.3053897377534825,0.19688870260259883,0.4271180562268896,40,40,40,episode,post_hoc_two_arm_normative_audit
prior,counts_direct,exact_h100,pseudo_regret,1.2290472005507858,-0.08275912563310481,2.9666399633331673,40,40,40,episode,post_hoc_two_arm_normative_audit
prior,counts_direct,exact_h100,exact_loss,1.178025541608865,0.712025366266463,1.7027787776604957,40,40,40,episode,post_hoc_two_arm_normative_audit
prior,counts_sample,exact_h100,pseudo_regret,2.2018234860058845,1.5867761711662112,2.845727194488468,40,40,40,episode,post_hoc_two_arm_normative_audit
prior,counts_sample,exact_h100,exact_loss,1.9562271377472507,1.631252414309795,2.29716222298417,40,40,40,episode,post_hoc_two_arm_normative_audit
prior,finite_ap_index,exact_h100,pseudo_regret,0.06660498388780431,-0.013269547587863063,0.15797946413665565,40,40,40,episode,post_hoc_two_arm_normative_audit
prior,finite_ap_index,exact_h100,exact_loss,0.003946275104561271,0.0019139886025287898,0.006327673355666932,40,40,40,episode,post_hoc_two_arm_normative_audit
prior,greedy,exact_h100,pseudo_regret,1.4222824799489815,-0.22027809403811618,3.781980315328042,40,40,40,episode,post_hoc_two_arm_normative_audit
prior,greedy,exact_h100,exact_loss,1.040266256719041,0.5704722065274808,1.5682778223805258,40,40,40,episode,post_hoc_two_arm_normative_audit
prior,ids,exact_h100,pseudo_regret,0.02735009741283283,-0.10724989151583042,0.15402308872284512,40,40,40,episode,post_hoc_two_arm_normative_audit
prior,ids,exact_h100,exact_loss,0.14360346338224073,0.08386905748528005,0.21372338157126206,40,40,40,episode,post_hoc_two_arm_normative_audit
prior,knowledge_gradient,exact_h100,pseudo_regret,0.013680780138519932,-0.14788588397867952,0.17912046485818872,40,40,40,episode,post_hoc_two_arm_normative_audit
prior,knowledge_gradient,exact_h100,exact_loss,0.1676240284399535,0.09985461157302437,0.24232633046303612,40,40,40,episode,post_hoc_two_arm_normative_audit
prior,random,exact_h100,pseudo_regret,15.975475442494783,11.492927302107754,20.658389064191862,40,40,40,episode,post_hoc_two_arm_normative_audit
prior,random,exact_h100,exact_loss,14.982304927064783,11.544006092668852,18.511010295889683,40,40,40,episode,post_hoc_two_arm_normative_audit
prior,ts,exact_h100,pseudo_regret,0.8662590352250923,0.2908069920749445,1.3737917416049825,40,40,40,episode,post_hoc_two_arm_normative_audit
prior,ts,exact_h100,exact_loss,0.9970427329492673,0.8406142990280006,1.1588114402510663,40,40,40,episode,post_hoc_two_arm_normative_audit
prior,ucb1,exact_h100,pseudo_regret,3.86772394333641,2.5488978205050263,5.025046851239272,40,40,40,episode,post_hoc_two_arm_normative_audit
prior,ucb1,exact_h100,exact_loss,3.6355894593002547,3.1729476864918116,4.104582168684428,40,40,40,episode,post_hoc_two_arm_normative_audit
