target,k,representation,metric,mean,ci_low,ci_high,n_fixtures
best_arm,2,bayes,raw_excess_brier,0.07456073122663816,0.05702778705840905,0.09356875101635723,100
best_arm,2,bayes,repeat_variability,0.00016399999999999997,7.499999999999994e-05,0.000287,100
best_arm,2,bayes,cross_repeat_error_product,0.07439673122663815,0.0568598667039589,0.09335558045041098,100
best_arm,2,counts,raw_excess_brier,0.07091543717448427,0.0533484785508569,0.0898010382326778,100
best_arm,2,counts,repeat_variability,0.0005180000000000001,0.00023900000000000004,0.0008610000000000002,100
best_arm,2,counts,cross_repeat_error_product,0.07039743717448427,0.052861420741565995,0.08931422671824686,100
best_arm,2,means,raw_excess_brier,0.08702075084907503,0.06671996945820463,0.10914904239872406,100
best_arm,2,means,repeat_variability,9.300000000000007e-05,3.100000000000002e-05,0.00017400000000000008,100
best_arm,2,means,cross_repeat_error_product,0.08692775084907504,0.06662311936019254,0.10906226652075526,100
best_arm,3,bayes,raw_excess_brier,0.11948541971346863,0.09432028747095567,0.1463457412340433,100
best_arm,3,bayes,repeat_variability,0.0005329999999999999,0.00026499999999999983,0.0008779999999999992,100
best_arm,3,bayes,cross_repeat_error_product,0.11895241971346861,0.09374839849595765,0.1458113637559348,100
best_arm,3,counts,raw_excess_brier,0.14221421703134127,0.11312356535893076,0.1737360267578798,100
best_arm,3,counts,repeat_variability,0.0012380000000000002,0.0006970000000000002,0.0018990499999999998,100
best_arm,3,counts,cross_repeat_error_product,0.14097621703134125,0.11195142514245351,0.17249290614550078,100
best_arm,3,means,raw_excess_brier,0.13058515926078598,0.10468208723141934,0.15770041058832998,100
best_arm,3,means,repeat_variability,0.000575,0.00025597499999999987,0.0009749999999999998,100
best_arm,3,means,cross_repeat_error_product,0.13001015926078596,0.10407473366145367,0.15722324139102506,100
best_arm,5,bayes,raw_excess_brier,0.22582580863722032,0.19436467383560876,0.25805641687698727,100
best_arm,5,bayes,repeat_variability,0.0005369960208142028,0.0002496859759208244,0.0009520205999387822,100
best_arm,5,bayes,cross_repeat_error_product,0.2252888126164061,0.19387008930667854,0.2574940871684071,100
best_arm,5,counts,raw_excess_brier,0.2071431060780065,0.1730450708368972,0.2418302779787319,100
best_arm,5,counts,repeat_variability,0.001564897459442914,0.0007808974594429143,0.002535900022956842,100
best_arm,5,counts,cross_repeat_error_product,0.2055782086185636,0.1713298238289431,0.2402610894500793,100
best_arm,5,means,raw_excess_brier,0.23293523273798353,0.2014057725580425,0.2654892429207011,100
best_arm,5,means,repeat_variability,0.00044000000000000007,0.00016500000000000008,0.0008520249999999997,100
best_arm,5,means,cross_repeat_error_product,0.2324952327379835,0.2010083393604281,0.26509663579123727,100
best_arm,10,bayes,raw_excess_brier,0.33187834552994727,0.29320972059685857,0.37248336718371455,100
best_arm,10,bayes,repeat_variability,0.000447872359963269,0.00023686124375063767,0.0006959790429548002,100
best_arm,10,bayes,cross_repeat_error_product,0.331430473169984,0.292738539622972,0.3721212313362041,100
best_arm,10,counts,raw_excess_brier,0.27034014626362796,0.23279056314431318,0.31087087439198696,100
best_arm,10,counts,repeat_variability,0.001639155800428527,0.001089935014284256,0.002278062072747678,100
best_arm,10,counts,cross_repeat_error_product,0.2687009904631994,0.23115605561132152,0.30923023855681603,100
best_arm,10,means,raw_excess_brier,0.33376109856095754,0.2937982240048616,0.375699210717759,100
best_arm,10,means,repeat_variability,0.0005356969696969701,0.0002443045582083466,0.0009022863228242019,100
best_arm,10,means,cross_repeat_error_product,0.3332254015912606,0.2933231163429142,0.37528631511433475,100
best_arm,15,bayes,raw_excess_brier,0.4029765034102597,0.35957768975391985,0.44839015386154746,100
best_arm,15,bayes,repeat_variability,0.00033444872972145703,0.0001878861111111109,0.0005202636440159171,100
best_arm,15,bayes,cross_repeat_error_product,0.40264205468053826,0.35923814406025023,0.44809186034483695,100
best_arm,15,counts,raw_excess_brier,0.2862971981293758,0.24694052544176096,0.3289780046742532,100
best_arm,15,counts,repeat_variability,0.001530432608917458,0.0009783958448117544,0.002213966789103153,100
best_arm,15,counts,cross_repeat_error_product,0.28476676552045843,0.24531341119395628,0.32755907133721285,100
best_arm,15,means,raw_excess_brier,0.382558648052277,0.3391038305395203,0.42888237840488436,100
best_arm,15,means,repeat_variability,0.000711287419651056,0.0003221868941944699,0.0011925871416182021,100
best_arm,15,means,cross_repeat_error_product,0.381847360632626,0.3382692240163223,0.4282259041461274,100
next_reward,2,bayes,raw_excess_brier,0.0022566033432656796,0.0019621391315754935,0.0025624998222016034,100
next_reward,2,bayes,repeat_variability,7.000000000000085e-05,5.7500000000000944e-05,8.300000000000111e-05,100
next_reward,2,bayes,cross_repeat_error_product,0.002186603343265679,0.001890705720001501,0.0024938416432413115,100
next_reward,2,counts,raw_excess_brier,0.00416364013980247,0.0032027789509192044,0.005222678495296185,100
next_reward,2,counts,repeat_variability,0.00011750000000000006,9.599999999999998e-05,0.0001405000000000005,100
next_reward,2,counts,cross_repeat_error_product,0.00404614013980247,0.003088425403384486,0.005103080057064133,100
next_reward,2,means,raw_excess_brier,0.0029468544255167707,0.0025731625559865918,0.003332378882751447,100
next_reward,2,means,repeat_variability,5.900000000000033e-05,4.650000000000038e-05,7.250000000000083e-05,100
next_reward,2,means,cross_repeat_error_product,0.00288785442551677,0.0025111682225783,0.0032761506666854055,100
next_reward,3,bayes,raw_excess_brier,0.002340150278293135,0.002100417814508724,0.0026032908955042106,100
next_reward,3,bayes,repeat_variability,6.700000000000022e-05,5.6666666666666915e-05,7.799999999999982e-05,100
next_reward,3,bayes,cross_repeat_error_product,0.002273150278293135,0.002036226936651613,0.002534784181018594,100
next_reward,3,counts,raw_excess_brier,0.004706916512059367,0.003980500879856075,0.005470544912795236,100
next_reward,3,counts,repeat_variability,0.00011866666666666751,9.366666666666682e-05,0.00014566666666666732,100
next_reward,3,counts,cross_repeat_error_product,0.0045882498453927,0.003866600729933846,0.005347994121799309,100
next_reward,3,means,raw_excess_brier,0.003223832817975683,0.002900480704072267,0.0035880552549302645,100
next_reward,3,means,repeat_variability,6.70000000000011e-05,5.7000000000000925e-05,7.800000000000123e-05,100
next_reward,3,means,cross_repeat_error_product,0.003156832817975682,0.002834801912445431,0.0035215119525496196,100
next_reward,5,bayes,raw_excess_brier,0.0022857976799535266,0.002112609004047904,0.0024593319647307978,100
next_reward,5,bayes,repeat_variability,6.760000000000083e-05,5.9000000000000824e-05,7.640000000000098e-05,100
next_reward,5,bayes,cross_repeat_error_product,0.0022181976799535257,0.0020461472742264977,0.0023911519066359362,100
next_reward,5,counts,raw_excess_brier,0.005130371705927551,0.00450594733869305,0.0057646910630422986,100
next_reward,5,counts,repeat_variability,0.00014060000000000035,0.00011940000000000053,0.00016199999999999998,100
next_reward,5,counts,cross_repeat_error_product,0.00498977170592755,0.004371019281122917,0.005622805427184645,100
next_reward,5,means,raw_excess_brier,0.002983553524109375,0.0027700528262214045,0.0031993772974644496,100
next_reward,5,means,repeat_variability,7.200000000000144e-05,6.360000000000144e-05,8.080000000000129e-05,100
next_reward,5,means,cross_repeat_error_product,0.002911553524109374,0.0026987013989617937,0.003127792838402584,100
next_reward,10,bayes,raw_excess_brier,0.00216000543280673,0.002038169133964881,0.0022880082014486236,100
next_reward,10,bayes,repeat_variability,6.470000000000027e-05,5.930000000000019e-05,7.040000000000033e-05,100
next_reward,10,bayes,cross_repeat_error_product,0.0020953054328067306,0.001973505828507712,0.0022231305960345553,100
next_reward,10,counts,raw_excess_brier,0.004675967337568633,0.004189440700417905,0.0051635895264800094,100
next_reward,10,counts,repeat_variability,0.00013270000000000052,0.00011720000000000067,0.00014930000000000043,100
next_reward,10,counts,cross_repeat_error_product,0.004543267337568633,0.004060009422612018,0.005025132317797641,100
next_reward,10,means,raw_excess_brier,0.0028824599782612793,0.0027257758295384303,0.003045995615571299,100
next_reward,10,means,repeat_variability,6.850000000000108e-05,6.210000000000097e-05,7.520000000000118e-05,100
next_reward,10,means,cross_repeat_error_product,0.0028139599782612784,0.002657318168231483,0.0029765812803358286,100
next_reward,15,bayes,raw_excess_brier,0.002238035377897713,0.002142813479913543,0.0023355817841369747,100
next_reward,15,bayes,repeat_variability,6.473333333333349e-05,6.0800000000000055e-05,6.88666666666669e-05,100
next_reward,15,bayes,cross_repeat_error_product,0.0021733020445643793,0.002078113568273955,0.0022711589468588137,100
next_reward,15,counts,raw_excess_brier,0.0049891150315773646,0.004565472775122896,0.005440899873378182,100
next_reward,15,counts,repeat_variability,0.00012026666666666719,0.00010940000000000054,0.00013193333333333387,100
next_reward,15,counts,cross_repeat_error_product,0.004868848364910697,0.004449173491251406,0.0053154619564226005,100
next_reward,15,means,raw_excess_brier,0.0028667407170030555,0.002751390543561778,0.0029838270895098163,100
next_reward,15,means,repeat_variability,6.68666666666676e-05,6.220000000000074e-05,7.180000000000097e-05,100
next_reward,15,means,cross_repeat_error_product,0.002799874050336389,0.002683511228800061,0.002917862339348963,100
