target,k,left,right,metric,mean_difference,ci_low,ci_high,n_pairs,n_left,n_right,unit
best_arm,2,means,counts,excess_brier,0.016105313674590817,0.003298226080523262,0.0304620794409155,100,100,100,episode
best_arm,2,means,counts,excess_log_loss,0.14025421211511635,0.07276325900729233,0.21034548213145493,100,100,100,episode
best_arm,2,means,counts,max_absolute_error,0.0175998362677391,0.0030346924931420037,0.033682475499777306,100,100,100,episode
best_arm,2,bayes,counts,excess_brier,0.003645294052153917,-0.008786323645752672,0.016414047936382965,100,100,100,episode
best_arm,2,bayes,counts,excess_log_loss,0.006963677324430706,-0.10277635069482803,0.10959732051078463,100,100,100,episode
best_arm,2,bayes,counts,max_absolute_error,0.005803682421585254,-0.008724762748973092,0.02069623284537287,100,100,100,episode
best_arm,2,bayes,means,excess_brier,-0.0124600196224369,-0.019431358520363894,-0.006522555326091874,100,100,100,episode
best_arm,2,bayes,means,excess_log_loss,-0.13329053479068562,-0.24762639923446822,-0.030471307384955612,100,100,100,episode
best_arm,2,bayes,means,max_absolute_error,-0.011796153846153847,-0.0205385576923077,-0.004350000000000001,100,100,100,episode
best_arm,3,means,counts,excess_brier,-0.01162905777055525,-0.038660817246484645,0.013461412514358315,100,100,100,episode
best_arm,3,means,counts,excess_log_loss,0.29481949277689856,0.11513300391234277,0.485110924107794,100,100,100,episode
best_arm,3,means,counts,max_absolute_error,-0.004992998530398018,-0.030235606657687125,0.01980389721190305,100,100,100,episode
best_arm,3,bayes,counts,excess_brier,-0.022728797317872612,-0.051463509624166376,0.004318938499212749,100,100,100,episode
best_arm,3,bayes,counts,excess_log_loss,0.13624274392964064,-0.028421271844626752,0.3125055325354859,100,100,100,episode
best_arm,3,bayes,counts,max_absolute_error,-0.021117884378813567,-0.04857067164211453,0.005433283525520318,100,100,100,episode
best_arm,3,bayes,means,excess_brier,-0.01109973954731736,-0.02080019168318741,-0.001890075076402692,100,100,100,episode
best_arm,3,bayes,means,excess_log_loss,-0.15857674884725792,-0.3148983507472719,-0.0051312690155004914,100,100,100,episode
best_arm,3,bayes,means,max_absolute_error,-0.016124885848415545,-0.027009642900207693,-0.0062103312060859655,100,100,100,episode
best_arm,5,means,counts,excess_brier,0.025792126659976978,-0.0023147323257404436,0.05284534789859142,100,100,100,episode
best_arm,5,means,counts,excess_log_loss,0.8630222127568429,0.6482285106393822,1.0851092337410113,100,100,100,episode
best_arm,5,means,counts,max_absolute_error,0.03019008431336507,0.003850612757552139,0.055577596900629994,100,100,100,episode
best_arm,5,bayes,counts,excess_brier,0.0186827025592138,-0.00769343476348452,0.044060640917552026,100,100,100,episode
best_arm,5,bayes,counts,excess_log_loss,0.674511206992635,0.45997990267305694,0.8901298556912088,100,100,100,episode
best_arm,5,bayes,counts,max_absolute_error,0.021226364055601094,-0.0031527445263674378,0.04516231718970357,100,100,100,episode
best_arm,5,bayes,means,excess_brier,-0.007109424100763175,-0.019407395397106484,0.005992994554061142,100,100,100,episode
best_arm,5,bayes,means,excess_log_loss,-0.18851100576420776,-0.3705132294129344,-0.008118355195682155,100,100,100,episode
best_arm,5,bayes,means,max_absolute_error,-0.008963720257763973,-0.022893421847187154,0.005735938972208694,100,100,100,episode
best_arm,10,means,counts,excess_brier,0.06342095229732957,0.02732317147362776,0.09891545318288292,100,100,100,episode
best_arm,10,means,counts,excess_log_loss,1.257111874085677,0.9725766826468899,1.5610365737435181,100,100,100,episode
best_arm,10,means,counts,max_absolute_error,0.06342850689433818,0.033196268679902115,0.09312239678193386,100,100,100,episode
best_arm,10,bayes,counts,excess_brier,0.061538199266319295,0.024987134811482577,0.09691968543199027,100,100,100,episode
best_arm,10,bayes,counts,excess_log_loss,1.2701148640409128,0.9519031327043115,1.5972719572668754,100,100,100,episode
best_arm,10,bayes,counts,max_absolute_error,0.059620164611072723,0.029381435226608577,0.08854102264044697,100,100,100,episode
best_arm,10,bayes,means,excess_brier,-0.001882753031010263,-0.015987624625621595,0.013179286169906523,100,100,100,episode
best_arm,10,bayes,means,excess_log_loss,0.013002989955235751,-0.17727854358010264,0.21448058055184652,100,100,100,episode
best_arm,10,bayes,means,max_absolute_error,-0.003808342283265459,-0.01845264464522216,0.010913065015029588,100,100,100,episode
best_arm,15,means,counts,excess_brier,0.09626144992290117,0.06188152632622702,0.12702600859883906,100,100,100,episode
best_arm,15,means,counts,excess_log_loss,1.5811763941362025,1.2941194259838886,1.9014080513327154,100,100,100,episode
best_arm,15,means,counts,max_absolute_error,0.09477260274790753,0.06307585692897114,0.12427891155960628,100,100,100,episode
best_arm,15,bayes,counts,excess_brier,0.11667930528088379,0.08257299066289152,0.14838912058560016,100,100,100,episode
best_arm,15,bayes,counts,excess_log_loss,1.8600665375147096,1.5463251276545595,2.198379645616085,100,100,100,episode
best_arm,15,bayes,counts,max_absolute_error,0.11458813027668628,0.08441232779454498,0.14398035492402517,100,100,100,episode
best_arm,15,bayes,means,excess_brier,0.020417855357982625,0.010350224414961496,0.031196836606882477,100,100,100,episode
best_arm,15,bayes,means,excess_log_loss,0.278890143378507,0.1264026085586856,0.4410887111679148,100,100,100,episode
best_arm,15,bayes,means,max_absolute_error,0.019815527528778718,0.009318735006271032,0.03164437616992248,100,100,100,episode
next_reward,2,means,counts,excess_brier,-0.0012167857142857117,-0.002228110930735928,-0.0002667275974025959,100,100,100,episode
next_reward,2,means,counts,excess_log_loss,-0.0018280063683675455,-0.0031089340264560993,-0.000620690748984622,100,100,100,episode
next_reward,2,means,counts,max_absolute_error,-0.000459632034632023,-0.005035995670995658,0.004002819264069273,100,100,100,episode
next_reward,2,bayes,counts,excess_brier,-0.0019070367965367946,-0.002903318127705625,-0.0010035924242424224,100,100,100,episode
next_reward,2,bayes,counts,excess_log_loss,-0.0027069233781970748,-0.003993252350030236,-0.0015207572634718645,100,100,100,episode
next_reward,2,bayes,counts,max_absolute_error,-0.004416774891774876,-0.008741314935064916,-0.00027056277056275706,100,100,100,episode
next_reward,2,bayes,means,excess_brier,-0.0006902510822510827,-0.0008498469696969702,-0.0005373993506493511,100,100,100,episode
next_reward,2,bayes,means,excess_log_loss,-0.0008789170098295296,-0.0010944490479880878,-0.000673844936279514,100,100,100,episode
next_reward,2,bayes,means,max_absolute_error,-0.003957142857142853,-0.005029061147186141,-0.002893360389610389,100,100,100,episode
next_reward,3,means,counts,excess_brier,-0.001483083694083692,-0.002257459884559882,-0.0007383655844155827,100,100,100,episode
next_reward,3,means,counts,excess_log_loss,-0.0023173631261153944,-0.0032985294713164426,-0.001367463097296776,100,100,100,episode
next_reward,3,means,counts,max_absolute_error,-0.000789393939393932,-0.0043221933621933545,0.002743252164502177,100,100,100,episode
next_reward,3,bayes,counts,excess_brier,-0.0023667662337662327,-0.003086640115440114,-0.0016870776334776325,100,100,100,episode
next_reward,3,bayes,counts,excess_log_loss,-0.0034198441622319735,-0.004338296342223804,-0.002535709361482169,100,100,100,episode
next_reward,3,bayes,counts,max_absolute_error,-0.00615014430014429,-0.009360070346320335,-0.003031760461760452,100,100,100,episode
next_reward,3,bayes,means,excess_brier,-0.0008836825396825405,-0.0010549783549783562,-0.0007253758658008664,100,100,100,episode
next_reward,3,bayes,means,excess_log_loss,-0.001102481036116579,-0.0013314186124628218,-0.0008846402337345227,100,100,100,episode
next_reward,3,bayes,means,max_absolute_error,-0.005360750360750356,-0.006384383116883113,-0.004342121212121207,100,100,100,episode
next_reward,5,means,counts,excess_brier,-0.00214681818181818,-0.0027854472943722925,-0.0015224927272727258,100,100,100,episode
next_reward,5,means,counts,excess_log_loss,-0.0029634353818205955,-0.0037414006931460225,-0.0021976821552114516,100,100,100,episode
next_reward,5,means,counts,max_absolute_error,-0.002455974025974017,-0.005180784632034623,0.00025916883116883915,100,100,100,episode
next_reward,5,bayes,counts,excess_brier,-0.002844574025974025,-0.003476677878787877,-0.002239919761904761,100,100,100,episode
next_reward,5,bayes,counts,excess_log_loss,-0.003803765922826138,-0.004570220114596984,-0.0030502263949790734,100,100,100,episode
next_reward,5,bayes,counts,max_absolute_error,-0.007186536796536786,-0.009766541125541116,-0.0046126093073593,100,100,100,episode
next_reward,5,bayes,means,excess_brier,-0.0006977558441558444,-0.0008003245670995673,-0.0005956388528138534,100,100,100,episode
next_reward,5,bayes,means,excess_log_loss,-0.0008403305410055421,-0.0009806242755096594,-0.0007026653145248846,100,100,100,episode
next_reward,5,bayes,means,max_absolute_error,-0.004730562770562769,-0.005370139610389607,-0.004087219696969697,100,100,100,episode
next_reward,10,means,counts,excess_brier,-0.0017935073593073575,-0.002285278701298699,-0.0013103203463203444,100,100,100,episode
next_reward,10,means,counts,excess_log_loss,-0.002341876697902352,-0.002927097687891,-0.0017581446442773317,100,100,100,episode
next_reward,10,means,counts,max_absolute_error,-0.000508917748917741,-0.0026801699134199053,0.0016323961038961115,100,100,100,episode
next_reward,10,bayes,counts,excess_brier,-0.0025159619047619036,-0.0029961237987012968,-0.0020465719372294356,100,100,100,episode
next_reward,10,bayes,counts,excess_log_loss,-0.0032330665894604277,-0.0038065578346767113,-0.002659678966057411,100,100,100,episode
next_reward,10,bayes,counts,max_absolute_error,-0.005055800865800855,-0.007105713744588731,-0.0030246277056276936,100,100,100,episode
next_reward,10,bayes,means,excess_brier,-0.0007224545454545459,-0.0008019355844155845,-0.0006449992965367968,100,100,100,episode
next_reward,10,bayes,means,excess_log_loss,-0.0008911898915580763,-0.000994530033644983,-0.0007891978183205121,100,100,100,episode
next_reward,10,bayes,means,max_absolute_error,-0.004546883116883115,-0.005091952922077918,-0.004009630411255409,100,100,100,episode
next_reward,15,means,counts,excess_brier,-0.002122374314574312,-0.002532875649350646,-0.0017274823160173143,100,100,100,episode
next_reward,15,means,counts,excess_log_loss,-0.0028037457240351043,-0.0033075982160563474,-0.0023170857389627117,100,100,100,episode
next_reward,15,means,counts,max_absolute_error,-0.0021216594516594426,-0.0037524375901875815,-0.0005035501443001374,100,100,100,episode
next_reward,15,bayes,counts,excess_brier,-0.002751079653679652,-0.003152974163059161,-0.0023667607864357844,100,100,100,episode
next_reward,15,bayes,counts,excess_log_loss,-0.003569026393618764,-0.004070080024327629,-0.003099809951114203,100,100,100,episode
next_reward,15,bayes,counts,max_absolute_error,-0.006036147186147174,-0.007562884199134187,-0.004538752886002875,100,100,100,episode
next_reward,15,bayes,means,excess_brier,-0.0006287053391053396,-0.0006838226623376627,-0.0005746415873015875,100,100,100,episode
next_reward,15,bayes,means,excess_log_loss,-0.0007652806695836613,-0.0008405048342995109,-0.0006931028533254337,100,100,100,episode
next_reward,15,bayes,means,max_absolute_error,-0.003914487734487732,-0.004302502886002882,-0.0035271017316017292,100,100,100,episode
