experiment,family,k,horizon,policy,phase,metric,mean,ci_low,ci_high,n_episodes,n_recorded_turns,analysis_role
e3_exact_online,prior,2,20,bayes_direct,early,posterior_mean_greedy,1.0,1.0,1.0,200,800,post_hoc_behavioral
e3_exact_online,prior,2,20,bayes_direct,early,strict_non_greedy,0.0,0.0,0.0,200,800,post_hoc_behavioral
e3_exact_online,prior,2,20,bayes_direct,early,unseen_arm,0.4175,0.40125,0.43375,200,800,post_hoc_behavioral
e3_exact_online,prior,2,20,bayes_direct,early,lower_mean_higher_sd,0.0,0.0,0.0,200,800,post_hoc_behavioral
e3_exact_online,prior,2,20,bayes_direct,early,equal_mean_higher_sd,0.045,0.0325,0.05875,200,800,post_hoc_behavioral
e3_exact_online,prior,2,20,bayes_direct,early,unequal_sd_greedy_tie_available,0.045,0.0325,0.05875,200,800,post_hoc_behavioral
e3_exact_online,prior,2,20,bayes_direct,early,posterior_mean_deficit,0.0,0.0,0.0,200,800,post_hoc_behavioral
e3_exact_online,prior,2,20,bayes_direct,early,chosen_posterior_sd,0.2467880714286688,0.24441661634121675,0.24913401624433795,200,800,post_hoc_behavioral
e3_exact_online,prior,2,20,bayes_direct,early,bayes_ucb_agreement,1.0,1.0,1.0,200,800,post_hoc_behavioral
e3_exact_online,prior,2,20,bayes_direct,early,knowledge_gradient_agreement,0.935,0.92,0.95,200,800,post_hoc_behavioral
e3_exact_online,prior,2,20,bayes_direct,early,bayes_ucb_top_set_size,1.30875,1.295,1.32375,200,800,post_hoc_behavioral
e3_exact_online,prior,2,20,bayes_direct,early,knowledge_gradient_top_set_size,1.30875,1.295,1.32375,200,800,post_hoc_behavioral
e3_exact_online,prior,2,20,bayes_direct,early,exact_loss,0.0008731733006298836,0.0005405358527708804,0.0012473904294712623,200,800,post_hoc_behavioral
e3_exact_online,prior,2,20,bayes_direct,early,strict_exploration_required,0.02625,0.01625,0.0375,200,800,post_hoc_behavioral
e3_exact_online,prior,2,20,bayes_direct,early,useful_non_greedy,0.0,0.0,0.0,200,800,post_hoc_behavioral
e3_exact_online,prior,2,20,bayes_direct,early,inferior_non_greedy,0.0,0.0,0.0,200,800,post_hoc_behavioral
e3_exact_online,prior,2,20,bayes_direct,early,neutral_non_greedy,0.0,0.0,0.0,200,800,post_hoc_behavioral
e3_exact_online,prior,2,20,bayes_direct,early,exact_optimal_agreement,0.97375,0.9625,0.98375,200,800,post_hoc_behavioral
e3_exact_online,prior,2,20,bayes_direct,late,posterior_mean_greedy,0.99625,0.98875,1.0,200,800,post_hoc_behavioral
e3_exact_online,prior,2,20,bayes_direct,late,strict_non_greedy,0.00375,0.0,0.01125,200,800,post_hoc_behavioral
e3_exact_online,prior,2,20,bayes_direct,late,unseen_arm,0.00125,0.0,0.00375,200,800,post_hoc_behavioral
e3_exact_online,prior,2,20,bayes_direct,late,lower_mean_higher_sd,0.0,0.0,0.0,200,800,post_hoc_behavioral
e3_exact_online,prior,2,20,bayes_direct,late,equal_mean_higher_sd,0.0125,0.005,0.02,200,800,post_hoc_behavioral
e3_exact_online,prior,2,20,bayes_direct,late,unequal_sd_greedy_tie_available,0.015,0.0075,0.02375,200,800,post_hoc_behavioral
e3_exact_online,prior,2,20,bayes_direct,late,posterior_mean_deficit,0.00020618335053319565,0.0,0.000618550051599587,200,800,post_hoc_behavioral
e3_exact_online,prior,2,20,bayes_direct,late,chosen_posterior_sd,0.10105312966742278,0.09786326210118206,0.10437631846660592,200,800,post_hoc_behavioral
e3_exact_online,prior,2,20,bayes_direct,late,bayes_ucb_agreement,0.63375,0.57,0.69375,200,800,post_hoc_behavioral
e3_exact_online,prior,2,20,bayes_direct,late,knowledge_gradient_agreement,0.955,0.93125,0.975,200,800,post_hoc_behavioral
e3_exact_online,prior,2,20,bayes_direct,late,bayes_ucb_top_set_size,1.00625,1.00125,1.01375,200,800,post_hoc_behavioral
e3_exact_online,prior,2,20,bayes_direct,late,knowledge_gradient_top_set_size,1.00625,1.00125,1.01375,200,800,post_hoc_behavioral
e3_exact_online,prior,2,20,bayes_direct,late,exact_loss,0.001063790164063825,0.00032186419017674744,0.0020094114684222736,200,800,post_hoc_behavioral
e3_exact_online,prior,2,20,bayes_direct,late,strict_exploration_required,0.03375,0.0175,0.0525,200,800,post_hoc_behavioral
e3_exact_online,prior,2,20,bayes_direct,late,useful_non_greedy,0.0,0.0,0.0,200,800,post_hoc_behavioral
e3_exact_online,prior,2,20,bayes_direct,late,inferior_non_greedy,0.00375,0.0,0.01125,200,800,post_hoc_behavioral
e3_exact_online,prior,2,20,bayes_direct,late,neutral_non_greedy,0.0,0.0,0.0,200,800,post_hoc_behavioral
e3_exact_online,prior,2,20,bayes_direct,late,exact_optimal_agreement,0.96,0.93875,0.97875,200,800,post_hoc_behavioral
e3_exact_online,prior,2,20,bayes_direct,middle,posterior_mean_greedy,0.9975,0.9954166666666666,0.9991666666666668,200,2400,post_hoc_behavioral
e3_exact_online,prior,2,20,bayes_direct,middle,strict_non_greedy,0.0024999999999999996,0.0008333333333333333,0.004583333333333333,200,2400,post_hoc_behavioral
e3_exact_online,prior,2,20,bayes_direct,middle,unseen_arm,0.007083333333333333,0.004166666666666667,0.010416666666666664,200,2400,post_hoc_behavioral
e3_exact_online,prior,2,20,bayes_direct,middle,lower_mean_higher_sd,0.0,0.0,0.0,200,2400,post_hoc_behavioral
e3_exact_online,prior,2,20,bayes_direct,middle,equal_mean_higher_sd,0.02333333333333333,0.01583333333333333,0.03166666666666666,200,2400,post_hoc_behavioral
e3_exact_online,prior,2,20,bayes_direct,middle,unequal_sd_greedy_tie_available,0.035416666666666666,0.025416666666666664,0.04625,200,2400,post_hoc_behavioral
e3_exact_online,prior,2,20,bayes_direct,middle,posterior_mean_deficit,7.676524864024861e-05,2.136752136752134e-05,0.00014511703574203566,200,2400,post_hoc_behavioral
e3_exact_online,prior,2,20,bayes_direct,middle,chosen_posterior_sd,0.13895082151034155,0.13553655273971457,0.1423548256614059,200,2400,post_hoc_behavioral
e3_exact_online,prior,2,20,bayes_direct,middle,bayes_ucb_agreement,0.7875,0.7475,0.8258333333333333,200,2400,post_hoc_behavioral
e3_exact_online,prior,2,20,bayes_direct,middle,knowledge_gradient_agreement,0.8341666666666666,0.8025,0.865,200,2400,post_hoc_behavioral
e3_exact_online,prior,2,20,bayes_direct,middle,bayes_ucb_top_set_size,1.0283333333333333,1.0166666666666666,1.0420833333333333,200,2400,post_hoc_behavioral
e3_exact_online,prior,2,20,bayes_direct,middle,knowledge_gradient_top_set_size,1.02875,1.0170833333333333,1.0425,200,2400,post_hoc_behavioral
e3_exact_online,prior,2,20,bayes_direct,middle,exact_loss,0.004761595902142324,0.003410209636878861,0.006254882564283809,200,2400,post_hoc_behavioral
e3_exact_online,prior,2,20,bayes_direct,middle,strict_exploration_required,0.11541666666666668,0.08957291666666667,0.1433333333333333,200,2400,post_hoc_behavioral
e3_exact_online,prior,2,20,bayes_direct,middle,useful_non_greedy,0.0,0.0,0.0,200,2400,post_hoc_behavioral
e3_exact_online,prior,2,20,bayes_direct,middle,inferior_non_greedy,0.0024999999999999996,0.0008333333333333333,0.004583333333333333,200,2400,post_hoc_behavioral
e3_exact_online,prior,2,20,bayes_direct,middle,neutral_non_greedy,0.0,0.0,0.0,200,2400,post_hoc_behavioral
e3_exact_online,prior,2,20,bayes_direct,middle,exact_optimal_agreement,0.87,0.8391562499999999,0.8991666666666666,200,2400,post_hoc_behavioral
e3_exact_online,prior,2,20,bayes_sample,early,posterior_mean_greedy,0.91375,0.895,0.93125,200,800,post_hoc_behavioral
e3_exact_online,prior,2,20,bayes_sample,early,strict_non_greedy,0.08625,0.0675,0.105,200,800,post_hoc_behavioral
e3_exact_online,prior,2,20,bayes_sample,early,unseen_arm,0.44875,0.435,0.4625,200,800,post_hoc_behavioral
e3_exact_online,prior,2,20,bayes_sample,early,lower_mean_higher_sd,0.0625,0.04625,0.08,200,800,post_hoc_behavioral
e3_exact_online,prior,2,20,bayes_sample,early,equal_mean_higher_sd,0.02625,0.01625,0.0375,200,800,post_hoc_behavioral
e3_exact_online,prior,2,20,bayes_sample,early,unequal_sd_greedy_tie_available,0.0375,0.025,0.05,200,800,post_hoc_behavioral
e3_exact_online,prior,2,20,bayes_sample,early,posterior_mean_deficit,0.016312499999999997,0.0126875,0.020145833333333328,200,800,post_hoc_behavioral
e3_exact_online,prior,2,20,bayes_sample,early,chosen_posterior_sd,0.25087880616799046,0.24880489076141762,0.2528787457725587,200,800,post_hoc_behavioral
e3_exact_online,prior,2,20,bayes_sample,early,bayes_ucb_agreement,0.9025,0.8825,0.9225,200,800,post_hoc_behavioral
e3_exact_online,prior,2,20,bayes_sample,early,knowledge_gradient_agreement,0.86625,0.845,0.88625,200,800,post_hoc_behavioral
e3_exact_online,prior,2,20,bayes_sample,early,bayes_ucb_top_set_size,1.32125,1.30625,1.33625,200,800,post_hoc_behavioral
e3_exact_online,prior,2,20,bayes_sample,early,knowledge_gradient_top_set_size,1.32125,1.30625,1.3375,200,800,post_hoc_behavioral
e3_exact_online,prior,2,20,bayes_sample,early,exact_loss,0.013733119478987716,0.010594714112117105,0.017057838565393425,200,800,post_hoc_behavioral
e3_exact_online,prior,2,20,bayes_sample,early,strict_exploration_required,0.02,0.01125,0.03,200,800,post_hoc_behavioral
e3_exact_online,prior,2,20,bayes_sample,early,useful_non_greedy,0.0075,0.0025,0.01375,200,800,post_hoc_behavioral
e3_exact_online,prior,2,20,bayes_sample,early,inferior_non_greedy,0.07875,0.06125,0.0975,200,800,post_hoc_behavioral
e3_exact_online,prior,2,20,bayes_sample,early,neutral_non_greedy,0.0,0.0,0.0,200,800,post_hoc_behavioral
e3_exact_online,prior,2,20,bayes_sample,early,exact_optimal_agreement,0.8975,0.87625,0.9175,200,800,post_hoc_behavioral
e3_exact_online,prior,2,20,bayes_sample,late,posterior_mean_greedy,0.91875,0.89875,0.9375,200,800,post_hoc_behavioral
e3_exact_online,prior,2,20,bayes_sample,late,strict_non_greedy,0.08125,0.0625,0.10125,200,800,post_hoc_behavioral
e3_exact_online,prior,2,20,bayes_sample,late,unseen_arm,0.005,0.00125,0.01,200,800,post_hoc_behavioral
e3_exact_online,prior,2,20,bayes_sample,late,lower_mean_higher_sd,0.06,0.045,0.07625,200,800,post_hoc_behavioral
e3_exact_online,prior,2,20,bayes_sample,late,equal_mean_higher_sd,0.0025,0.0,0.00625,200,800,post_hoc_behavioral
e3_exact_online,prior,2,20,bayes_sample,late,unequal_sd_greedy_tie_available,0.0075,0.0025,0.01375,200,800,post_hoc_behavioral
e3_exact_online,prior,2,20,bayes_sample,late,posterior_mean_deficit,0.015853316236781795,0.011573229576822601,0.020545192464215774,200,800,post_hoc_behavioral
e3_exact_online,prior,2,20,bayes_sample,late,chosen_posterior_sd,0.10995085130758081,0.10638208253547,0.11345097486839888,200,800,post_hoc_behavioral
e3_exact_online,prior,2,20,bayes_sample,late,bayes_ucb_agreement,0.81125,0.76875,0.85125,200,800,post_hoc_behavioral
e3_exact_online,prior,2,20,bayes_sample,late,knowledge_gradient_agreement,0.90875,0.8875,0.9287812499999996,200,800,post_hoc_behavioral
e3_exact_online,prior,2,20,bayes_sample,late,bayes_ucb_top_set_size,1.00375,1.0,1.00875,200,800,post_hoc_behavioral
e3_exact_online,prior,2,20,bayes_sample,late,knowledge_gradient_top_set_size,1.00375,1.0,1.00875,200,800,post_hoc_behavioral
e3_exact_online,prior,2,20,bayes_sample,late,exact_loss,0.01573419048839864,0.011423760850095681,0.02036669669059067,200,800,post_hoc_behavioral
e3_exact_online,prior,2,20,bayes_sample,late,strict_exploration_required,0.0125,0.005,0.0225,200,800,post_hoc_behavioral
e3_exact_online,prior,2,20,bayes_sample,late,useful_non_greedy,0.00375,0.0,0.00875,200,800,post_hoc_behavioral
e3_exact_online,prior,2,20,bayes_sample,late,inferior_non_greedy,0.0775,0.06,0.09625,200,800,post_hoc_behavioral
e3_exact_online,prior,2,20,bayes_sample,late,neutral_non_greedy,0.0,0.0,0.0,200,800,post_hoc_behavioral
e3_exact_online,prior,2,20,bayes_sample,late,exact_optimal_agreement,0.90875,0.8875,0.92875,200,800,post_hoc_behavioral
e3_exact_online,prior,2,20,bayes_sample,middle,posterior_mean_greedy,0.8875,0.87375,0.9008333333333334,200,2400,post_hoc_behavioral
e3_exact_online,prior,2,20,bayes_sample,middle,strict_non_greedy,0.1125,0.09875,0.12625,200,2400,post_hoc_behavioral
e3_exact_online,prior,2,20,bayes_sample,middle,unseen_arm,0.012916666666666665,0.00875,0.017083333333333332,200,2400,post_hoc_behavioral
e3_exact_online,prior,2,20,bayes_sample,middle,lower_mean_higher_sd,0.08833333333333333,0.0775,0.09999999999999998,200,2400,post_hoc_behavioral
e3_exact_online,prior,2,20,bayes_sample,middle,equal_mean_higher_sd,0.01375,0.00875,0.01875,200,2400,post_hoc_behavioral
e3_exact_online,prior,2,20,bayes_sample,middle,unequal_sd_greedy_tie_available,0.026666666666666665,0.019166666666666665,0.035,200,2400,post_hoc_behavioral
e3_exact_online,prior,2,20,bayes_sample,middle,posterior_mean_deficit,0.0250069588975839,0.021349992036320164,0.02892760976003163,200,2400,post_hoc_behavioral
e3_exact_online,prior,2,20,bayes_sample,middle,chosen_posterior_sd,0.14945582359451723,0.14618941134268224,0.15255153936317292,200,2400,post_hoc_behavioral
e3_exact_online,prior,2,20,bayes_sample,middle,bayes_ucb_agreement,0.8158333333333334,0.78875,0.84125,200,2400,post_hoc_behavioral
e3_exact_online,prior,2,20,bayes_sample,middle,knowledge_gradient_agreement,0.8054166666666667,0.78,0.83,200,2400,post_hoc_behavioral
e3_exact_online,prior,2,20,bayes_sample,middle,bayes_ucb_top_set_size,1.0308333333333335,1.0195833333333335,1.0433333333333334,200,2400,post_hoc_behavioral
e3_exact_online,prior,2,20,bayes_sample,middle,knowledge_gradient_top_set_size,1.0325,1.02125,1.0454166666666667,200,2400,post_hoc_behavioral
e3_exact_online,prior,2,20,bayes_sample,middle,exact_loss,0.024778699089960856,0.02115705851995869,0.02873675034714978,200,2400,post_hoc_behavioral
e3_exact_online,prior,2,20,bayes_sample,middle,strict_exploration_required,0.06458333333333333,0.04791666666666666,0.0825,200,2400,post_hoc_behavioral
e3_exact_online,prior,2,20,bayes_sample,middle,useful_non_greedy,0.015,0.010416666666666664,0.02,200,2400,post_hoc_behavioral
e3_exact_online,prior,2,20,bayes_sample,middle,inferior_non_greedy,0.0975,0.08541666666666665,0.11041666666666666,200,2400,post_hoc_behavioral
e3_exact_online,prior,2,20,bayes_sample,middle,neutral_non_greedy,0.0,0.0,0.0,200,2400,post_hoc_behavioral
e3_exact_online,prior,2,20,bayes_sample,middle,exact_optimal_agreement,0.84,0.8158333333333334,0.8625,200,2400,post_hoc_behavioral
e3_exact_online,prior,2,20,bayes_ucb,early,posterior_mean_greedy,1.0,1.0,1.0,200,800,post_hoc_behavioral
e3_exact_online,prior,2,20,bayes_ucb,early,strict_non_greedy,0.0,0.0,0.0,200,800,post_hoc_behavioral
e3_exact_online,prior,2,20,bayes_ucb,early,unseen_arm,0.40875,0.3925,0.425,200,800,post_hoc_behavioral
e3_exact_online,prior,2,20,bayes_ucb,early,lower_mean_higher_sd,0.0,0.0,0.0,200,800,post_hoc_behavioral
e3_exact_online,prior,2,20,bayes_ucb,early,equal_mean_higher_sd,0.0375,0.02625,0.05,200,800,post_hoc_behavioral
e3_exact_online,prior,2,20,bayes_ucb,early,unequal_sd_greedy_tie_available,0.0375,0.025,0.05,200,800,post_hoc_behavioral
e3_exact_online,prior,2,20,bayes_ucb,early,posterior_mean_deficit,0.0,0.0,0.0,200,800,post_hoc_behavioral
e3_exact_online,prior,2,20,bayes_ucb,early,chosen_posterior_sd,0.24566774758149465,0.24330950753265312,0.2479731161774044,200,800,post_hoc_behavioral
e3_exact_online,prior,2,20,bayes_ucb,early,bayes_ucb_agreement,1.0,1.0,1.0,200,800,post_hoc_behavioral
e3_exact_online,prior,2,20,bayes_ucb,early,knowledge_gradient_agreement,0.9225,0.90625,0.93875,200,800,post_hoc_behavioral
e3_exact_online,prior,2,20,bayes_ucb,early,bayes_ucb_top_set_size,1.30875,1.295,1.32375,200,800,post_hoc_behavioral
e3_exact_online,prior,2,20,bayes_ucb,early,knowledge_gradient_top_set_size,1.30875,1.295,1.32375,200,800,post_hoc_behavioral
e3_exact_online,prior,2,20,bayes_ucb,early,exact_loss,0.0012058107484888868,0.0008315936196475083,0.001621607558312641,200,800,post_hoc_behavioral
e3_exact_online,prior,2,20,bayes_ucb,early,strict_exploration_required,0.03625,0.025,0.04875,200,800,post_hoc_behavioral
e3_exact_online,prior,2,20,bayes_ucb,early,useful_non_greedy,0.0,0.0,0.0,200,800,post_hoc_behavioral
e3_exact_online,prior,2,20,bayes_ucb,early,inferior_non_greedy,0.0,0.0,0.0,200,800,post_hoc_behavioral
e3_exact_online,prior,2,20,bayes_ucb,early,neutral_non_greedy,0.0,0.0,0.0,200,800,post_hoc_behavioral
e3_exact_online,prior,2,20,bayes_ucb,early,exact_optimal_agreement,0.96375,0.95125,0.975,200,800,post_hoc_behavioral
e3_exact_online,prior,2,20,bayes_ucb,late,posterior_mean_greedy,0.9425,0.925,0.96,200,800,post_hoc_behavioral
e3_exact_online,prior,2,20,bayes_ucb,late,strict_non_greedy,0.0575,0.04125,0.07625,200,800,post_hoc_behavioral
e3_exact_online,prior,2,20,bayes_ucb,late,unseen_arm,0.00125,0.0,0.00375,200,800,post_hoc_behavioral
e3_exact_online,prior,2,20,bayes_ucb,late,lower_mean_higher_sd,0.0575,0.04121875000000003,0.075,200,800,post_hoc_behavioral
e3_exact_online,prior,2,20,bayes_ucb,late,equal_mean_higher_sd,0.00375,0.0,0.00875,200,800,post_hoc_behavioral
e3_exact_online,prior,2,20,bayes_ucb,late,unequal_sd_greedy_tie_available,0.00375,0.0,0.00875,200,800,post_hoc_behavioral
e3_exact_online,prior,2,20,bayes_ucb,late,posterior_mean_deficit,0.005442662616666101,0.0035446504042322058,0.007583551168232137,200,800,post_hoc_behavioral
e3_exact_online,prior,2,20,bayes_ucb,late,chosen_posterior_sd,0.10595674534380041,0.10203571646224427,0.10993934594717546,200,800,post_hoc_behavioral
e3_exact_online,prior,2,20,bayes_ucb,late,bayes_ucb_agreement,1.0,1.0,1.0,200,800,post_hoc_behavioral
e3_exact_online,prior,2,20,bayes_ucb,late,knowledge_gradient_agreement,0.94625,0.93,0.96125,200,800,post_hoc_behavioral
e3_exact_online,prior,2,20,bayes_ucb,late,bayes_ucb_top_set_size,1.0075,1.00125,1.015,200,800,post_hoc_behavioral
e3_exact_online,prior,2,20,bayes_ucb,late,knowledge_gradient_top_set_size,1.0075,1.00125,1.015,200,800,post_hoc_behavioral
e3_exact_online,prior,2,20,bayes_ucb,late,exact_loss,0.004992925594664316,0.0031312550315335313,0.0070562853169270365,200,800,post_hoc_behavioral
e3_exact_online,prior,2,20,bayes_ucb,late,strict_exploration_required,0.00375,0.0,0.00875,200,800,post_hoc_behavioral
e3_exact_online,prior,2,20,bayes_ucb,late,useful_non_greedy,0.00375,0.0,0.00875,200,800,post_hoc_behavioral
e3_exact_online,prior,2,20,bayes_ucb,late,inferior_non_greedy,0.05375,0.03875,0.07125,200,800,post_hoc_behavioral
e3_exact_online,prior,2,20,bayes_ucb,late,neutral_non_greedy,0.0,0.0,0.0,200,800,post_hoc_behavioral
e3_exact_online,prior,2,20,bayes_ucb,late,exact_optimal_agreement,0.94625,0.92875,0.9625,200,800,post_hoc_behavioral
e3_exact_online,prior,2,20,bayes_ucb,middle,posterior_mean_greedy,0.9333333333333335,0.92125,0.9445833333333334,200,2400,post_hoc_behavioral
e3_exact_online,prior,2,20,bayes_ucb,middle,strict_non_greedy,0.06666666666666667,0.05541666666666666,0.07874999999999999,200,2400,post_hoc_behavioral
e3_exact_online,prior,2,20,bayes_ucb,middle,unseen_arm,0.020416666666666666,0.015416666666666665,0.025416666666666664,200,2400,post_hoc_behavioral
e3_exact_online,prior,2,20,bayes_ucb,middle,lower_mean_higher_sd,0.06666666666666667,0.05541666666666666,0.07833333333333334,200,2400,post_hoc_behavioral
e3_exact_online,prior,2,20,bayes_ucb,middle,equal_mean_higher_sd,0.02,0.014166666666666666,0.02625,200,2400,post_hoc_behavioral
e3_exact_online,prior,2,20,bayes_ucb,middle,unequal_sd_greedy_tie_available,0.02,0.014166666666666666,0.02625,200,2400,post_hoc_behavioral
e3_exact_online,prior,2,20,bayes_ucb,middle,posterior_mean_deficit,0.006654434583662525,0.005450366401538277,0.007893813082852605,200,2400,post_hoc_behavioral
e3_exact_online,prior,2,20,bayes_ucb,middle,chosen_posterior_sd,0.14440513346448502,0.14053323881298221,0.1481145524818192,200,2400,post_hoc_behavioral
e3_exact_online,prior,2,20,bayes_ucb,middle,bayes_ucb_agreement,1.0,1.0,1.0,200,2400,post_hoc_behavioral
e3_exact_online,prior,2,20,bayes_ucb,middle,knowledge_gradient_agreement,0.9041666666666666,0.88625,0.92125,200,2400,post_hoc_behavioral
e3_exact_online,prior,2,20,bayes_ucb,middle,bayes_ucb_top_set_size,1.0295833333333335,1.0175,1.0429166666666667,200,2400,post_hoc_behavioral
e3_exact_online,prior,2,20,bayes_ucb,middle,knowledge_gradient_top_set_size,1.0304166666666665,1.01875,1.0441666666666667,200,2400,post_hoc_behavioral
e3_exact_online,prior,2,20,bayes_ucb,middle,exact_loss,0.0027698594914269147,0.0020399668059114893,0.003513978843207996,200,2400,post_hoc_behavioral
e3_exact_online,prior,2,20,bayes_ucb,middle,strict_exploration_required,0.04875,0.03833333333333333,0.05958333333333333,200,2400,post_hoc_behavioral
e3_exact_online,prior,2,20,bayes_ucb,middle,useful_non_greedy,0.0325,0.025,0.04041666666666666,200,2400,post_hoc_behavioral
e3_exact_online,prior,2,20,bayes_ucb,middle,inferior_non_greedy,0.034166666666666665,0.02708333333333333,0.04166666666666666,200,2400,post_hoc_behavioral
e3_exact_online,prior,2,20,bayes_ucb,middle,neutral_non_greedy,0.0,0.0,0.0,200,2400,post_hoc_behavioral
e3_exact_online,prior,2,20,bayes_ucb,middle,exact_optimal_agreement,0.9495833333333334,0.94,0.95875,200,2400,post_hoc_behavioral
e3_exact_online,prior,2,20,counts_direct,early,posterior_mean_greedy,0.98625,0.9775,0.99375,200,800,post_hoc_behavioral
e3_exact_online,prior,2,20,counts_direct,early,strict_non_greedy,0.01375,0.00625,0.0225,200,800,post_hoc_behavioral
e3_exact_online,prior,2,20,counts_direct,early,unseen_arm,0.37875,0.36125,0.39625,200,800,post_hoc_behavioral
e3_exact_online,prior,2,20,counts_direct,early,lower_mean_higher_sd,0.0,0.0,0.0,200,800,post_hoc_behavioral
e3_exact_online,prior,2,20,counts_direct,early,equal_mean_higher_sd,0.0,0.0,0.0,200,800,post_hoc_behavioral
e3_exact_online,prior,2,20,counts_direct,early,unequal_sd_greedy_tie_available,0.045,0.0325,0.05875,200,800,post_hoc_behavioral
e3_exact_online,prior,2,20,counts_direct,early,posterior_mean_deficit,0.0013749999999999995,0.0006249999999999999,0.0022499999999999994,200,800,post_hoc_behavioral
e3_exact_online,prior,2,20,counts_direct,early,chosen_posterior_sd,0.24311000071020902,0.24084003753914396,0.24533433084354675,200,800,post_hoc_behavioral
e3_exact_online,prior,2,20,counts_direct,early,bayes_ucb_agreement,0.94125,0.9225,0.96,200,800,post_hoc_behavioral
e3_exact_online,prior,2,20,counts_direct,early,knowledge_gradient_agreement,0.85125,0.825,0.8775,200,800,post_hoc_behavioral
e3_exact_online,prior,2,20,counts_direct,early,bayes_ucb_top_set_size,1.30875,1.29375,1.32375,200,800,post_hoc_behavioral
e3_exact_online,prior,2,20,counts_direct,early,knowledge_gradient_top_set_size,1.30875,1.295,1.32375,200,800,post_hoc_behavioral
e3_exact_online,prior,2,20,counts_direct,early,exact_loss,0.0070093791832619365,0.0051642488201972024,0.00901769045802613,200,800,post_hoc_behavioral
e3_exact_online,prior,2,20,counts_direct,early,strict_exploration_required,0.05125,0.0375,0.065,200,800,post_hoc_behavioral
e3_exact_online,prior,2,20,counts_direct,early,useful_non_greedy,0.0,0.0,0.0,200,800,post_hoc_behavioral
e3_exact_online,prior,2,20,counts_direct,early,inferior_non_greedy,0.01375,0.00625,0.0225,200,800,post_hoc_behavioral
e3_exact_online,prior,2,20,counts_direct,early,neutral_non_greedy,0.0,0.0,0.0,200,800,post_hoc_behavioral
e3_exact_online,prior,2,20,counts_direct,early,exact_optimal_agreement,0.89,0.86375,0.915,200,800,post_hoc_behavioral
e3_exact_online,prior,2,20,counts_direct,late,posterior_mean_greedy,0.9575,0.93125,0.98,200,800,post_hoc_behavioral
e3_exact_online,prior,2,20,counts_direct,late,strict_non_greedy,0.0425,0.02,0.06875,200,800,post_hoc_behavioral
e3_exact_online,prior,2,20,counts_direct,late,unseen_arm,0.0,0.0,0.0,200,800,post_hoc_behavioral
e3_exact_online,prior,2,20,counts_direct,late,lower_mean_higher_sd,0.005,0.00125,0.01,200,800,post_hoc_behavioral
e3_exact_online,prior,2,20,counts_direct,late,equal_mean_higher_sd,0.0,0.0,0.0,200,800,post_hoc_behavioral
e3_exact_online,prior,2,20,counts_direct,late,unequal_sd_greedy_tie_available,0.015,0.00625,0.02625,200,800,post_hoc_behavioral
e3_exact_online,prior,2,20,counts_direct,late,posterior_mean_deficit,0.002089110998650473,0.0007913794903926485,0.0036574139174056944,200,800,post_hoc_behavioral
e3_exact_online,prior,2,20,counts_direct,late,chosen_posterior_sd,0.10034901618924025,0.09731789721534416,0.10334399676754062,200,800,post_hoc_behavioral
e3_exact_online,prior,2,20,counts_direct,late,bayes_ucb_agreement,0.5825,0.5175,0.64625,200,800,post_hoc_behavioral
e3_exact_online,prior,2,20,counts_direct,late,knowledge_gradient_agreement,0.895,0.85625,0.93,200,800,post_hoc_behavioral
e3_exact_online,prior,2,20,counts_direct,late,bayes_ucb_top_set_size,1.00625,1.00125,1.01375,200,800,post_hoc_behavioral
e3_exact_online,prior,2,20,counts_direct,late,knowledge_gradient_top_set_size,1.00625,1.00125,1.01375,200,800,post_hoc_behavioral
e3_exact_online,prior,2,20,counts_direct,late,exact_loss,0.00615475919056331,0.0035432161953287806,0.009100612463693298,200,800,post_hoc_behavioral
e3_exact_online,prior,2,20,counts_direct,late,strict_exploration_required,0.0525,0.03125,0.07625,200,800,post_hoc_behavioral
e3_exact_online,prior,2,20,counts_direct,late,useful_non_greedy,0.0,0.0,0.0,200,800,post_hoc_behavioral
e3_exact_online,prior,2,20,counts_direct,late,inferior_non_greedy,0.0425,0.02,0.0675,200,800,post_hoc_behavioral
e3_exact_online,prior,2,20,counts_direct,late,neutral_non_greedy,0.0,0.0,0.0,200,800,post_hoc_behavioral
e3_exact_online,prior,2,20,counts_direct,late,exact_optimal_agreement,0.89,0.85125,0.9275,200,800,post_hoc_behavioral
e3_exact_online,prior,2,20,counts_direct,middle,posterior_mean_greedy,0.965,0.9541666666666667,0.9745833333333332,200,2400,post_hoc_behavioral
e3_exact_online,prior,2,20,counts_direct,middle,strict_non_greedy,0.034999999999999996,0.025,0.04541666666666666,200,2400,post_hoc_behavioral
e3_exact_online,prior,2,20,counts_direct,middle,unseen_arm,0.007083333333333333,0.004166666666666667,0.010416666666666664,200,2400,post_hoc_behavioral
e3_exact_online,prior,2,20,counts_direct,middle,lower_mean_higher_sd,0.02208333333333333,0.01375,0.03125,200,2400,post_hoc_behavioral
e3_exact_online,prior,2,20,counts_direct,middle,equal_mean_higher_sd,0.0075,0.004166666666666667,0.010833333333333332,200,2400,post_hoc_behavioral
e3_exact_online,prior,2,20,counts_direct,middle,unequal_sd_greedy_tie_available,0.03958333333333333,0.02958333333333333,0.05083333333333333,200,2400,post_hoc_behavioral
e3_exact_online,prior,2,20,counts_direct,middle,posterior_mean_deficit,0.0017760809111912051,0.0012730062259703801,0.0023240188392761917,200,2400,post_hoc_behavioral
e3_exact_online,prior,2,20,counts_direct,middle,chosen_posterior_sd,0.13889008791940516,0.13527503032441596,0.1423791042623365,200,2400,post_hoc_behavioral
e3_exact_online,prior,2,20,counts_direct,middle,bayes_ucb_agreement,0.71125,0.6608333333333334,0.76,200,2400,post_hoc_behavioral
e3_exact_online,prior,2,20,counts_direct,middle,knowledge_gradient_agreement,0.7825,0.7420729166666666,0.8216666666666665,200,2400,post_hoc_behavioral
e3_exact_online,prior,2,20,counts_direct,middle,bayes_ucb_top_set_size,1.0270833333333333,1.0158333333333334,1.0404166666666665,200,2400,post_hoc_behavioral
e3_exact_online,prior,2,20,counts_direct,middle,knowledge_gradient_top_set_size,1.0279166666666666,1.01625,1.04125,200,2400,post_hoc_behavioral
e3_exact_online,prior,2,20,counts_direct,middle,exact_loss,0.011042793083449038,0.008307168578941088,0.014033945281609264,200,2400,post_hoc_behavioral
e3_exact_online,prior,2,20,counts_direct,middle,strict_exploration_required,0.15833333333333333,0.125,0.1925,200,2400,post_hoc_behavioral
e3_exact_online,prior,2,20,counts_direct,middle,useful_non_greedy,0.009166666666666667,0.005,0.01375,200,2400,post_hoc_behavioral
e3_exact_online,prior,2,20,counts_direct,middle,inferior_non_greedy,0.02583333333333333,0.017916666666666664,0.03458333333333333,200,2400,post_hoc_behavioral
e3_exact_online,prior,2,20,counts_direct,middle,neutral_non_greedy,0.0,0.0,0.0,200,2400,post_hoc_behavioral
e3_exact_online,prior,2,20,counts_direct,middle,exact_optimal_agreement,0.7929166666666666,0.7495833333333334,0.8341666666666666,200,2400,post_hoc_behavioral
e3_exact_online,prior,2,20,counts_sample,early,posterior_mean_greedy,0.86875,0.84625,0.89,200,800,post_hoc_behavioral
e3_exact_online,prior,2,20,counts_sample,early,strict_non_greedy,0.13125,0.11,0.1525,200,800,post_hoc_behavioral
e3_exact_online,prior,2,20,counts_sample,early,unseen_arm,0.435,0.42,0.45,200,800,post_hoc_behavioral
e3_exact_online,prior,2,20,counts_sample,early,lower_mean_higher_sd,0.065,0.04875,0.08125,200,800,post_hoc_behavioral
e3_exact_online,prior,2,20,counts_sample,early,equal_mean_higher_sd,0.01375,0.00625,0.0225,200,800,post_hoc_behavioral
e3_exact_online,prior,2,20,counts_sample,early,unequal_sd_greedy_tie_available,0.04125,0.02875,0.055,200,800,post_hoc_behavioral
e3_exact_online,prior,2,20,counts_sample,early,posterior_mean_deficit,0.025666666666666664,0.021062499999999998,0.030500520833333326,200,800,post_hoc_behavioral
e3_exact_online,prior,2,20,counts_sample,early,chosen_posterior_sd,0.24967124379870245,0.24764980160480646,0.25160416204855146,200,800,post_hoc_behavioral
e3_exact_online,prior,2,20,counts_sample,early,bayes_ucb_agreement,0.84125,0.8175,0.865,200,800,post_hoc_behavioral
e3_exact_online,prior,2,20,counts_sample,early,knowledge_gradient_agreement,0.79875,0.77125,0.82625,200,800,post_hoc_behavioral
e3_exact_online,prior,2,20,counts_sample,early,bayes_ucb_top_set_size,1.31125,1.2975,1.32625,200,800,post_hoc_behavioral
e3_exact_online,prior,2,20,counts_sample,early,knowledge_gradient_top_set_size,1.31125,1.29625,1.32625,200,800,post_hoc_behavioral
e3_exact_online,prior,2,20,counts_sample,early,exact_loss,0.024111252534668965,0.02001053157542177,0.028380155401663474,200,800,post_hoc_behavioral
e3_exact_online,prior,2,20,counts_sample,early,strict_exploration_required,0.0325,0.02125,0.045,200,800,post_hoc_behavioral
e3_exact_online,prior,2,20,counts_sample,early,useful_non_greedy,0.00625,0.00125,0.0125,200,800,post_hoc_behavioral
e3_exact_online,prior,2,20,counts_sample,early,inferior_non_greedy,0.125,0.10375,0.14625,200,800,post_hoc_behavioral
e3_exact_online,prior,2,20,counts_sample,early,neutral_non_greedy,0.0,0.0,0.0,200,800,post_hoc_behavioral
e3_exact_online,prior,2,20,counts_sample,early,exact_optimal_agreement,0.82125,0.7925,0.8475,200,800,post_hoc_behavioral
e3_exact_online,prior,2,20,counts_sample,late,posterior_mean_greedy,0.92375,0.90375,0.9425,200,800,post_hoc_behavioral
e3_exact_online,prior,2,20,counts_sample,late,strict_non_greedy,0.07625,0.0575,0.0975,200,800,post_hoc_behavioral
e3_exact_online,prior,2,20,counts_sample,late,unseen_arm,0.00625,0.00125,0.0125,200,800,post_hoc_behavioral
e3_exact_online,prior,2,20,counts_sample,late,lower_mean_higher_sd,0.05625,0.04125,0.0725,200,800,post_hoc_behavioral
e3_exact_online,prior,2,20,counts_sample,late,equal_mean_higher_sd,0.0025,0.0,0.00625,200,800,post_hoc_behavioral
e3_exact_online,prior,2,20,counts_sample,late,unequal_sd_greedy_tie_available,0.0075,0.0025,0.01375,200,800,post_hoc_behavioral
e3_exact_online,prior,2,20,counts_sample,late,posterior_mean_deficit,0.01552118194842653,0.0108818910272519,0.02038935682775901,200,800,post_hoc_behavioral
e3_exact_online,prior,2,20,counts_sample,late,chosen_posterior_sd,0.11142862419750803,0.10790421398578762,0.11490046890928259,200,800,post_hoc_behavioral
e3_exact_online,prior,2,20,counts_sample,late,bayes_ucb_agreement,0.785,0.73875,0.82875,200,800,post_hoc_behavioral
e3_exact_online,prior,2,20,counts_sample,late,knowledge_gradient_agreement,0.91125,0.89,0.9312812499999996,200,800,post_hoc_behavioral
e3_exact_online,prior,2,20,counts_sample,late,bayes_ucb_top_set_size,1.01125,1.00375,1.02125,200,800,post_hoc_behavioral
e3_exact_online,prior,2,20,counts_sample,late,knowledge_gradient_top_set_size,1.01375,1.00375,1.02625,200,800,post_hoc_behavioral
e3_exact_online,prior,2,20,counts_sample,late,exact_loss,0.015931136626305888,0.011285855014128753,0.02106245442807162,200,800,post_hoc_behavioral
e3_exact_online,prior,2,20,counts_sample,late,strict_exploration_required,0.01625,0.0075,0.0275,200,800,post_hoc_behavioral
e3_exact_online,prior,2,20,counts_sample,late,useful_non_greedy,0.00625,0.00125,0.0125,200,800,post_hoc_behavioral
e3_exact_online,prior,2,20,counts_sample,late,inferior_non_greedy,0.07,0.05125,0.08875,200,800,post_hoc_behavioral
e3_exact_online,prior,2,20,counts_sample,late,neutral_non_greedy,0.0,0.0,0.0,200,800,post_hoc_behavioral
e3_exact_online,prior,2,20,counts_sample,late,exact_optimal_agreement,0.915,0.8925,0.935,200,800,post_hoc_behavioral
e3_exact_online,prior,2,20,counts_sample,middle,posterior_mean_greedy,0.8754166666666667,0.86,0.8904166666666665,200,2400,post_hoc_behavioral
e3_exact_online,prior,2,20,counts_sample,middle,strict_non_greedy,0.12458333333333334,0.10916666666666666,0.14,200,2400,post_hoc_behavioral
e3_exact_online,prior,2,20,counts_sample,middle,unseen_arm,0.016249999999999997,0.011666666666666665,0.02083333333333333,200,2400,post_hoc_behavioral
e3_exact_online,prior,2,20,counts_sample,middle,lower_mean_higher_sd,0.08916666666666667,0.07708333333333334,0.10208333333333332,200,2400,post_hoc_behavioral
e3_exact_online,prior,2,20,counts_sample,middle,equal_mean_higher_sd,0.00875,0.005,0.012916666666666665,200,2400,post_hoc_behavioral
e3_exact_online,prior,2,20,counts_sample,middle,unequal_sd_greedy_tie_available,0.02375,0.016666666666666666,0.03208333333333333,200,2400,post_hoc_behavioral
e3_exact_online,prior,2,20,counts_sample,middle,posterior_mean_deficit,0.02673277386420769,0.022498073763790677,0.031142369927526174,200,2400,post_hoc_behavioral
e3_exact_online,prior,2,20,counts_sample,middle,chosen_posterior_sd,0.14967214058822212,0.14639676636124688,0.152864486510536,200,2400,post_hoc_behavioral
e3_exact_online,prior,2,20,counts_sample,middle,bayes_ucb_agreement,0.7904166666666668,0.76125,0.8183333333333335,200,2400,post_hoc_behavioral
e3_exact_online,prior,2,20,counts_sample,middle,knowledge_gradient_agreement,0.7991666666666667,0.7716666666666667,0.825,200,2400,post_hoc_behavioral
e3_exact_online,prior,2,20,counts_sample,middle,bayes_ucb_top_set_size,1.0283333333333333,1.0170833333333333,1.04125,200,2400,post_hoc_behavioral
e3_exact_online,prior,2,20,counts_sample,middle,knowledge_gradient_top_set_size,1.0295833333333335,1.0183333333333333,1.0420833333333335,200,2400,post_hoc_behavioral
e3_exact_online,prior,2,20,counts_sample,middle,exact_loss,0.027404580761071898,0.02308978783257681,0.03210379016670186,200,2400,post_hoc_behavioral
e3_exact_online,prior,2,20,counts_sample,middle,strict_exploration_required,0.07125,0.05208333333333334,0.09166666666666666,200,2400,post_hoc_behavioral
e3_exact_online,prior,2,20,counts_sample,middle,useful_non_greedy,0.01583333333333333,0.010833333333333332,0.02125,200,2400,post_hoc_behavioral
e3_exact_online,prior,2,20,counts_sample,middle,inferior_non_greedy,0.10875,0.09458333333333332,0.12375,200,2400,post_hoc_behavioral
e3_exact_online,prior,2,20,counts_sample,middle,neutral_non_greedy,0.0,0.0,0.0,200,2400,post_hoc_behavioral
e3_exact_online,prior,2,20,counts_sample,middle,exact_optimal_agreement,0.8208333333333334,0.7941666666666666,0.8475,200,2400,post_hoc_behavioral
e3_exact_online,prior,2,20,dp_direct,early,posterior_mean_greedy,0.97375,0.9625,0.98375,200,800,post_hoc_behavioral
e3_exact_online,prior,2,20,dp_direct,early,strict_non_greedy,0.02625,0.01625,0.0375,200,800,post_hoc_behavioral
e3_exact_online,prior,2,20,dp_direct,early,unseen_arm,0.44375,0.42875,0.4575,200,800,post_hoc_behavioral
e3_exact_online,prior,2,20,dp_direct,early,lower_mean_higher_sd,0.02625,0.01625,0.0375,200,800,post_hoc_behavioral
e3_exact_online,prior,2,20,dp_direct,early,equal_mean_higher_sd,0.045,0.0325,0.05875,200,800,post_hoc_behavioral
e3_exact_online,prior,2,20,dp_direct,early,unequal_sd_greedy_tie_available,0.045,0.0325,0.05875,200,800,post_hoc_behavioral
e3_exact_online,prior,2,20,dp_direct,early,posterior_mean_deficit,0.0026249999999999997,0.0016249999999999997,0.003749999999999999,200,800,post_hoc_behavioral
e3_exact_online,prior,2,20,dp_direct,early,chosen_posterior_sd,0.2491157937117826,0.2468697551560938,0.25129796594443315,200,800,post_hoc_behavioral
e3_exact_online,prior,2,20,dp_direct,early,bayes_ucb_agreement,0.97375,0.9625,0.98375,200,800,post_hoc_behavioral
e3_exact_online,prior,2,20,dp_direct,early,knowledge_gradient_agreement,0.96125,0.94875,0.97375,200,800,post_hoc_behavioral
e3_exact_online,prior,2,20,dp_direct,early,bayes_ucb_top_set_size,1.30875,1.29375,1.32375,200,800,post_hoc_behavioral
e3_exact_online,prior,2,20,dp_direct,early,knowledge_gradient_top_set_size,1.30875,1.29375,1.32375,200,800,post_hoc_behavioral
e3_exact_online,prior,2,20,dp_direct,early,exact_loss,0.0,0.0,0.0,200,800,post_hoc_behavioral
e3_exact_online,prior,2,20,dp_direct,early,strict_exploration_required,0.02625,0.01625,0.0375,200,800,post_hoc_behavioral
e3_exact_online,prior,2,20,dp_direct,early,useful_non_greedy,0.02625,0.01625,0.0375,200,800,post_hoc_behavioral
e3_exact_online,prior,2,20,dp_direct,early,inferior_non_greedy,0.0,0.0,0.0,200,800,post_hoc_behavioral
e3_exact_online,prior,2,20,dp_direct,early,neutral_non_greedy,0.0,0.0,0.0,200,800,post_hoc_behavioral
e3_exact_online,prior,2,20,dp_direct,early,exact_optimal_agreement,1.0,1.0,1.0,200,800,post_hoc_behavioral
e3_exact_online,prior,2,20,dp_direct,late,posterior_mean_greedy,0.99,0.9825,0.99625,200,800,post_hoc_behavioral
e3_exact_online,prior,2,20,dp_direct,late,strict_non_greedy,0.01,0.00375,0.0175,200,800,post_hoc_behavioral
e3_exact_online,prior,2,20,dp_direct,late,unseen_arm,0.00125,0.0,0.00375,200,800,post_hoc_behavioral
e3_exact_online,prior,2,20,dp_direct,late,lower_mean_higher_sd,0.01,0.00375,0.0175,200,800,post_hoc_behavioral
e3_exact_online,prior,2,20,dp_direct,late,equal_mean_higher_sd,0.0025,0.0,0.00625,200,800,post_hoc_behavioral
e3_exact_online,prior,2,20,dp_direct,late,unequal_sd_greedy_tie_available,0.0025,0.0,0.00625,200,800,post_hoc_behavioral
e3_exact_online,prior,2,20,dp_direct,late,posterior_mean_deficit,0.00029018979386626466,5.4945054945055026e-05,0.0006379731379731384,200,800,post_hoc_behavioral
e3_exact_online,prior,2,20,dp_direct,late,chosen_posterior_sd,0.10063245409707726,0.09731599158361287,0.10399001731439436,200,800,post_hoc_behavioral
e3_exact_online,prior,2,20,dp_direct,late,bayes_ucb_agreement,0.74375,0.68625,0.7975,200,800,post_hoc_behavioral
e3_exact_online,prior,2,20,dp_direct,late,knowledge_gradient_agreement,0.99125,0.985,0.9975,200,800,post_hoc_behavioral
e3_exact_online,prior,2,20,dp_direct,late,bayes_ucb_top_set_size,1.00625,1.00125,1.01375,200,800,post_hoc_behavioral
e3_exact_online,prior,2,20,dp_direct,late,knowledge_gradient_top_set_size,1.00625,1.00125,1.01375,200,800,post_hoc_behavioral
e3_exact_online,prior,2,20,dp_direct,late,exact_loss,0.0,0.0,0.0,200,800,post_hoc_behavioral
e3_exact_online,prior,2,20,dp_direct,late,strict_exploration_required,0.01,0.00375,0.0175,200,800,post_hoc_behavioral
e3_exact_online,prior,2,20,dp_direct,late,useful_non_greedy,0.01,0.00375,0.0175,200,800,post_hoc_behavioral
e3_exact_online,prior,2,20,dp_direct,late,inferior_non_greedy,0.0,0.0,0.0,200,800,post_hoc_behavioral
e3_exact_online,prior,2,20,dp_direct,late,neutral_non_greedy,0.0,0.0,0.0,200,800,post_hoc_behavioral
e3_exact_online,prior,2,20,dp_direct,late,exact_optimal_agreement,1.0,1.0,1.0,200,800,post_hoc_behavioral
e3_exact_online,prior,2,20,dp_direct,middle,posterior_mean_greedy,0.9566666666666666,0.9458333333333333,0.9666666666666667,200,2400,post_hoc_behavioral
e3_exact_online,prior,2,20,dp_direct,middle,strict_non_greedy,0.04333333333333334,0.03333333333333333,0.05416666666666666,200,2400,post_hoc_behavioral
e3_exact_online,prior,2,20,dp_direct,middle,unseen_arm,0.005833333333333333,0.0029166666666666664,0.00875,200,2400,post_hoc_behavioral
e3_exact_online,prior,2,20,dp_direct,middle,lower_mean_higher_sd,0.04333333333333334,0.03333333333333333,0.05416666666666666,200,2400,post_hoc_behavioral
e3_exact_online,prior,2,20,dp_direct,middle,equal_mean_higher_sd,0.004166666666666667,0.0016666666666666666,0.0075,200,2400,post_hoc_behavioral
e3_exact_online,prior,2,20,dp_direct,middle,unequal_sd_greedy_tie_available,0.004166666666666667,0.0016666666666666666,0.0075,200,2400,post_hoc_behavioral
e3_exact_online,prior,2,20,dp_direct,middle,posterior_mean_deficit,0.0026550613738113736,0.0020907213735338738,0.0032721324971324967,200,2400,post_hoc_behavioral
e3_exact_online,prior,2,20,dp_direct,middle,chosen_posterior_sd,0.14060081142628572,0.1369988889728561,0.14413207647670684,200,2400,post_hoc_behavioral
e3_exact_online,prior,2,20,dp_direct,middle,bayes_ucb_agreement,0.9191666666666667,0.9,0.9370833333333333,200,2400,post_hoc_behavioral
e3_exact_online,prior,2,20,dp_direct,middle,knowledge_gradient_agreement,0.9379166666666666,0.91875,0.9558333333333333,200,2400,post_hoc_behavioral
e3_exact_online,prior,2,20,dp_direct,middle,bayes_ucb_top_set_size,1.0308333333333333,1.0191666666666666,1.0441666666666667,200,2400,post_hoc_behavioral
e3_exact_online,prior,2,20,dp_direct,middle,knowledge_gradient_top_set_size,1.0316666666666665,1.02,1.045,200,2400,post_hoc_behavioral
e3_exact_online,prior,2,20,dp_direct,middle,exact_loss,0.0,0.0,0.0,200,2400,post_hoc_behavioral
e3_exact_online,prior,2,20,dp_direct,middle,strict_exploration_required,0.04333333333333334,0.03333333333333333,0.05416666666666666,200,2400,post_hoc_behavioral
e3_exact_online,prior,2,20,dp_direct,middle,useful_non_greedy,0.04333333333333334,0.03333333333333333,0.05458333333333333,200,2400,post_hoc_behavioral
e3_exact_online,prior,2,20,dp_direct,middle,inferior_non_greedy,0.0,0.0,0.0,200,2400,post_hoc_behavioral
e3_exact_online,prior,2,20,dp_direct,middle,neutral_non_greedy,0.0,0.0,0.0,200,2400,post_hoc_behavioral
e3_exact_online,prior,2,20,dp_direct,middle,exact_optimal_agreement,1.0,1.0,1.0,200,2400,post_hoc_behavioral
e3_exact_online,prior,2,20,exact,early,posterior_mean_greedy,0.9775,0.9675,0.98625,200,800,post_hoc_behavioral
e3_exact_online,prior,2,20,exact,early,strict_non_greedy,0.0225,0.01375,0.0325,200,800,post_hoc_behavioral
e3_exact_online,prior,2,20,exact,early,unseen_arm,0.4425,0.4275,0.45625,200,800,post_hoc_behavioral
e3_exact_online,prior,2,20,exact,early,lower_mean_higher_sd,0.0225,0.0125,0.0325,200,800,post_hoc_behavioral
e3_exact_online,prior,2,20,exact,early,equal_mean_higher_sd,0.05,0.03625,0.06375,200,800,post_hoc_behavioral
e3_exact_online,prior,2,20,exact,early,unequal_sd_greedy_tie_available,0.05,0.03625,0.065,200,800,post_hoc_behavioral
e3_exact_online,prior,2,20,exact,early,posterior_mean_deficit,0.0022499999999999994,0.0013749999999999995,0.003374999999999999,200,800,post_hoc_behavioral
e3_exact_online,prior,2,20,exact,early,chosen_posterior_sd,0.24908723694666207,0.24685248078351923,0.2513066353420584,200,800,post_hoc_behavioral
e3_exact_online,prior,2,20,exact,early,bayes_ucb_agreement,0.9775,0.9675,0.9875,200,800,post_hoc_behavioral
e3_exact_online,prior,2,20,exact,early,knowledge_gradient_agreement,0.955,0.94125,0.9675,200,800,post_hoc_behavioral
e3_exact_online,prior,2,20,exact,early,bayes_ucb_top_set_size,1.30875,1.29375,1.32375,200,800,post_hoc_behavioral
e3_exact_online,prior,2,20,exact,early,knowledge_gradient_top_set_size,1.30875,1.295,1.32375,200,800,post_hoc_behavioral
e3_exact_online,prior,2,20,exact,early,exact_loss,0.0,0.0,0.0,200,800,post_hoc_behavioral
e3_exact_online,prior,2,20,exact,early,strict_exploration_required,0.0225,0.0125,0.0325,200,800,post_hoc_behavioral
e3_exact_online,prior,2,20,exact,early,useful_non_greedy,0.0225,0.01375,0.0325,200,800,post_hoc_behavioral
e3_exact_online,prior,2,20,exact,early,inferior_non_greedy,0.0,0.0,0.0,200,800,post_hoc_behavioral
e3_exact_online,prior,2,20,exact,early,neutral_non_greedy,0.0,0.0,0.0,200,800,post_hoc_behavioral
e3_exact_online,prior,2,20,exact,early,exact_optimal_agreement,1.0,1.0,1.0,200,800,post_hoc_behavioral
e3_exact_online,prior,2,20,exact,late,posterior_mean_greedy,0.9875,0.98,0.99375,200,800,post_hoc_behavioral
e3_exact_online,prior,2,20,exact,late,strict_non_greedy,0.0125,0.00625,0.02125,200,800,post_hoc_behavioral
e3_exact_online,prior,2,20,exact,late,unseen_arm,0.0025,0.0,0.00625,200,800,post_hoc_behavioral
e3_exact_online,prior,2,20,exact,late,lower_mean_higher_sd,0.0125,0.005,0.02,200,800,post_hoc_behavioral
e3_exact_online,prior,2,20,exact,late,equal_mean_higher_sd,0.00375,0.0,0.00875,200,800,post_hoc_behavioral
e3_exact_online,prior,2,20,exact,late,unequal_sd_greedy_tie_available,0.00375,0.0,0.00875,200,800,post_hoc_behavioral
e3_exact_online,prior,2,20,exact,late,posterior_mean_deficit,0.0004428149464914174,0.00010989010989011005,0.0009006904043668755,200,800,post_hoc_behavioral
e3_exact_online,prior,2,20,exact,late,chosen_posterior_sd,0.10096140752226347,0.09744325146647717,0.10457625134594113,200,800,post_hoc_behavioral
e3_exact_online,prior,2,20,exact,late,bayes_ucb_agreement,0.7625,0.7075,0.815,200,800,post_hoc_behavioral
e3_exact_online,prior,2,20,exact,late,knowledge_gradient_agreement,0.99,0.9825,0.99625,200,800,post_hoc_behavioral
e3_exact_online,prior,2,20,exact,late,bayes_ucb_top_set_size,1.00625,1.00125,1.01375,200,800,post_hoc_behavioral
e3_exact_online,prior,2,20,exact,late,knowledge_gradient_top_set_size,1.00625,1.00125,1.01375,200,800,post_hoc_behavioral
e3_exact_online,prior,2,20,exact,late,exact_loss,0.0,0.0,0.0,200,800,post_hoc_behavioral
e3_exact_online,prior,2,20,exact,late,strict_exploration_required,0.0125,0.005,0.02,200,800,post_hoc_behavioral
e3_exact_online,prior,2,20,exact,late,useful_non_greedy,0.0125,0.005,0.02125,200,800,post_hoc_behavioral
e3_exact_online,prior,2,20,exact,late,inferior_non_greedy,0.0,0.0,0.0,200,800,post_hoc_behavioral
e3_exact_online,prior,2,20,exact,late,neutral_non_greedy,0.0,0.0,0.0,200,800,post_hoc_behavioral
e3_exact_online,prior,2,20,exact,late,exact_optimal_agreement,1.0,1.0,1.0,200,800,post_hoc_behavioral
e3_exact_online,prior,2,20,exact,middle,posterior_mean_greedy,0.9595833333333332,0.9491666666666666,0.96875,200,2400,post_hoc_behavioral
e3_exact_online,prior,2,20,exact,middle,strict_non_greedy,0.04041666666666666,0.03083333333333333,0.05041666666666667,200,2400,post_hoc_behavioral
e3_exact_online,prior,2,20,exact,middle,unseen_arm,0.005416666666666666,0.0029166666666666664,0.008333333333333333,200,2400,post_hoc_behavioral
e3_exact_online,prior,2,20,exact,middle,lower_mean_higher_sd,0.04041666666666666,0.03083333333333333,0.05041666666666666,200,2400,post_hoc_behavioral
e3_exact_online,prior,2,20,exact,middle,equal_mean_higher_sd,0.0045833333333333325,0.0016666666666666666,0.007916666666666666,200,2400,post_hoc_behavioral
e3_exact_online,prior,2,20,exact,middle,unequal_sd_greedy_tie_available,0.0045833333333333325,0.0016666666666666666,0.007916666666666666,200,2400,post_hoc_behavioral
e3_exact_online,prior,2,20,exact,middle,posterior_mean_deficit,0.0024750469437969437,0.0019151522378084878,0.003074560104247604,200,2400,post_hoc_behavioral
e3_exact_online,prior,2,20,exact,middle,chosen_posterior_sd,0.13985913291522423,0.1361860836791715,0.14334747164927242,200,2400,post_hoc_behavioral
e3_exact_online,prior,2,20,exact,middle,bayes_ucb_agreement,0.9229166666666666,0.9058333333333333,0.9395833333333334,200,2400,post_hoc_behavioral
e3_exact_online,prior,2,20,exact,middle,knowledge_gradient_agreement,0.9370833333333333,0.9179166666666666,0.9545833333333335,200,2400,post_hoc_behavioral
e3_exact_online,prior,2,20,exact,middle,bayes_ucb_top_set_size,1.0308333333333333,1.0191666666666668,1.0441666666666665,200,2400,post_hoc_behavioral
e3_exact_online,prior,2,20,exact,middle,knowledge_gradient_top_set_size,1.0316666666666665,1.02,1.045,200,2400,post_hoc_behavioral
e3_exact_online,prior,2,20,exact,middle,exact_loss,0.0,0.0,0.0,200,2400,post_hoc_behavioral
e3_exact_online,prior,2,20,exact,middle,strict_exploration_required,0.04041666666666666,0.03083333333333333,0.05041666666666666,200,2400,post_hoc_behavioral
e3_exact_online,prior,2,20,exact,middle,useful_non_greedy,0.04041666666666666,0.03083333333333333,0.05083333333333333,200,2400,post_hoc_behavioral
e3_exact_online,prior,2,20,exact,middle,inferior_non_greedy,0.0,0.0,0.0,200,2400,post_hoc_behavioral
e3_exact_online,prior,2,20,exact,middle,neutral_non_greedy,0.0,0.0,0.0,200,2400,post_hoc_behavioral
e3_exact_online,prior,2,20,exact,middle,exact_optimal_agreement,1.0,1.0,1.0,200,2400,post_hoc_behavioral
e3_exact_online,prior,2,20,finite_ap_index,early,posterior_mean_greedy,0.97375,0.9625,0.98375,200,800,post_hoc_behavioral
e3_exact_online,prior,2,20,finite_ap_index,early,strict_non_greedy,0.02625,0.01625,0.0375,200,800,post_hoc_behavioral
e3_exact_online,prior,2,20,finite_ap_index,early,unseen_arm,0.445,0.43,0.45875,200,800,post_hoc_behavioral
e3_exact_online,prior,2,20,finite_ap_index,early,lower_mean_higher_sd,0.02625,0.01625,0.0375,200,800,post_hoc_behavioral
e3_exact_online,prior,2,20,finite_ap_index,early,equal_mean_higher_sd,0.04125,0.02875,0.055,200,800,post_hoc_behavioral
e3_exact_online,prior,2,20,finite_ap_index,early,unequal_sd_greedy_tie_available,0.04125,0.02875,0.055,200,800,post_hoc_behavioral
e3_exact_online,prior,2,20,finite_ap_index,early,posterior_mean_deficit,0.0026249999999999997,0.0016249999999999997,0.003749999999999999,200,800,post_hoc_behavioral
e3_exact_online,prior,2,20,finite_ap_index,early,chosen_posterior_sd,0.24910690343885367,0.24691779266637404,0.251248715138433,200,800,post_hoc_behavioral
e3_exact_online,prior,2,20,finite_ap_index,early,bayes_ucb_agreement,0.97375,0.9625,0.98375,200,800,post_hoc_behavioral
e3_exact_online,prior,2,20,finite_ap_index,early,knowledge_gradient_agreement,0.96625,0.95375,0.9775,200,800,post_hoc_behavioral
e3_exact_online,prior,2,20,finite_ap_index,early,bayes_ucb_top_set_size,1.30875,1.29375,1.32375,200,800,post_hoc_behavioral
e3_exact_online,prior,2,20,finite_ap_index,early,knowledge_gradient_top_set_size,1.30875,1.29375,1.32375,200,800,post_hoc_behavioral
e3_exact_online,prior,2,20,finite_ap_index,early,exact_loss,0.0,0.0,0.0,200,800,post_hoc_behavioral
e3_exact_online,prior,2,20,finite_ap_index,early,strict_exploration_required,0.02625,0.01625,0.0375,200,800,post_hoc_behavioral
e3_exact_online,prior,2,20,finite_ap_index,early,useful_non_greedy,0.02625,0.01625,0.0375,200,800,post_hoc_behavioral
e3_exact_online,prior,2,20,finite_ap_index,early,inferior_non_greedy,0.0,0.0,0.0,200,800,post_hoc_behavioral
e3_exact_online,prior,2,20,finite_ap_index,early,neutral_non_greedy,0.0,0.0,0.0,200,800,post_hoc_behavioral
e3_exact_online,prior,2,20,finite_ap_index,early,exact_optimal_agreement,1.0,1.0,1.0,200,800,post_hoc_behavioral
e3_exact_online,prior,2,20,finite_ap_index,late,posterior_mean_greedy,0.9925,0.98625,0.9975,200,800,post_hoc_behavioral
e3_exact_online,prior,2,20,finite_ap_index,late,strict_non_greedy,0.0075,0.0025,0.01375,200,800,post_hoc_behavioral
e3_exact_online,prior,2,20,finite_ap_index,late,unseen_arm,0.0,0.0,0.0,200,800,post_hoc_behavioral
e3_exact_online,prior,2,20,finite_ap_index,late,lower_mean_higher_sd,0.0075,0.0025,0.01375,200,800,post_hoc_behavioral
e3_exact_online,prior,2,20,finite_ap_index,late,equal_mean_higher_sd,0.0025,0.0,0.00625,200,800,post_hoc_behavioral
e3_exact_online,prior,2,20,finite_ap_index,late,unequal_sd_greedy_tie_available,0.0025,0.0,0.00625,200,800,post_hoc_behavioral
e3_exact_online,prior,2,20,finite_ap_index,late,posterior_mean_deficit,8.241758241758254e-05,2.7472527472527513e-05,0.00015109890109890132,200,800,post_hoc_behavioral
e3_exact_online,prior,2,20,finite_ap_index,late,chosen_posterior_sd,0.10047998693185767,0.09720809343752519,0.10367097194153507,200,800,post_hoc_behavioral
e3_exact_online,prior,2,20,finite_ap_index,late,bayes_ucb_agreement,0.71625,0.65875,0.77375,200,800,post_hoc_behavioral
e3_exact_online,prior,2,20,finite_ap_index,late,knowledge_gradient_agreement,0.98875,0.97875,0.99625,200,800,post_hoc_behavioral
e3_exact_online,prior,2,20,finite_ap_index,late,bayes_ucb_top_set_size,1.00625,1.00125,1.01375,200,800,post_hoc_behavioral
e3_exact_online,prior,2,20,finite_ap_index,late,knowledge_gradient_top_set_size,1.00625,1.00125,1.01375,200,800,post_hoc_behavioral
e3_exact_online,prior,2,20,finite_ap_index,late,exact_loss,4.0854539071589205e-05,1.6352694924121058e-06,0.00010409628313763686,200,800,post_hoc_behavioral
e3_exact_online,prior,2,20,finite_ap_index,late,strict_exploration_required,0.015,0.00625,0.025,200,800,post_hoc_behavioral
e3_exact_online,prior,2,20,finite_ap_index,late,useful_non_greedy,0.0075,0.0025,0.01375,200,800,post_hoc_behavioral
e3_exact_online,prior,2,20,finite_ap_index,late,inferior_non_greedy,0.0,0.0,0.0,200,800,post_hoc_behavioral
e3_exact_online,prior,2,20,finite_ap_index,late,neutral_non_greedy,0.0,0.0,0.0,200,800,post_hoc_behavioral
e3_exact_online,prior,2,20,finite_ap_index,late,exact_optimal_agreement,0.9925,0.98375,0.99875,200,800,post_hoc_behavioral
e3_exact_online,prior,2,20,finite_ap_index,middle,posterior_mean_greedy,0.9716666666666667,0.9633333333333333,0.9795833333333333,200,2400,post_hoc_behavioral
e3_exact_online,prior,2,20,finite_ap_index,middle,strict_non_greedy,0.028333333333333332,0.02083333333333333,0.03666666666666667,200,2400,post_hoc_behavioral
e3_exact_online,prior,2,20,finite_ap_index,middle,unseen_arm,0.00375,0.0016666666666666666,0.00625,200,2400,post_hoc_behavioral
e3_exact_online,prior,2,20,finite_ap_index,middle,lower_mean_higher_sd,0.028333333333333332,0.02083333333333333,0.03666666666666666,200,2400,post_hoc_behavioral
e3_exact_online,prior,2,20,finite_ap_index,middle,equal_mean_higher_sd,0.010833333333333332,0.006666666666666666,0.015416666666666665,200,2400,post_hoc_behavioral
e3_exact_online,prior,2,20,finite_ap_index,middle,unequal_sd_greedy_tie_available,0.010833333333333332,0.007083333333333333,0.015416666666666665,200,2400,post_hoc_behavioral
e3_exact_online,prior,2,20,finite_ap_index,middle,posterior_mean_deficit,0.001350241193991194,0.000969776172901173,0.001763997663216413,200,2400,post_hoc_behavioral
e3_exact_online,prior,2,20,finite_ap_index,middle,chosen_posterior_sd,0.1396240145359366,0.1360219718498789,0.14310990863991266,200,2400,post_hoc_behavioral
e3_exact_online,prior,2,20,finite_ap_index,middle,bayes_ucb_agreement,0.9204166666666667,0.9008333333333333,0.93875,200,2400,post_hoc_behavioral
e3_exact_online,prior,2,20,finite_ap_index,middle,knowledge_gradient_agreement,0.9154166666666668,0.8941666666666666,0.9354166666666666,200,2400,post_hoc_behavioral
e3_exact_online,prior,2,20,finite_ap_index,middle,bayes_ucb_top_set_size,1.0295833333333333,1.0175,1.0425,200,2400,post_hoc_behavioral
e3_exact_online,prior,2,20,finite_ap_index,middle,knowledge_gradient_top_set_size,1.0304166666666665,1.01875,1.04375,200,2400,post_hoc_behavioral
e3_exact_online,prior,2,20,finite_ap_index,middle,exact_loss,0.0001233236814568911,8.086003340289526e-05,0.0001715437277337339,200,2400,post_hoc_behavioral
e3_exact_online,prior,2,20,finite_ap_index,middle,strict_exploration_required,0.05291666666666666,0.04041666666666666,0.06666666666666667,200,2400,post_hoc_behavioral
e3_exact_online,prior,2,20,finite_ap_index,middle,useful_non_greedy,0.028333333333333332,0.020416666666666666,0.03666666666666667,200,2400,post_hoc_behavioral
e3_exact_online,prior,2,20,finite_ap_index,middle,inferior_non_greedy,0.0,0.0,0.0,200,2400,post_hoc_behavioral
e3_exact_online,prior,2,20,finite_ap_index,middle,neutral_non_greedy,0.0,0.0,0.0,200,2400,post_hoc_behavioral
e3_exact_online,prior,2,20,finite_ap_index,middle,exact_optimal_agreement,0.9754166666666666,0.9679166666666668,0.9820833333333333,200,2400,post_hoc_behavioral
e3_exact_online,prior,2,20,greedy,early,posterior_mean_greedy,1.0,1.0,1.0,200,800,post_hoc_behavioral
e3_exact_online,prior,2,20,greedy,early,strict_non_greedy,0.0,0.0,0.0,200,800,post_hoc_behavioral
e3_exact_online,prior,2,20,greedy,early,unseen_arm,0.4,0.3825,0.41625,200,800,post_hoc_behavioral
e3_exact_online,prior,2,20,greedy,early,lower_mean_higher_sd,0.0,0.0,0.0,200,800,post_hoc_behavioral
e3_exact_online,prior,2,20,greedy,early,equal_mean_higher_sd,0.02875,0.01875,0.04,200,800,post_hoc_behavioral
e3_exact_online,prior,2,20,greedy,early,unequal_sd_greedy_tie_available,0.0475,0.03375,0.06125,200,800,post_hoc_behavioral
e3_exact_online,prior,2,20,greedy,early,posterior_mean_deficit,0.0,0.0,0.0,200,800,post_hoc_behavioral
e3_exact_online,prior,2,20,greedy,early,chosen_posterior_sd,0.24492510801614353,0.24254594947781963,0.24726701946037832,200,800,post_hoc_behavioral
e3_exact_online,prior,2,20,greedy,early,bayes_ucb_agreement,0.98125,0.97125,0.99,200,800,post_hoc_behavioral
e3_exact_online,prior,2,20,greedy,early,knowledge_gradient_agreement,0.9025,0.8825,0.9225,200,800,post_hoc_behavioral
e3_exact_online,prior,2,20,greedy,early,bayes_ucb_top_set_size,1.30875,1.295,1.32375,200,800,post_hoc_behavioral
e3_exact_online,prior,2,20,greedy,early,knowledge_gradient_top_set_size,1.30875,1.295,1.32375,200,800,post_hoc_behavioral
e3_exact_online,prior,2,20,greedy,early,exact_loss,0.002793260849317507,0.0018755389783059063,0.0037941420822938587,200,800,post_hoc_behavioral
e3_exact_online,prior,2,20,greedy,early,strict_exploration_required,0.04,0.0275,0.0525,200,800,post_hoc_behavioral
e3_exact_online,prior,2,20,greedy,early,useful_non_greedy,0.0,0.0,0.0,200,800,post_hoc_behavioral
e3_exact_online,prior,2,20,greedy,early,inferior_non_greedy,0.0,0.0,0.0,200,800,post_hoc_behavioral
e3_exact_online,prior,2,20,greedy,early,neutral_non_greedy,0.0,0.0,0.0,200,800,post_hoc_behavioral
e3_exact_online,prior,2,20,greedy,early,exact_optimal_agreement,0.94125,0.9225,0.95875,200,800,post_hoc_behavioral
e3_exact_online,prior,2,20,greedy,late,posterior_mean_greedy,1.0,1.0,1.0,200,800,post_hoc_behavioral
e3_exact_online,prior,2,20,greedy,late,strict_non_greedy,0.0,0.0,0.0,200,800,post_hoc_behavioral
e3_exact_online,prior,2,20,greedy,late,unseen_arm,0.0025,0.0,0.00625,200,800,post_hoc_behavioral
e3_exact_online,prior,2,20,greedy,late,lower_mean_higher_sd,0.0,0.0,0.0,200,800,post_hoc_behavioral
e3_exact_online,prior,2,20,greedy,late,equal_mean_higher_sd,0.005,0.00125,0.01,200,800,post_hoc_behavioral
e3_exact_online,prior,2,20,greedy,late,unequal_sd_greedy_tie_available,0.0175,0.00875,0.0275,200,800,post_hoc_behavioral
e3_exact_online,prior,2,20,greedy,late,posterior_mean_deficit,0.0,0.0,0.0,200,800,post_hoc_behavioral
e3_exact_online,prior,2,20,greedy,late,chosen_posterior_sd,0.09987750615433148,0.09644061820885838,0.10330324076414903,200,800,post_hoc_behavioral
e3_exact_online,prior,2,20,greedy,late,bayes_ucb_agreement,0.62125,0.55625,0.685,200,800,post_hoc_behavioral
e3_exact_online,prior,2,20,greedy,late,knowledge_gradient_agreement,0.945,0.92125,0.96625,200,800,post_hoc_behavioral
e3_exact_online,prior,2,20,greedy,late,bayes_ucb_top_set_size,1.00625,1.00125,1.01375,200,800,post_hoc_behavioral
e3_exact_online,prior,2,20,greedy,late,knowledge_gradient_top_set_size,1.00625,1.00125,1.01375,200,800,post_hoc_behavioral
e3_exact_online,prior,2,20,greedy,late,exact_loss,0.0009424971731832623,0.0003881062537053727,0.0016850613885061423,200,800,post_hoc_behavioral
e3_exact_online,prior,2,20,greedy,late,strict_exploration_required,0.03625,0.02,0.05375,200,800,post_hoc_behavioral
e3_exact_online,prior,2,20,greedy,late,useful_non_greedy,0.0,0.0,0.0,200,800,post_hoc_behavioral
e3_exact_online,prior,2,20,greedy,late,inferior_non_greedy,0.0,0.0,0.0,200,800,post_hoc_behavioral
e3_exact_online,prior,2,20,greedy,late,neutral_non_greedy,0.0,0.0,0.0,200,800,post_hoc_behavioral
e3_exact_online,prior,2,20,greedy,late,exact_optimal_agreement,0.95125,0.92875,0.97125,200,800,post_hoc_behavioral
e3_exact_online,prior,2,20,greedy,middle,posterior_mean_greedy,1.0,1.0,1.0,200,2400,post_hoc_behavioral
e3_exact_online,prior,2,20,greedy,middle,strict_non_greedy,0.0,0.0,0.0,200,2400,post_hoc_behavioral
e3_exact_online,prior,2,20,greedy,middle,unseen_arm,0.008749999999999999,0.005416666666666666,0.0125,200,2400,post_hoc_behavioral
e3_exact_online,prior,2,20,greedy,middle,lower_mean_higher_sd,0.0,0.0,0.0,200,2400,post_hoc_behavioral
e3_exact_online,prior,2,20,greedy,middle,equal_mean_higher_sd,0.01958333333333333,0.01375,0.02583333333333333,200,2400,post_hoc_behavioral
e3_exact_online,prior,2,20,greedy,middle,unequal_sd_greedy_tie_available,0.03333333333333333,0.024166666666666666,0.04333333333333333,200,2400,post_hoc_behavioral
e3_exact_online,prior,2,20,greedy,middle,posterior_mean_deficit,0.0,0.0,0.0,200,2400,post_hoc_behavioral
e3_exact_online,prior,2,20,greedy,middle,chosen_posterior_sd,0.13760622699005565,0.13410322629726087,0.14117151075008222,200,2400,post_hoc_behavioral
e3_exact_online,prior,2,20,greedy,middle,bayes_ucb_agreement,0.7775,0.7383333333333334,0.8158333333333333,200,2400,post_hoc_behavioral
e3_exact_online,prior,2,20,greedy,middle,knowledge_gradient_agreement,0.8420833333333333,0.81,0.8725,200,2400,post_hoc_behavioral
e3_exact_online,prior,2,20,greedy,middle,bayes_ucb_top_set_size,1.0270833333333333,1.0154166666666666,1.0404166666666668,200,2400,post_hoc_behavioral
e3_exact_online,prior,2,20,greedy,middle,knowledge_gradient_top_set_size,1.0279166666666668,1.01625,1.04125,200,2400,post_hoc_behavioral
e3_exact_online,prior,2,20,greedy,middle,exact_loss,0.003950513490471111,0.002783830769812707,0.005299385922010106,200,2400,post_hoc_behavioral
e3_exact_online,prior,2,20,greedy,middle,strict_exploration_required,0.11083333333333333,0.08583333333333334,0.1366666666666667,200,2400,post_hoc_behavioral
e3_exact_online,prior,2,20,greedy,middle,useful_non_greedy,0.0,0.0,0.0,200,2400,post_hoc_behavioral
e3_exact_online,prior,2,20,greedy,middle,inferior_non_greedy,0.0,0.0,0.0,200,2400,post_hoc_behavioral
e3_exact_online,prior,2,20,greedy,middle,neutral_non_greedy,0.0,0.0,0.0,200,2400,post_hoc_behavioral
e3_exact_online,prior,2,20,greedy,middle,exact_optimal_agreement,0.8754166666666666,0.8458333333333334,0.9020833333333332,200,2400,post_hoc_behavioral
e3_exact_online,prior,2,20,ids,early,posterior_mean_greedy,0.98625,0.9775,0.99375,200,800,post_hoc_behavioral
e3_exact_online,prior,2,20,ids,early,strict_non_greedy,0.01375,0.00625,0.0225,200,800,post_hoc_behavioral
e3_exact_online,prior,2,20,ids,early,unseen_arm,0.43,0.415,0.445,200,800,post_hoc_behavioral
e3_exact_online,prior,2,20,ids,early,lower_mean_higher_sd,0.01375,0.00625,0.0225,200,800,post_hoc_behavioral
e3_exact_online,prior,2,20,ids,early,equal_mean_higher_sd,0.0425,0.03,0.05625,200,800,post_hoc_behavioral
e3_exact_online,prior,2,20,ids,early,unequal_sd_greedy_tie_available,0.0425,0.03,0.05625,200,800,post_hoc_behavioral
e3_exact_online,prior,2,20,ids,early,posterior_mean_deficit,0.0013749999999999995,0.0006249999999999999,0.0022499999999999994,200,800,post_hoc_behavioral
e3_exact_online,prior,2,20,ids,early,chosen_posterior_sd,0.24767556015398218,0.24529754797499623,0.2500469899088712,200,800,post_hoc_behavioral
e3_exact_online,prior,2,20,ids,early,bayes_ucb_agreement,0.98625,0.9775,0.99375,200,800,post_hoc_behavioral
e3_exact_online,prior,2,20,ids,early,knowledge_gradient_agreement,0.95125,0.9375,0.965,200,800,post_hoc_behavioral
e3_exact_online,prior,2,20,ids,early,bayes_ucb_top_set_size,1.30875,1.295,1.32375,200,800,post_hoc_behavioral
e3_exact_online,prior,2,20,ids,early,knowledge_gradient_top_set_size,1.30875,1.295,1.32375,200,800,post_hoc_behavioral
e3_exact_online,prior,2,20,ids,early,exact_loss,0.0002910577668766279,8.315936196475082e-05,0.0005405358527708804,200,800,post_hoc_behavioral
e3_exact_online,prior,2,20,ids,early,strict_exploration_required,0.0225,0.01375,0.0325,200,800,post_hoc_behavioral
e3_exact_online,prior,2,20,ids,early,useful_non_greedy,0.01375,0.00625,0.0225,200,800,post_hoc_behavioral
e3_exact_online,prior,2,20,ids,early,inferior_non_greedy,0.0,0.0,0.0,200,800,post_hoc_behavioral
e3_exact_online,prior,2,20,ids,early,neutral_non_greedy,0.0,0.0,0.0,200,800,post_hoc_behavioral
e3_exact_online,prior,2,20,ids,early,exact_optimal_agreement,0.99125,0.985,0.9975,200,800,post_hoc_behavioral
e3_exact_online,prior,2,20,ids,late,posterior_mean_greedy,0.95,0.9325,0.96625,200,800,post_hoc_behavioral
e3_exact_online,prior,2,20,ids,late,strict_non_greedy,0.05,0.03375,0.0675,200,800,post_hoc_behavioral
e3_exact_online,prior,2,20,ids,late,unseen_arm,0.00625,0.00125,0.0125,200,800,post_hoc_behavioral
e3_exact_online,prior,2,20,ids,late,lower_mean_higher_sd,0.05,0.03375,0.0675,200,800,post_hoc_behavioral
e3_exact_online,prior,2,20,ids,late,equal_mean_higher_sd,0.00125,0.0,0.00375,200,800,post_hoc_behavioral
e3_exact_online,prior,2,20,ids,late,unequal_sd_greedy_tie_available,0.00125,0.0,0.00375,200,800,post_hoc_behavioral
e3_exact_online,prior,2,20,ids,late,posterior_mean_deficit,0.00512180816152372,0.0032067827453602905,0.007269559462617707,200,800,post_hoc_behavioral
e3_exact_online,prior,2,20,ids,late,chosen_posterior_sd,0.10627469881455275,0.10201731332123827,0.11062504882356901,200,800,post_hoc_behavioral
e3_exact_online,prior,2,20,ids,late,bayes_ucb_agreement,0.89875,0.86375,0.93,200,800,post_hoc_behavioral
e3_exact_online,prior,2,20,ids,late,knowledge_gradient_agreement,0.95,0.93375,0.965,200,800,post_hoc_behavioral
e3_exact_online,prior,2,20,ids,late,bayes_ucb_top_set_size,1.00875,1.0025,1.01625,200,800,post_hoc_behavioral
e3_exact_online,prior,2,20,ids,late,knowledge_gradient_top_set_size,1.00875,1.0025,1.01625,200,800,post_hoc_behavioral
e3_exact_online,prior,2,20,ids,late,exact_loss,0.004465298683013465,0.0027429198758900757,0.006436929668431696,200,800,post_hoc_behavioral
e3_exact_online,prior,2,20,ids,late,strict_exploration_required,0.0025,0.0,0.00625,200,800,post_hoc_behavioral
e3_exact_online,prior,2,20,ids,late,useful_non_greedy,0.0025,0.0,0.00625,200,800,post_hoc_behavioral
e3_exact_online,prior,2,20,ids,late,inferior_non_greedy,0.0475,0.0325,0.06375,200,800,post_hoc_behavioral
e3_exact_online,prior,2,20,ids,late,neutral_non_greedy,0.0,0.0,0.0,200,800,post_hoc_behavioral
e3_exact_online,prior,2,20,ids,late,exact_optimal_agreement,0.9525,0.93625,0.9675,200,800,post_hoc_behavioral
e3_exact_online,prior,2,20,ids,middle,posterior_mean_greedy,0.9466666666666665,0.935,0.9574999999999999,200,2400,post_hoc_behavioral
e3_exact_online,prior,2,20,ids,middle,strict_non_greedy,0.05333333333333333,0.04291666666666666,0.06458333333333333,200,2400,post_hoc_behavioral
e3_exact_online,prior,2,20,ids,middle,unseen_arm,0.009166666666666667,0.005833333333333333,0.012916666666666665,200,2400,post_hoc_behavioral
e3_exact_online,prior,2,20,ids,middle,lower_mean_higher_sd,0.05333333333333333,0.0425,0.06458333333333333,200,2400,post_hoc_behavioral
e3_exact_online,prior,2,20,ids,middle,equal_mean_higher_sd,0.010833333333333332,0.006666666666666666,0.015,200,2400,post_hoc_behavioral
e3_exact_online,prior,2,20,ids,middle,unequal_sd_greedy_tie_available,0.010833333333333332,0.006666666666666666,0.015,200,2400,post_hoc_behavioral
e3_exact_online,prior,2,20,ids,middle,posterior_mean_deficit,0.004384122243497244,0.00351045462061087,0.005301388643185517,200,2400,post_hoc_behavioral
e3_exact_online,prior,2,20,ids,middle,chosen_posterior_sd,0.14208802134556944,0.1383832556333149,0.1456916133831031,200,2400,post_hoc_behavioral
e3_exact_online,prior,2,20,ids,middle,bayes_ucb_agreement,0.9329166666666668,0.9145833333333333,0.9495833333333333,200,2400,post_hoc_behavioral
e3_exact_online,prior,2,20,ids,middle,knowledge_gradient_agreement,0.9175,0.8995833333333333,0.9341666666666666,200,2400,post_hoc_behavioral
e3_exact_online,prior,2,20,ids,middle,bayes_ucb_top_set_size,1.03125,1.0191666666666668,1.045,200,2400,post_hoc_behavioral
e3_exact_online,prior,2,20,ids,middle,knowledge_gradient_top_set_size,1.0320833333333332,1.02,1.0454166666666667,200,2400,post_hoc_behavioral
e3_exact_online,prior,2,20,ids,middle,exact_loss,0.0014271066346673402,0.00095794485941674,0.0019580761955100413,200,2400,post_hoc_behavioral
e3_exact_online,prior,2,20,ids,middle,strict_exploration_required,0.04291666666666666,0.0325,0.05375,200,2400,post_hoc_behavioral
e3_exact_online,prior,2,20,ids,middle,useful_non_greedy,0.0275,0.020416666666666666,0.035,200,2400,post_hoc_behavioral
e3_exact_online,prior,2,20,ids,middle,inferior_non_greedy,0.02583333333333333,0.01958333333333333,0.032499999999999994,200,2400,post_hoc_behavioral
e3_exact_online,prior,2,20,ids,middle,neutral_non_greedy,0.0,0.0,0.0,200,2400,post_hoc_behavioral
e3_exact_online,prior,2,20,ids,middle,exact_optimal_agreement,0.95875,0.95,0.9670833333333334,200,2400,post_hoc_behavioral
e3_exact_online,prior,2,20,knowledge_gradient,early,posterior_mean_greedy,0.93,0.91375,0.945,200,800,post_hoc_behavioral
e3_exact_online,prior,2,20,knowledge_gradient,early,strict_non_greedy,0.07,0.055,0.08625,200,800,post_hoc_behavioral
e3_exact_online,prior,2,20,knowledge_gradient,early,unseen_arm,0.44875,0.435,0.4625,200,800,post_hoc_behavioral
e3_exact_online,prior,2,20,knowledge_gradient,early,lower_mean_higher_sd,0.025,0.015,0.03625,200,800,post_hoc_behavioral
e3_exact_online,prior,2,20,knowledge_gradient,early,equal_mean_higher_sd,0.0425,0.03,0.055,200,800,post_hoc_behavioral
e3_exact_online,prior,2,20,knowledge_gradient,early,unequal_sd_greedy_tie_available,0.0425,0.03,0.05625,200,800,post_hoc_behavioral
e3_exact_online,prior,2,20,knowledge_gradient,early,posterior_mean_deficit,0.006249999999999998,0.004874999999999999,0.007687499999999998,200,800,post_hoc_behavioral
e3_exact_online,prior,2,20,knowledge_gradient,early,chosen_posterior_sd,0.24792588025653203,0.2458264954827159,0.24990651421516077,200,800,post_hoc_behavioral
e3_exact_online,prior,2,20,knowledge_gradient,early,bayes_ucb_agreement,0.93,0.91375,0.945,200,800,post_hoc_behavioral
e3_exact_online,prior,2,20,knowledge_gradient,early,knowledge_gradient_agreement,1.0,1.0,1.0,200,800,post_hoc_behavioral
e3_exact_online,prior,2,20,knowledge_gradient,early,bayes_ucb_top_set_size,1.30875,1.295,1.32375,200,800,post_hoc_behavioral
e3_exact_online,prior,2,20,knowledge_gradient,early,knowledge_gradient_top_set_size,1.30875,1.29375,1.32375,200,800,post_hoc_behavioral
e3_exact_online,prior,2,20,knowledge_gradient,early,exact_loss,0.0032340323080916854,0.0023356900002884395,0.004222208846675256,200,800,post_hoc_behavioral
e3_exact_online,prior,2,20,knowledge_gradient,early,strict_exploration_required,0.025,0.015,0.035,200,800,post_hoc_behavioral
e3_exact_online,prior,2,20,knowledge_gradient,early,useful_non_greedy,0.025,0.015,0.035,200,800,post_hoc_behavioral
e3_exact_online,prior,2,20,knowledge_gradient,early,inferior_non_greedy,0.045,0.0325,0.05875,200,800,post_hoc_behavioral
e3_exact_online,prior,2,20,knowledge_gradient,early,neutral_non_greedy,0.0,0.0,0.0,200,800,post_hoc_behavioral
e3_exact_online,prior,2,20,knowledge_gradient,early,exact_optimal_agreement,0.955,0.94125,0.9675,200,800,post_hoc_behavioral
e3_exact_online,prior,2,20,knowledge_gradient,late,posterior_mean_greedy,0.9925,0.98625,0.9975,200,800,post_hoc_behavioral
e3_exact_online,prior,2,20,knowledge_gradient,late,strict_non_greedy,0.0075,0.0025,0.01375,200,800,post_hoc_behavioral
e3_exact_online,prior,2,20,knowledge_gradient,late,unseen_arm,0.0,0.0,0.0,200,800,post_hoc_behavioral
e3_exact_online,prior,2,20,knowledge_gradient,late,lower_mean_higher_sd,0.00375,0.0,0.00875,200,800,post_hoc_behavioral
e3_exact_online,prior,2,20,knowledge_gradient,late,equal_mean_higher_sd,0.0,0.0,0.0,200,800,post_hoc_behavioral
e3_exact_online,prior,2,20,knowledge_gradient,late,unequal_sd_greedy_tie_available,0.0,0.0,0.0,200,800,post_hoc_behavioral
e3_exact_online,prior,2,20,knowledge_gradient,late,posterior_mean_deficit,0.00019130348817848828,3.40909090909091e-05,0.00041098484848484855,200,800,post_hoc_behavioral
e3_exact_online,prior,2,20,knowledge_gradient,late,chosen_posterior_sd,0.10133015819325678,0.09809864041781022,0.10456538984086645,200,800,post_hoc_behavioral
e3_exact_online,prior,2,20,knowledge_gradient,late,bayes_ucb_agreement,0.75875,0.7025,0.81125,200,800,post_hoc_behavioral
e3_exact_online,prior,2,20,knowledge_gradient,late,knowledge_gradient_agreement,1.0,1.0,1.0,200,800,post_hoc_behavioral
e3_exact_online,prior,2,20,knowledge_gradient,late,bayes_ucb_top_set_size,1.005,1.0,1.01125,200,800,post_hoc_behavioral
e3_exact_online,prior,2,20,knowledge_gradient,late,knowledge_gradient_top_set_size,1.00625,1.0,1.015,200,800,post_hoc_behavioral
e3_exact_online,prior,2,20,knowledge_gradient,late,exact_loss,4.432277188794555e-05,4.944824003981427e-06,0.00010131313001466635,200,800,post_hoc_behavioral
e3_exact_online,prior,2,20,knowledge_gradient,late,strict_exploration_required,0.0,0.0,0.0,200,800,post_hoc_behavioral
e3_exact_online,prior,2,20,knowledge_gradient,late,useful_non_greedy,0.0,0.0,0.0,200,800,post_hoc_behavioral
e3_exact_online,prior,2,20,knowledge_gradient,late,inferior_non_greedy,0.0075,0.0025,0.01375,200,800,post_hoc_behavioral
e3_exact_online,prior,2,20,knowledge_gradient,late,neutral_non_greedy,0.0,0.0,0.0,200,800,post_hoc_behavioral
e3_exact_online,prior,2,20,knowledge_gradient,late,exact_optimal_agreement,0.9925,0.98625,0.9975,200,800,post_hoc_behavioral
e3_exact_online,prior,2,20,knowledge_gradient,middle,posterior_mean_greedy,0.9145833333333333,0.8941666666666667,0.93375,200,2400,post_hoc_behavioral
e3_exact_online,prior,2,20,knowledge_gradient,middle,strict_non_greedy,0.08541666666666665,0.06666666666666667,0.10541666666666666,200,2400,post_hoc_behavioral
e3_exact_online,prior,2,20,knowledge_gradient,middle,unseen_arm,0.004583333333333333,0.0020833333333333333,0.0075,200,2400,post_hoc_behavioral
e3_exact_online,prior,2,20,knowledge_gradient,middle,lower_mean_higher_sd,0.05791666666666666,0.04541666666666666,0.07166666666666666,200,2400,post_hoc_behavioral
e3_exact_online,prior,2,20,knowledge_gradient,middle,equal_mean_higher_sd,0.00375,0.0016666666666666666,0.00625,200,2400,post_hoc_behavioral
e3_exact_online,prior,2,20,knowledge_gradient,middle,unequal_sd_greedy_tie_available,0.00375,0.0016666666666666666,0.00625,200,2400,post_hoc_behavioral
e3_exact_online,prior,2,20,knowledge_gradient,middle,posterior_mean_deficit,0.005138167388167389,0.0040914336820586815,0.0062255787037037045,200,2400,post_hoc_behavioral
e3_exact_online,prior,2,20,knowledge_gradient,middle,chosen_posterior_sd,0.14229706363197256,0.13870770751027275,0.14584134447203287,200,2400,post_hoc_behavioral
e3_exact_online,prior,2,20,knowledge_gradient,middle,bayes_ucb_agreement,0.8641666666666667,0.8383333333333334,0.88875,200,2400,post_hoc_behavioral
e3_exact_online,prior,2,20,knowledge_gradient,middle,knowledge_gradient_agreement,1.0,1.0,1.0,200,2400,post_hoc_behavioral
e3_exact_online,prior,2,20,knowledge_gradient,middle,bayes_ucb_top_set_size,1.0066666666666668,1.0033333333333332,1.0108333333333335,200,2400,post_hoc_behavioral
e3_exact_online,prior,2,20,knowledge_gradient,middle,knowledge_gradient_top_set_size,1.0075,1.00375,1.0120833333333332,200,2400,post_hoc_behavioral
e3_exact_online,prior,2,20,knowledge_gradient,middle,exact_loss,0.001540430881600318,0.0010745269724594076,0.0020628253730141234,200,2400,post_hoc_behavioral
e3_exact_online,prior,2,20,knowledge_gradient,middle,strict_exploration_required,0.030416666666666665,0.02375,0.03708333333333333,200,2400,post_hoc_behavioral
e3_exact_online,prior,2,20,knowledge_gradient,middle,useful_non_greedy,0.027916666666666666,0.021666666666666664,0.03458333333333333,200,2400,post_hoc_behavioral
e3_exact_online,prior,2,20,knowledge_gradient,middle,inferior_non_greedy,0.0575,0.04041666666666666,0.07541666666666666,200,2400,post_hoc_behavioral
e3_exact_online,prior,2,20,knowledge_gradient,middle,neutral_non_greedy,0.0,0.0,0.0,200,2400,post_hoc_behavioral
e3_exact_online,prior,2,20,knowledge_gradient,middle,exact_optimal_agreement,0.94,0.9220833333333333,0.9566666666666666,200,2400,post_hoc_behavioral
e3_exact_online,prior,2,20,random,early,posterior_mean_greedy,0.66375,0.6325,0.695,200,800,post_hoc_behavioral
e3_exact_online,prior,2,20,random,early,strict_non_greedy,0.33625,0.30625,0.3675,200,800,post_hoc_behavioral
e3_exact_online,prior,2,20,random,early,unseen_arm,0.47125,0.46,0.48125,200,800,post_hoc_behavioral
e3_exact_online,prior,2,20,random,early,lower_mean_higher_sd,0.15875,0.135,0.1825,200,800,post_hoc_behavioral
e3_exact_online,prior,2,20,random,early,equal_mean_higher_sd,0.0125,0.00625,0.02,200,800,post_hoc_behavioral
e3_exact_online,prior,2,20,random,early,unequal_sd_greedy_tie_available,0.0275,0.0175,0.03875,200,800,post_hoc_behavioral
e3_exact_online,prior,2,20,random,early,posterior_mean_deficit,0.07497916666666667,0.0659375,0.08391666666666665,200,800,post_hoc_behavioral
e3_exact_online,prior,2,20,random,early,chosen_posterior_sd,0.2537755434193219,0.2521066772138177,0.25532284649476716,200,800,post_hoc_behavioral
e3_exact_online,prior,2,20,random,early,bayes_ucb_agreement,0.64875,0.6175,0.68,200,800,post_hoc_behavioral
e3_exact_online,prior,2,20,random,early,knowledge_gradient_agreement,0.65625,0.625,0.68875,200,800,post_hoc_behavioral
e3_exact_online,prior,2,20,random,early,bayes_ucb_top_set_size,1.3125,1.2975,1.3275,200,800,post_hoc_behavioral
e3_exact_online,prior,2,20,random,early,knowledge_gradient_top_set_size,1.3125,1.2975,1.3275,200,800,post_hoc_behavioral
e3_exact_online,prior,2,20,random,early,exact_loss,0.06517008803246012,0.05719865655190985,0.0736593586303902,200,800,post_hoc_behavioral
e3_exact_online,prior,2,20,random,early,strict_exploration_required,0.02,0.01125,0.03,200,800,post_hoc_behavioral
e3_exact_online,prior,2,20,random,early,useful_non_greedy,0.0125,0.005,0.02,200,800,post_hoc_behavioral
e3_exact_online,prior,2,20,random,early,inferior_non_greedy,0.32375,0.2925,0.355,200,800,post_hoc_behavioral
e3_exact_online,prior,2,20,random,early,neutral_non_greedy,0.0,0.0,0.0,200,800,post_hoc_behavioral
e3_exact_online,prior,2,20,random,early,exact_optimal_agreement,0.65375,0.62375,0.68375,200,800,post_hoc_behavioral
e3_exact_online,prior,2,20,random,late,posterior_mean_greedy,0.525,0.49125,0.55875,200,800,post_hoc_behavioral
e3_exact_online,prior,2,20,random,late,strict_non_greedy,0.475,0.44,0.50875,200,800,post_hoc_behavioral
e3_exact_online,prior,2,20,random,late,unseen_arm,0.0,0.0,0.0,200,800,post_hoc_behavioral
e3_exact_online,prior,2,20,random,late,lower_mean_higher_sd,0.19375,0.1575,0.23125,200,800,post_hoc_behavioral
e3_exact_online,prior,2,20,random,late,equal_mean_higher_sd,0.0075,0.0025,0.01375,200,800,post_hoc_behavioral
e3_exact_online,prior,2,20,random,late,unequal_sd_greedy_tie_available,0.01,0.00375,0.0175,200,800,post_hoc_behavioral
e3_exact_online,prior,2,20,random,late,posterior_mean_deficit,0.1508949516578193,0.13321133144837188,0.16911503071836254,200,800,post_hoc_behavioral
e3_exact_online,prior,2,20,random,late,chosen_posterior_sd,0.12318651023025716,0.12059852162390541,0.12570624377267905,200,800,post_hoc_behavioral
e3_exact_online,prior,2,20,random,late,bayes_ucb_agreement,0.52375,0.48875,0.5575,200,800,post_hoc_behavioral
e3_exact_online,prior,2,20,random,late,knowledge_gradient_agreement,0.52375,0.49,0.55875,200,800,post_hoc_behavioral
e3_exact_online,prior,2,20,random,late,bayes_ucb_top_set_size,1.0125,1.005,1.02125,200,800,post_hoc_behavioral
e3_exact_online,prior,2,20,random,late,knowledge_gradient_top_set_size,1.015,1.00625,1.025,200,800,post_hoc_behavioral
e3_exact_online,prior,2,20,random,late,exact_loss,0.15089571109700506,0.132806384926293,0.16923222970360888,200,800,post_hoc_behavioral
e3_exact_online,prior,2,20,random,late,strict_exploration_required,0.0025,0.0,0.00625,200,800,post_hoc_behavioral
e3_exact_online,prior,2,20,random,late,useful_non_greedy,0.00125,0.0,0.00375,200,800,post_hoc_behavioral
e3_exact_online,prior,2,20,random,late,inferior_non_greedy,0.47375,0.44,0.5075,200,800,post_hoc_behavioral
e3_exact_online,prior,2,20,random,late,neutral_non_greedy,0.0,0.0,0.0,200,800,post_hoc_behavioral
e3_exact_online,prior,2,20,random,late,exact_optimal_agreement,0.5225,0.4875,0.55625,200,800,post_hoc_behavioral
e3_exact_online,prior,2,20,random,middle,posterior_mean_greedy,0.5270833333333332,0.5054166666666667,0.5491666666666667,200,2400,post_hoc_behavioral
e3_exact_online,prior,2,20,random,middle,strict_non_greedy,0.4729166666666667,0.45125,0.49458333333333326,200,2400,post_hoc_behavioral
e3_exact_online,prior,2,20,random,middle,unseen_arm,0.009583333333333333,0.006249999999999999,0.013333333333333332,200,2400,post_hoc_behavioral
e3_exact_online,prior,2,20,random,middle,lower_mean_higher_sd,0.21625,0.19,0.24333333333333335,200,2400,post_hoc_behavioral
e3_exact_online,prior,2,20,random,middle,equal_mean_higher_sd,0.0125,0.008333333333333333,0.01708333333333333,200,2400,post_hoc_behavioral
e3_exact_online,prior,2,20,random,middle,unequal_sd_greedy_tie_available,0.01833333333333333,0.012916666666666665,0.024166666666666666,200,2400,post_hoc_behavioral
e3_exact_online,prior,2,20,random,middle,posterior_mean_deficit,0.13999529521404522,0.12638785864020238,0.15456568605006105,200,2400,post_hoc_behavioral
e3_exact_online,prior,2,20,random,middle,chosen_posterior_sd,0.16302672229098164,0.1612437323780036,0.16484139316615617,200,2400,post_hoc_behavioral
e3_exact_online,prior,2,20,random,middle,bayes_ucb_agreement,0.5229166666666667,0.5016666666666666,0.5445833333333333,200,2400,post_hoc_behavioral
e3_exact_online,prior,2,20,random,middle,knowledge_gradient_agreement,0.5195833333333334,0.49791666666666673,0.5404166666666668,200,2400,post_hoc_behavioral
e3_exact_online,prior,2,20,random,middle,bayes_ucb_top_set_size,1.0283333333333333,1.0195833333333335,1.0375,200,2400,post_hoc_behavioral
e3_exact_online,prior,2,20,random,middle,knowledge_gradient_top_set_size,1.0291666666666668,1.0208333333333333,1.0383333333333333,200,2400,post_hoc_behavioral
e3_exact_online,prior,2,20,random,middle,exact_loss,0.13718992179300138,0.12374421939456601,0.15135547870089436,200,2400,post_hoc_behavioral
e3_exact_online,prior,2,20,random,middle,strict_exploration_required,0.014583333333333332,0.008333333333333333,0.021666666666666664,200,2400,post_hoc_behavioral
e3_exact_online,prior,2,20,random,middle,useful_non_greedy,0.007916666666666666,0.0045833333333333325,0.012083333333333333,200,2400,post_hoc_behavioral
e3_exact_online,prior,2,20,random,middle,inferior_non_greedy,0.465,0.44291666666666674,0.4866666666666667,200,2400,post_hoc_behavioral
e3_exact_online,prior,2,20,random,middle,neutral_non_greedy,0.0,0.0,0.0,200,2400,post_hoc_behavioral
e3_exact_online,prior,2,20,random,middle,exact_optimal_agreement,0.5225,0.5004166666666667,0.5445833333333333,200,2400,post_hoc_behavioral
e3_exact_online,prior,2,20,ts,early,posterior_mean_greedy,0.8225,0.79875,0.8475,200,800,post_hoc_behavioral
e3_exact_online,prior,2,20,ts,early,strict_non_greedy,0.1775,0.15375,0.20125,200,800,post_hoc_behavioral
e3_exact_online,prior,2,20,ts,early,unseen_arm,0.4525,0.43875,0.46625,200,800,post_hoc_behavioral
e3_exact_online,prior,2,20,ts,early,lower_mean_higher_sd,0.09125,0.07375,0.11,200,800,post_hoc_behavioral
e3_exact_online,prior,2,20,ts,early,equal_mean_higher_sd,0.02125,0.0125,0.03125,200,800,post_hoc_behavioral
e3_exact_online,prior,2,20,ts,early,unequal_sd_greedy_tie_available,0.0425,0.03,0.05625,200,800,post_hoc_behavioral
e3_exact_online,prior,2,20,ts,early,posterior_mean_deficit,0.030104166666666664,0.025458333333333333,0.034874999999999996,200,800,post_hoc_behavioral
e3_exact_online,prior,2,20,ts,early,chosen_posterior_sd,0.2510073231123805,0.24915442951547184,0.2527986431234596,200,800,post_hoc_behavioral
e3_exact_online,prior,2,20,ts,early,bayes_ucb_agreement,0.80125,0.7725,0.8275,200,800,post_hoc_behavioral
e3_exact_online,prior,2,20,ts,early,knowledge_gradient_agreement,0.80625,0.78,0.8325,200,800,post_hoc_behavioral
e3_exact_online,prior,2,20,ts,early,bayes_ucb_top_set_size,1.3075,1.29375,1.3225,200,800,post_hoc_behavioral
e3_exact_online,prior,2,20,ts,early,knowledge_gradient_top_set_size,1.3075,1.29375,1.3225,200,800,post_hoc_behavioral
e3_exact_online,prior,2,20,ts,early,exact_loss,0.02560295114042837,0.021548192795198436,0.029819146256614557,200,800,post_hoc_behavioral
e3_exact_online,prior,2,20,ts,early,strict_exploration_required,0.0275,0.0175,0.03875,200,800,post_hoc_behavioral
e3_exact_online,prior,2,20,ts,early,useful_non_greedy,0.015,0.0075,0.02375,200,800,post_hoc_behavioral
e3_exact_online,prior,2,20,ts,early,inferior_non_greedy,0.1625,0.13875,0.1875,200,800,post_hoc_behavioral
e3_exact_online,prior,2,20,ts,early,neutral_non_greedy,0.0,0.0,0.0,200,800,post_hoc_behavioral
e3_exact_online,prior,2,20,ts,early,exact_optimal_agreement,0.80375,0.77625,0.83,200,800,post_hoc_behavioral
e3_exact_online,prior,2,20,ts,late,posterior_mean_greedy,0.88375,0.85625,0.90875,200,800,post_hoc_behavioral
e3_exact_online,prior,2,20,ts,late,strict_non_greedy,0.11625,0.09125,0.14375,200,800,post_hoc_behavioral
e3_exact_online,prior,2,20,ts,late,unseen_arm,0.0,0.0,0.0,200,800,post_hoc_behavioral
e3_exact_online,prior,2,20,ts,late,lower_mean_higher_sd,0.06875,0.05,0.08875,200,800,post_hoc_behavioral
e3_exact_online,prior,2,20,ts,late,equal_mean_higher_sd,0.005,0.00125,0.01,200,800,post_hoc_behavioral
e3_exact_online,prior,2,20,ts,late,unequal_sd_greedy_tie_available,0.01,0.00375,0.01875,200,800,post_hoc_behavioral
e3_exact_online,prior,2,20,ts,late,posterior_mean_deficit,0.017770102274746236,0.013074437858699179,0.02267251485265466,200,800,post_hoc_behavioral
e3_exact_online,prior,2,20,ts,late,chosen_posterior_sd,0.11121305257120113,0.10746145308403222,0.11480180486531255,200,800,post_hoc_behavioral
e3_exact_online,prior,2,20,ts,late,bayes_ucb_agreement,0.8625,0.83,0.89125,200,800,post_hoc_behavioral
e3_exact_online,prior,2,20,ts,late,knowledge_gradient_agreement,0.87625,0.84875,0.9025,200,800,post_hoc_behavioral
e3_exact_online,prior,2,20,ts,late,bayes_ucb_top_set_size,1.01,1.0025,1.01875,200,800,post_hoc_behavioral
e3_exact_online,prior,2,20,ts,late,knowledge_gradient_top_set_size,1.0125,1.0025,1.02375,200,800,post_hoc_behavioral
e3_exact_online,prior,2,20,ts,late,exact_loss,0.017731210694459744,0.01309757933589653,0.022741150382064246,200,800,post_hoc_behavioral
e3_exact_online,prior,2,20,ts,late,strict_exploration_required,0.00125,0.0,0.00375,200,800,post_hoc_behavioral
e3_exact_online,prior,2,20,ts,late,useful_non_greedy,0.0,0.0,0.0,200,800,post_hoc_behavioral
e3_exact_online,prior,2,20,ts,late,inferior_non_greedy,0.11625,0.09125,0.1425,200,800,post_hoc_behavioral
e3_exact_online,prior,2,20,ts,late,neutral_non_greedy,0.0,0.0,0.0,200,800,post_hoc_behavioral
e3_exact_online,prior,2,20,ts,late,exact_optimal_agreement,0.8775,0.85,0.90375,200,800,post_hoc_behavioral
e3_exact_online,prior,2,20,ts,middle,posterior_mean_greedy,0.8095833333333334,0.7891666666666666,0.8291666666666667,200,2400,post_hoc_behavioral
e3_exact_online,prior,2,20,ts,middle,strict_non_greedy,0.19041666666666665,0.1708333333333333,0.21041666666666667,200,2400,post_hoc_behavioral
e3_exact_online,prior,2,20,ts,middle,unseen_arm,0.01583333333333333,0.01125,0.020416666666666666,200,2400,post_hoc_behavioral
e3_exact_online,prior,2,20,ts,middle,lower_mean_higher_sd,0.12041666666666666,0.105,0.13583333333333333,200,2400,post_hoc_behavioral
e3_exact_online,prior,2,20,ts,middle,equal_mean_higher_sd,0.0125,0.008333333333333333,0.017083333333333332,200,2400,post_hoc_behavioral
e3_exact_online,prior,2,20,ts,middle,unequal_sd_greedy_tie_available,0.02583333333333333,0.01875,0.03374999999999999,200,2400,post_hoc_behavioral
e3_exact_online,prior,2,20,ts,middle,posterior_mean_deficit,0.030462903416028416,0.027048268542799795,0.03397266552891553,200,2400,post_hoc_behavioral
e3_exact_online,prior,2,20,ts,middle,chosen_posterior_sd,0.15279854112505867,0.1497558896467194,0.15578248919785193,200,2400,post_hoc_behavioral
e3_exact_online,prior,2,20,ts,middle,bayes_ucb_agreement,0.78875,0.7658333333333335,0.8108333333333334,200,2400,post_hoc_behavioral
e3_exact_online,prior,2,20,ts,middle,knowledge_gradient_agreement,0.7916666666666667,0.7683333333333334,0.8145833333333334,200,2400,post_hoc_behavioral
e3_exact_online,prior,2,20,ts,middle,bayes_ucb_top_set_size,1.0208333333333333,1.01375,1.02875,200,2400,post_hoc_behavioral
e3_exact_online,prior,2,20,ts,middle,knowledge_gradient_top_set_size,1.0208333333333333,1.01375,1.02875,200,2400,post_hoc_behavioral
e3_exact_online,prior,2,20,ts,middle,exact_loss,0.027431509284103026,0.024154703728223818,0.030798672966210333,200,2400,post_hoc_behavioral
e3_exact_online,prior,2,20,ts,middle,strict_exploration_required,0.03625,0.026666666666666665,0.04708333333333333,200,2400,post_hoc_behavioral
e3_exact_online,prior,2,20,ts,middle,useful_non_greedy,0.015416666666666665,0.010833333333333332,0.020416666666666666,200,2400,post_hoc_behavioral
e3_exact_online,prior,2,20,ts,middle,inferior_non_greedy,0.175,0.15583333333333335,0.19458333333333333,200,2400,post_hoc_behavioral
e3_exact_online,prior,2,20,ts,middle,neutral_non_greedy,0.0,0.0,0.0,200,2400,post_hoc_behavioral
e3_exact_online,prior,2,20,ts,middle,exact_optimal_agreement,0.7908333333333334,0.7675,0.8141666666666667,200,2400,post_hoc_behavioral
e3_exact_online,prior,2,20,ucb1,early,posterior_mean_greedy,0.81625,0.79125,0.84125,200,800,post_hoc_behavioral
e3_exact_online,prior,2,20,ucb1,early,strict_non_greedy,0.18375,0.15875,0.20875,200,800,post_hoc_behavioral
e3_exact_online,prior,2,20,ucb1,early,unseen_arm,0.5,0.5,0.5,200,800,post_hoc_behavioral
e3_exact_online,prior,2,20,ucb1,early,lower_mean_higher_sd,0.18375,0.15875,0.20875,200,800,post_hoc_behavioral
e3_exact_online,prior,2,20,ucb1,early,equal_mean_higher_sd,0.0,0.0,0.0,200,800,post_hoc_behavioral
e3_exact_online,prior,2,20,ucb1,early,unequal_sd_greedy_tie_available,0.0,0.0,0.0,200,800,post_hoc_behavioral
e3_exact_online,prior,2,20,ucb1,early,posterior_mean_deficit,0.02708333333333333,0.02364583333333333,0.03052083333333333,200,800,post_hoc_behavioral
e3_exact_online,prior,2,20,ucb1,early,chosen_posterior_sd,0.2579100819685018,0.25728719651909593,0.25853298498204363,200,800,post_hoc_behavioral
e3_exact_online,prior,2,20,ucb1,early,bayes_ucb_agreement,0.81625,0.79,0.84125,200,800,post_hoc_behavioral
e3_exact_online,prior,2,20,ucb1,early,knowledge_gradient_agreement,0.78125,0.7575,0.805,200,800,post_hoc_behavioral
e3_exact_online,prior,2,20,ucb1,early,bayes_ucb_top_set_size,1.37125,1.35375,1.38875,200,800,post_hoc_behavioral
e3_exact_online,prior,2,20,ucb1,early,knowledge_gradient_top_set_size,1.37125,1.35375,1.38875,200,800,post_hoc_behavioral
e3_exact_online,prior,2,20,ucb1,early,exact_loss,0.020269641538508486,0.01762337712799302,0.022915905949023947,200,800,post_hoc_behavioral
e3_exact_online,prior,2,20,ucb1,early,strict_exploration_required,0.0,0.0,0.0,200,800,post_hoc_behavioral
e3_exact_online,prior,2,20,ucb1,early,useful_non_greedy,0.0,0.0,0.0,200,800,post_hoc_behavioral
e3_exact_online,prior,2,20,ucb1,early,inferior_non_greedy,0.18375,0.15875,0.20875,200,800,post_hoc_behavioral
e3_exact_online,prior,2,20,ucb1,early,neutral_non_greedy,0.0,0.0,0.0,200,800,post_hoc_behavioral
e3_exact_online,prior,2,20,ucb1,early,exact_optimal_agreement,0.81625,0.79,0.84125,200,800,post_hoc_behavioral
e3_exact_online,prior,2,20,ucb1,late,posterior_mean_greedy,0.78625,0.75625,0.81625,200,800,post_hoc_behavioral
e3_exact_online,prior,2,20,ucb1,late,strict_non_greedy,0.21375,0.18375,0.24375,200,800,post_hoc_behavioral
e3_exact_online,prior,2,20,ucb1,late,unseen_arm,0.0,0.0,0.0,200,800,post_hoc_behavioral
e3_exact_online,prior,2,20,ucb1,late,lower_mean_higher_sd,0.1925,0.1625,0.2225,200,800,post_hoc_behavioral
e3_exact_online,prior,2,20,ucb1,late,equal_mean_higher_sd,0.00625,0.00125,0.01375,200,800,post_hoc_behavioral
e3_exact_online,prior,2,20,ucb1,late,unequal_sd_greedy_tie_available,0.00625,0.00125,0.01375,200,800,post_hoc_behavioral
e3_exact_online,prior,2,20,ucb1,late,posterior_mean_deficit,0.043213103481485826,0.03607053921619638,0.050627524285865276,200,800,post_hoc_behavioral
e3_exact_online,prior,2,20,ucb1,late,chosen_posterior_sd,0.11834961517686489,0.1150770569584616,0.12161830458397416,200,800,post_hoc_behavioral
e3_exact_online,prior,2,20,ucb1,late,bayes_ucb_agreement,0.7875,0.75625,0.8175,200,800,post_hoc_behavioral
e3_exact_online,prior,2,20,ucb1,late,knowledge_gradient_agreement,0.78375,0.7525,0.8125,200,800,post_hoc_behavioral
e3_exact_online,prior,2,20,ucb1,late,bayes_ucb_top_set_size,1.035,1.02125,1.05125,200,800,post_hoc_behavioral
e3_exact_online,prior,2,20,ucb1,late,knowledge_gradient_top_set_size,1.03625,1.02125,1.05375,200,800,post_hoc_behavioral
e3_exact_online,prior,2,20,ucb1,late,exact_loss,0.04310843400323681,0.03582182937731276,0.05042928677488337,200,800,post_hoc_behavioral
e3_exact_online,prior,2,20,ucb1,late,strict_exploration_required,0.0,0.0,0.0,200,800,post_hoc_behavioral
e3_exact_online,prior,2,20,ucb1,late,useful_non_greedy,0.0,0.0,0.0,200,800,post_hoc_behavioral
e3_exact_online,prior,2,20,ucb1,late,inferior_non_greedy,0.21375,0.18375,0.24375,200,800,post_hoc_behavioral
e3_exact_online,prior,2,20,ucb1,late,neutral_non_greedy,0.0,0.0,0.0,200,800,post_hoc_behavioral
e3_exact_online,prior,2,20,ucb1,late,exact_optimal_agreement,0.78625,0.75625,0.815,200,800,post_hoc_behavioral
e3_exact_online,prior,2,20,ucb1,middle,posterior_mean_greedy,0.7179166666666665,0.7008333333333333,0.735,200,2400,post_hoc_behavioral
e3_exact_online,prior,2,20,ucb1,middle,strict_non_greedy,0.2820833333333333,0.265,0.2991666666666667,200,2400,post_hoc_behavioral
e3_exact_online,prior,2,20,ucb1,middle,unseen_arm,0.0,0.0,0.0,200,2400,post_hoc_behavioral
e3_exact_online,prior,2,20,ucb1,middle,lower_mean_higher_sd,0.2708333333333333,0.25375,0.28791666666666665,200,2400,post_hoc_behavioral
e3_exact_online,prior,2,20,ucb1,middle,equal_mean_higher_sd,0.0016666666666666666,0.0,0.004166666666666667,200,2400,post_hoc_behavioral
e3_exact_online,prior,2,20,ucb1,middle,unequal_sd_greedy_tie_available,0.0016666666666666666,0.0,0.00375,200,2400,post_hoc_behavioral
e3_exact_online,prior,2,20,ucb1,middle,posterior_mean_deficit,0.06130198505198505,0.056517046610796616,0.06601034087440336,200,2400,post_hoc_behavioral
e3_exact_online,prior,2,20,ucb1,middle,chosen_posterior_sd,0.15911320989597466,0.15677729722551048,0.1614016827618749,200,2400,post_hoc_behavioral
e3_exact_online,prior,2,20,ucb1,middle,bayes_ucb_agreement,0.7229166666666668,0.7058333333333333,0.7395833333333335,200,2400,post_hoc_behavioral
e3_exact_online,prior,2,20,ucb1,middle,knowledge_gradient_agreement,0.7208333333333333,0.705,0.7366666666666666,200,2400,post_hoc_behavioral
e3_exact_online,prior,2,20,ucb1,middle,bayes_ucb_top_set_size,1.0733333333333335,1.0566666666666666,1.09125,200,2400,post_hoc_behavioral
e3_exact_online,prior,2,20,ucb1,middle,knowledge_gradient_top_set_size,1.0733333333333335,1.0566666666666666,1.09125,200,2400,post_hoc_behavioral
e3_exact_online,prior,2,20,ucb1,middle,exact_loss,0.05658464688282047,0.05190487446198671,0.06139911470528117,200,2400,post_hoc_behavioral
e3_exact_online,prior,2,20,ucb1,middle,strict_exploration_required,0.01625,0.01125,0.02125,200,2400,post_hoc_behavioral
e3_exact_online,prior,2,20,ucb1,middle,useful_non_greedy,0.01625,0.01125,0.021666666666666664,200,2400,post_hoc_behavioral
e3_exact_online,prior,2,20,ucb1,middle,inferior_non_greedy,0.2658333333333333,0.24916666666666665,0.28333333333333327,200,2400,post_hoc_behavioral
e3_exact_online,prior,2,20,ucb1,middle,neutral_non_greedy,0.0,0.0,0.0,200,2400,post_hoc_behavioral
e3_exact_online,prior,2,20,ucb1,middle,exact_optimal_agreement,0.7341666666666667,0.7170833333333333,0.7508333333333332,200,2400,post_hoc_behavioral
