experiment,horizon,policy,metric,mean,ci_low,ci_high,n_fixtures,n_queries
e1_horizon,1,counts_explore,exact_loss,0.004938311688311687,0.0014615800865800863,0.009069331709956706,100,400
e1_horizon,1,counts_explore,distribution_exact_loss,0.00971439393939394,0.00609572591991342,0.01380020386904762,100,400
e1_horizon,1,counts_explore,optimal_agreement,0.935,0.8875,0.975,100,400
e1_horizon,1,counts_explore,posterior_mean_greedy,0.935,0.8875,0.975,100,400
e1_horizon,1,counts_explore,prediction_entropy,0.21911438702182284,0.17209060799246742,0.26724937657058545,100,400
e1_horizon,1,counts_neutral,exact_loss,0.005063311688311687,0.0016639610389610386,0.009359848484848483,100,400
e1_horizon,1,counts_neutral,distribution_exact_loss,0.009086704545454545,0.005773433441558441,0.01285386715367965,100,400
e1_horizon,1,counts_neutral,optimal_agreement,0.9325,0.8825,0.975,100,400
e1_horizon,1,counts_neutral,posterior_mean_greedy,0.9325,0.885,0.975,100,400
e1_horizon,1,counts_neutral,prediction_entropy,0.22229943332051277,0.1752409283622145,0.27199419901872407,100,400
e1_horizon,1,counts_regret,exact_loss,0.011218614718614716,0.005735930735930736,0.017260389610389608,100,400
e1_horizon,1,counts_regret,distribution_exact_loss,0.014393409090909096,0.009367310200216456,0.019987006087662337,100,400
e1_horizon,1,counts_regret,optimal_agreement,0.8975,0.8425,0.945,100,400
e1_horizon,1,counts_regret,posterior_mean_greedy,0.8975,0.8425,0.945,100,400
e1_horizon,1,counts_regret,prediction_entropy,0.23059666947490606,0.1885595210215976,0.27405239028307943,100,400
e1_horizon,2,counts_explore,exact_loss,0.011608091184178134,0.005946971144797229,0.018254790318377262,100,400
e1_horizon,2,counts_explore,distribution_exact_loss,0.02503476041168977,0.02092536383023679,0.029466337998505125,100,400
e1_horizon,2,counts_explore,optimal_agreement,0.835,0.765,0.9,100,400
e1_horizon,2,counts_explore,posterior_mean_greedy,0.91,0.855,0.96,100,400
e1_horizon,2,counts_explore,prediction_entropy,0.36859317564576904,0.332419608615412,0.4061172598513722,100,400
e1_horizon,2,counts_neutral,exact_loss,0.012960363911450858,0.007078215760688579,0.019659776817385507,100,400
e1_horizon,2,counts_neutral,distribution_exact_loss,0.015349161988373963,0.010625172625608118,0.020684699205459407,100,400
e1_horizon,2,counts_neutral,optimal_agreement,0.8275,0.7575,0.8925,100,400
e1_horizon,2,counts_neutral,posterior_mean_greedy,0.905,0.85,0.955,100,400
e1_horizon,2,counts_neutral,prediction_entropy,0.23222258732242035,0.19000475507238934,0.2773056503574559,100,400
e1_horizon,2,counts_regret,exact_loss,0.014635665059578095,0.008240206306374783,0.021966569028797282,100,400
e1_horizon,2,counts_regret,distribution_exact_loss,0.027328975580578837,0.022454880330719997,0.03271078726594962,100,400
e1_horizon,2,counts_regret,optimal_agreement,0.83,0.7575,0.895,100,400
e1_horizon,2,counts_regret,posterior_mean_greedy,0.905,0.8475,0.955,100,400
e1_horizon,2,counts_regret,prediction_entropy,0.34667475200722914,0.31327329819230937,0.3814786063667462,100,400
e1_horizon,5,counts_explore,exact_loss,0.014667641778511377,0.008569618933301017,0.021403424719905743,100,400
e1_horizon,5,counts_explore,distribution_exact_loss,0.026048979961251603,0.021727321744551425,0.03047363117781657,100,400
e1_horizon,5,counts_explore,optimal_agreement,0.8075,0.73,0.8775,100,400
e1_horizon,5,counts_explore,posterior_mean_greedy,0.925,0.875,0.97,100,400
e1_horizon,5,counts_explore,prediction_entropy,0.35282784161620967,0.3171452356084946,0.3897557005542609,100,400
e1_horizon,5,counts_neutral,exact_loss,0.01958785622589973,0.011904545807453428,0.027978221253384325,100,400
e1_horizon,5,counts_neutral,distribution_exact_loss,0.019178803242163898,0.013755417952209421,0.025036203363079382,100,400
e1_horizon,5,counts_neutral,optimal_agreement,0.7725,0.69,0.850062499999999,100,400
e1_horizon,5,counts_neutral,posterior_mean_greedy,0.9025,0.8425,0.955,100,400
e1_horizon,5,counts_neutral,prediction_entropy,0.22658711786313712,0.18802662327572997,0.26787287000483917,100,400
e1_horizon,5,counts_regret,exact_loss,0.018197123252868617,0.010765059072440698,0.026408317676543634,100,400
e1_horizon,5,counts_regret,distribution_exact_loss,0.031094337172134737,0.026047497480707497,0.036402810535185806,100,400
e1_horizon,5,counts_regret,optimal_agreement,0.7825,0.705,0.855,100,400
e1_horizon,5,counts_regret,posterior_mean_greedy,0.9075,0.85,0.9575,100,400
e1_horizon,5,counts_regret,prediction_entropy,0.35047459297124806,0.3189117504453178,0.3820674079299274,100,400
e1_horizon,10,counts_explore,exact_loss,0.013864249463271496,0.008450761770011311,0.019758870894470953,100,400
e1_horizon,10,counts_explore,distribution_exact_loss,0.028602233799736157,0.024521863542258233,0.03279653578275655,100,400
e1_horizon,10,counts_explore,optimal_agreement,0.845,0.78,0.905,100,400
e1_horizon,10,counts_explore,posterior_mean_greedy,0.9425,0.9,0.9775,100,400
e1_horizon,10,counts_explore,prediction_entropy,0.36921966199794093,0.3341837821625553,0.4059912173362624,100,400
e1_horizon,10,counts_neutral,exact_loss,0.02070033472121815,0.01276072631549272,0.029153549208659774,100,400
e1_horizon,10,counts_neutral,distribution_exact_loss,0.021430887520175315,0.015873733081914847,0.027441562162356242,100,400
e1_horizon,10,counts_neutral,optimal_agreement,0.77,0.6875,0.8475,100,400
e1_horizon,10,counts_neutral,posterior_mean_greedy,0.9325,0.8825,0.975,100,400
e1_horizon,10,counts_neutral,prediction_entropy,0.23881123363079992,0.19750250859544213,0.28127190528220886,100,400
e1_horizon,10,counts_regret,exact_loss,0.021357979325103152,0.013858095197293559,0.02957263349017231,100,400
e1_horizon,10,counts_regret,distribution_exact_loss,0.03476533127205519,0.02933631442128179,0.04049978065334712,100,400
e1_horizon,10,counts_regret,optimal_agreement,0.7825,0.705,0.8525,100,400
e1_horizon,10,counts_regret,posterior_mean_greedy,0.9075,0.855,0.9525,100,400
e1_horizon,10,counts_regret,prediction_entropy,0.3591593785767559,0.3286098479110788,0.3895910930727689,100,400
e2_assistance,1,bayes_explore,exact_loss,0.0,0.0,0.0,100,400
e2_assistance,1,bayes_explore,distribution_exact_loss,0.0007271374458874459,0.00033979843073593123,0.0011750581709956713,100,400
e2_assistance,1,bayes_explore,optimal_agreement,1.0,1.0,1.0,100,400
e2_assistance,1,bayes_explore,posterior_mean_greedy,1.0,1.0,1.0,100,400
e2_assistance,1,bayes_explore,prediction_entropy,0.05316661476010047,0.030135772676017768,0.07993663998230065,100,400
e2_assistance,1,counts_explore,exact_loss,0.0070806277056277055,0.0027462121212121215,0.012343073593073593,100,400
e2_assistance,1,counts_explore,distribution_exact_loss,0.009451866883116887,0.0058546895292207815,0.013688905573593074,100,400
e2_assistance,1,counts_explore,optimal_agreement,0.915,0.865,0.96,100,400
e2_assistance,1,counts_explore,posterior_mean_greedy,0.915,0.865,0.9575,100,400
e2_assistance,1,counts_explore,prediction_entropy,0.18222016641320582,0.13945360394843082,0.22922533193333422,100,400
e2_assistance,1,dp_values_explore,exact_loss,0.0,0.0,0.0,100,400
e2_assistance,1,dp_values_explore,distribution_exact_loss,2.7651515151515538e-05,7.556818181818258e-06,5.4545454545455176e-05,100,400
e2_assistance,1,dp_values_explore,optimal_agreement,1.0,1.0,1.0,100,400
e2_assistance,1,dp_values_explore,posterior_mean_greedy,1.0,1.0,1.0,100,400
e2_assistance,1,dp_values_explore,prediction_entropy,0.02722727782062814,0.010763237204649646,0.047308702688508064,100,400
e2_assistance,1,means_explore,exact_loss,0.0,0.0,0.0,100,400
e2_assistance,1,means_explore,distribution_exact_loss,0.00016758658008658112,7.121212121212167e-05,0.0002842004870129894,100,400
e2_assistance,1,means_explore,optimal_agreement,1.0,1.0,1.0,100,400
e2_assistance,1,means_explore,posterior_mean_greedy,1.0,1.0,1.0,100,400
e2_assistance,1,means_explore,prediction_entropy,0.034284930569322955,0.015504324562239848,0.05734066981337986,100,400
e2_assistance,1,recommendation_explore,exact_loss,0.0005492424242424242,0.0,0.0013068181818181811,100,400
e2_assistance,1,recommendation_explore,distribution_exact_loss,0.0016044101731601756,0.0007804897186147222,0.0025540861742424253,100,400
e2_assistance,1,recommendation_explore,optimal_agreement,0.9875,0.97,1.0,100,400
e2_assistance,1,recommendation_explore,posterior_mean_greedy,0.9875,0.9725,1.0,100,400
e2_assistance,1,recommendation_explore,prediction_entropy,0.08591914292359996,0.05453794903630535,0.119649200528568,100,400
e2_assistance,2,bayes_explore,exact_loss,0.0031618797868797873,0.001047077922077922,0.0056756649600399585,100,400
e2_assistance,2,bayes_explore,distribution_exact_loss,0.017580079865786392,0.015151385580904623,0.02005725262667586,100,400
e2_assistance,2,bayes_explore,optimal_agreement,0.955,0.92,0.985,100,400
e2_assistance,2,bayes_explore,posterior_mean_greedy,0.9675,0.9375,0.99,100,400
e2_assistance,2,bayes_explore,prediction_entropy,0.30007918217430335,0.2671133203663742,0.3337866652015929,100,400
e2_assistance,2,counts_explore,exact_loss,0.009892107892107893,0.0047282446719946695,0.015941680194805193,100,400
e2_assistance,2,counts_explore,distribution_exact_loss,0.021805774958736937,0.018219471121948726,0.025784015491528412,100,400
e2_assistance,2,counts_explore,optimal_agreement,0.88,0.8225,0.9325,100,400
e2_assistance,2,counts_explore,posterior_mean_greedy,0.915,0.8625,0.96,100,400
e2_assistance,2,counts_explore,prediction_entropy,0.32481619876488144,0.2885365053397435,0.3611117323108987,100,400
e2_assistance,2,dp_values_explore,exact_loss,0.0,0.0,0.0,100,400
e2_assistance,2,dp_values_explore,distribution_exact_loss,0.002808138908193274,0.0024104407865685276,0.0032255376188576055,100,400
e2_assistance,2,dp_values_explore,optimal_agreement,1.0,1.0,1.0,100,400
e2_assistance,2,dp_values_explore,posterior_mean_greedy,0.99,0.97,1.0,100,400
e2_assistance,2,dp_values_explore,prediction_entropy,0.08635057244749861,0.07587551699864674,0.09753980053246772,100,400
e2_assistance,2,means_explore,exact_loss,0.0002878787878787881,0.0,0.0007272727272727276,100,400
e2_assistance,2,means_explore,distribution_exact_loss,0.014028665148257544,0.012435433421198372,0.015674598913088728,100,400
e2_assistance,2,means_explore,optimal_agreement,0.9875,0.965,1.0,100,400
e2_assistance,2,means_explore,posterior_mean_greedy,0.9975,0.9925,1.0,100,400
e2_assistance,2,means_explore,prediction_entropy,0.2684019369214565,0.24065927288555866,0.2972649649960504,100,400
e2_assistance,2,recommendation_explore,exact_loss,0.0021158841158841167,0.0004784361471861464,0.004339042207792211,100,400
e2_assistance,2,recommendation_explore,distribution_exact_loss,0.0075359423728445585,0.005565950387701082,0.009715438226402237,100,400
e2_assistance,2,recommendation_explore,optimal_agreement,0.965,0.935,0.99,100,400
e2_assistance,2,recommendation_explore,posterior_mean_greedy,0.98,0.96,0.995,100,400
e2_assistance,2,recommendation_explore,prediction_entropy,0.19092946312480613,0.15331608398390803,0.2305490478927526,100,400
e2_assistance,10,bayes_explore,exact_loss,0.003661407887287158,0.001342879006450941,0.006506708380508908,100,400
e2_assistance,10,bayes_explore,distribution_exact_loss,0.01885778637157614,0.016254038804996047,0.021461812675930458,100,400
e2_assistance,10,bayes_explore,optimal_agreement,0.9225,0.87,0.9675,100,400
e2_assistance,10,bayes_explore,posterior_mean_greedy,0.9825,0.96,1.0,100,400
e2_assistance,10,bayes_explore,prediction_entropy,0.30304696393462655,0.26926174227644095,0.33755855141312097,100,400
e2_assistance,10,counts_explore,exact_loss,0.007782726046087997,0.004201440515224558,0.011779523298322934,100,400
e2_assistance,10,counts_explore,distribution_exact_loss,0.025554297939514106,0.02236760694274066,0.02893783617838959,100,400
e2_assistance,10,counts_explore,optimal_agreement,0.8775,0.82,0.93,100,400
e2_assistance,10,counts_explore,posterior_mean_greedy,0.94,0.895,0.975,100,400
e2_assistance,10,counts_explore,prediction_entropy,0.35786970834065135,0.32407034573701926,0.3931430361809778,100,400
e2_assistance,10,dp_values_explore,exact_loss,0.0,0.0,0.0,100,400
e2_assistance,10,dp_values_explore,distribution_exact_loss,0.003796366442394008,0.00312998186825955,0.004525265790953153,100,400
e2_assistance,10,dp_values_explore,optimal_agreement,1.0,1.0,1.0,100,400
e2_assistance,10,dp_values_explore,posterior_mean_greedy,0.94,0.89,0.98,100,400
e2_assistance,10,dp_values_explore,prediction_entropy,0.09505105137942538,0.08463230325758615,0.1057906562726146,100,400
e2_assistance,10,means_explore,exact_loss,0.0025572384785228853,0.0006806729884892704,0.004955754068721091,100,400
e2_assistance,10,means_explore,distribution_exact_loss,0.01539992477467561,0.013475534682292555,0.017445898109939406,100,400
e2_assistance,10,means_explore,optimal_agreement,0.935,0.885,0.98,100,400
e2_assistance,10,means_explore,posterior_mean_greedy,0.995,0.985,1.0,100,400
e2_assistance,10,means_explore,prediction_entropy,0.2666074050531704,0.2392379099753833,0.29515352411802315,100,400
e2_assistance,10,recommendation_explore,exact_loss,0.006735476509606495,0.0036596420124809753,0.010292653330216985,100,400
e2_assistance,10,recommendation_explore,distribution_exact_loss,0.010773291133785522,0.007855499670231678,0.014081607642207882,100,400
e2_assistance,10,recommendation_explore,optimal_agreement,0.8925,0.8375,0.94,100,400
e2_assistance,10,recommendation_explore,posterior_mean_greedy,0.97,0.945,0.99,100,400
e2_assistance,10,recommendation_explore,prediction_entropy,0.19822170067969527,0.15717604758628864,0.24115629132029756,100,400
