experiment,horizon,left,right,metric,mean_difference,ci_low,ci_high,n_fixtures,unit
e1_horizon,1,counts_explore,counts_neutral,exact_loss,-0.00012499999999999998,-0.0009999999999999998,0.0005952380952380951,100,underlying fixture
e1_horizon,1,counts_explore,counts_neutral,distribution_exact_loss,0.0006276893939393944,-0.0005713870400432873,0.0018414414231601728,100,underlying fixture
e1_horizon,1,counts_explore,counts_neutral,optimal_agreement,0.0025,-0.01,0.0175,100,underlying fixture
e1_horizon,1,counts_explore,counts_neutral,posterior_mean_greedy,0.0025,-0.01,0.0175,100,underlying fixture
e1_horizon,1,counts_explore,counts_neutral,prediction_entropy,-0.003185046298689905,-0.012369628150587623,0.0063275264823916,100,underlying fixture
e1_horizon,1,counts_explore,counts_regret,exact_loss,-0.006280303030303029,-0.01128030303030303,-0.002151515151515151,100,underlying fixture
e1_horizon,1,counts_explore,counts_regret,distribution_exact_loss,-0.004679015151515157,-0.00669619602272728,-0.002983816423160176,100,underlying fixture
e1_horizon,1,counts_explore,counts_regret,optimal_agreement,0.0375,0.015,0.065,100,underlying fixture
e1_horizon,1,counts_explore,counts_regret,posterior_mean_greedy,0.0375,0.015,0.065,100,underlying fixture
e1_horizon,1,counts_explore,counts_regret,prediction_entropy,-0.01148228245308319,-0.024269444756444308,0.0014295652259950966,100,underlying fixture
e1_horizon,1,counts_neutral,counts_regret,exact_loss,-0.00615530303030303,-0.01117978896103896,-0.002091382575757576,100,underlying fixture
e1_horizon,1,counts_neutral,counts_regret,distribution_exact_loss,-0.005306704545454553,-0.008013585362554124,-0.003146839826839834,100,underlying fixture
e1_horizon,1,counts_neutral,counts_regret,optimal_agreement,0.035,0.0125,0.06,100,underlying fixture
e1_horizon,1,counts_neutral,counts_regret,posterior_mean_greedy,0.035,0.0125,0.06,100,underlying fixture
e1_horizon,1,counts_neutral,counts_regret,prediction_entropy,-0.008297236154393284,-0.023894254003918505,0.007845750726166039,100,underlying fixture
e1_horizon,2,counts_explore,counts_neutral,exact_loss,-0.0013522727272727271,-0.003681818181818183,0.0004318181818181827,100,underlying fixture
e1_horizon,2,counts_explore,counts_neutral,distribution_exact_loss,0.0096855984233158,0.00725741911530497,0.01207333929747787,100,underlying fixture
e1_horizon,2,counts_explore,counts_neutral,optimal_agreement,0.0075,-0.01,0.025,100,underlying fixture
e1_horizon,2,counts_explore,counts_neutral,posterior_mean_greedy,0.005,-0.01,0.02,100,underlying fixture
e1_horizon,2,counts_explore,counts_neutral,prediction_entropy,0.1363705883233486,0.11905547324638177,0.15345993473375447,100,underlying fixture
e1_horizon,2,counts_explore,counts_regret,exact_loss,-0.0030275738753999626,-0.007123376623376627,0.000156408808582722,100,underlying fixture
e1_horizon,2,counts_explore,counts_regret,distribution_exact_loss,-0.0022942151688890755,-0.0037217827575504302,-0.0009725430599744338,100,underlying fixture
e1_horizon,2,counts_explore,counts_regret,optimal_agreement,0.005,-0.0225,0.035,100,underlying fixture
e1_horizon,2,counts_explore,counts_regret,posterior_mean_greedy,0.005,-0.0225,0.035,100,underlying fixture
e1_horizon,2,counts_explore,counts_regret,prediction_entropy,0.021918423638539967,0.011465080351368558,0.03218700143245541,100,underlying fixture
e1_horizon,2,counts_neutral,counts_regret,exact_loss,-0.0016753011481272354,-0.003941571969696969,5.641057312252932e-05,100,underlying fixture
e1_horizon,2,counts_neutral,counts_regret,distribution_exact_loss,-0.011979813592204873,-0.01419813227714313,-0.0098416880764163,100,underlying fixture
e1_horizon,2,counts_neutral,counts_regret,optimal_agreement,-0.0025,-0.0275,0.0225,100,underlying fixture
e1_horizon,2,counts_neutral,counts_regret,posterior_mean_greedy,0.0,-0.0225,0.0225,100,underlying fixture
e1_horizon,2,counts_neutral,counts_regret,prediction_entropy,-0.11445216468480865,-0.13339283210453398,-0.09482498376324411,100,underlying fixture
e1_horizon,5,counts_explore,counts_neutral,exact_loss,-0.004920214447388354,-0.009883427969976866,-0.0011215602030819427,100,underlying fixture
e1_horizon,5,counts_explore,counts_neutral,distribution_exact_loss,0.006870176719087707,0.004456109621450005,0.009250069461083484,100,underlying fixture
e1_horizon,5,counts_explore,counts_neutral,optimal_agreement,0.035,0.005,0.07,100,underlying fixture
e1_horizon,5,counts_explore,counts_neutral,posterior_mean_greedy,0.0225,-0.005,0.055,100,underlying fixture
e1_horizon,5,counts_explore,counts_neutral,prediction_entropy,0.12624072375307255,0.10972991651648713,0.14294872982726128,100,underlying fixture
e1_horizon,5,counts_explore,counts_regret,exact_loss,-0.003529481474357239,-0.008715892291154301,0.0004048364958885198,100,underlying fixture
e1_horizon,5,counts_explore,counts_regret,distribution_exact_loss,-0.0050453572108831325,-0.006765544268539831,-0.003412055401136393,100,underlying fixture
e1_horizon,5,counts_explore,counts_regret,optimal_agreement,0.025,-0.01,0.0625,100,underlying fixture
e1_horizon,5,counts_explore,counts_regret,posterior_mean_greedy,0.0175,-0.015,0.0525,100,underlying fixture
e1_horizon,5,counts_explore,counts_regret,prediction_entropy,0.002353248644961682,-0.010814051590405287,0.01574832286759105,100,underlying fixture
e1_horizon,5,counts_neutral,counts_regret,exact_loss,0.0013907329730311147,-0.0004792019574628226,0.0033258152594041607,100,underlying fixture
e1_horizon,5,counts_neutral,counts_regret,distribution_exact_loss,-0.01191553392997084,-0.014513513796902328,-0.009357840979248045,100,underlying fixture
e1_horizon,5,counts_neutral,counts_regret,optimal_agreement,-0.01,-0.0375,0.0175,100,underlying fixture
e1_horizon,5,counts_neutral,counts_regret,posterior_mean_greedy,-0.005,-0.025,0.0125,100,underlying fixture
e1_horizon,5,counts_neutral,counts_regret,prediction_entropy,-0.12388747510811085,-0.14274817868781348,-0.10496954783446387,100,underlying fixture
e1_horizon,10,counts_explore,counts_neutral,exact_loss,-0.0068360852579466514,-0.011934722843897403,-0.002582201279137625,100,underlying fixture
e1_horizon,10,counts_explore,counts_neutral,distribution_exact_loss,0.0071713462795608505,0.004205055877707634,0.01008786143301412,100,underlying fixture
e1_horizon,10,counts_explore,counts_neutral,optimal_agreement,0.075,0.035,0.12,100,underlying fixture
e1_horizon,10,counts_explore,counts_neutral,posterior_mean_greedy,0.01,-0.03,0.05,100,underlying fixture
e1_horizon,10,counts_explore,counts_neutral,prediction_entropy,0.13040842836714103,0.11069043797774937,0.14942117607772784,100,underlying fixture
e1_horizon,10,counts_explore,counts_regret,exact_loss,-0.0074937298618316574,-0.012944472597534725,-0.0028425713234407155,100,underlying fixture
e1_horizon,10,counts_explore,counts_regret,distribution_exact_loss,-0.006163097472319029,-0.008612094118881433,-0.003870969932454537,100,underlying fixture
e1_horizon,10,counts_explore,counts_regret,optimal_agreement,0.0625,0.0275,0.1,100,underlying fixture
e1_horizon,10,counts_explore,counts_regret,posterior_mean_greedy,0.035,0.0,0.0725,100,underlying fixture
e1_horizon,10,counts_explore,counts_regret,prediction_entropy,0.010060283421184956,-0.004019957837294252,0.024182167877739094,100,underlying fixture
e1_horizon,10,counts_neutral,counts_regret,exact_loss,-0.0006576446038850059,-0.004782389714010839,0.0031083410355663465,100,underlying fixture
e1_horizon,10,counts_neutral,counts_regret,distribution_exact_loss,-0.013334443751879881,-0.01630703011696953,-0.010528766288039192,100,underlying fixture
e1_horizon,10,counts_neutral,counts_regret,optimal_agreement,-0.0125,-0.045,0.02,100,underlying fixture
e1_horizon,10,counts_neutral,counts_regret,posterior_mean_greedy,0.025,0.0,0.05,100,underlying fixture
e1_horizon,10,counts_neutral,counts_regret,prediction_entropy,-0.12034814494595607,-0.1402322677683899,-0.09925027099833815,100,underlying fixture
e2_assistance,1,bayes_explore,counts_explore,exact_loss,-0.0070806277056277055,-0.012224161255411254,-0.0026948051948051956,100,underlying fixture
e2_assistance,1,bayes_explore,counts_explore,distribution_exact_loss,-0.008724729437229439,-0.012495820481601734,-0.005497445211038963,100,underlying fixture
e2_assistance,1,bayes_explore,counts_explore,optimal_agreement,0.085,0.0425,0.135,100,underlying fixture
e2_assistance,1,bayes_explore,counts_explore,posterior_mean_greedy,0.085,0.0425,0.13256249999999908,100,underlying fixture
e2_assistance,1,bayes_explore,counts_explore,prediction_entropy,-0.12905355165310536,-0.16300642912927282,-0.09651572044531326,100,underlying fixture
e2_assistance,1,bayes_explore,dp_values_explore,exact_loss,0.0,0.0,0.0,100,underlying fixture
e2_assistance,1,bayes_explore,dp_values_explore,distribution_exact_loss,0.0006994859307359304,0.0003282880140692637,0.0011309016504329002,100,underlying fixture
e2_assistance,1,bayes_explore,dp_values_explore,optimal_agreement,0.0,0.0,0.0,100,underlying fixture
e2_assistance,1,bayes_explore,dp_values_explore,posterior_mean_greedy,0.0,0.0,0.0,100,underlying fixture
e2_assistance,1,bayes_explore,dp_values_explore,prediction_entropy,0.025939336939472337,0.01387455851341356,0.039597645280967916,100,underlying fixture
e2_assistance,1,bayes_explore,means_explore,exact_loss,0.0,0.0,0.0,100,underlying fixture
e2_assistance,1,bayes_explore,means_explore,distribution_exact_loss,0.0005595508658008648,0.0002620089285714278,0.0009004423701298688,100,underlying fixture
e2_assistance,1,bayes_explore,means_explore,optimal_agreement,0.0,0.0,0.0,100,underlying fixture
e2_assistance,1,bayes_explore,means_explore,posterior_mean_greedy,0.0,0.0,0.0,100,underlying fixture
e2_assistance,1,bayes_explore,means_explore,prediction_entropy,0.018881684190777525,0.010058243626423944,0.02885820070089094,100,underlying fixture
e2_assistance,1,bayes_explore,recommendation_explore,exact_loss,-0.0005492424242424242,-0.00125,0.0,100,underlying fixture
e2_assistance,1,bayes_explore,recommendation_explore,distribution_exact_loss,-0.0008772727272727299,-0.0014385836038961074,-0.00041040652056277267,100,underlying fixture
e2_assistance,1,bayes_explore,recommendation_explore,optimal_agreement,0.0125,0.0,0.03,100,underlying fixture
e2_assistance,1,bayes_explore,recommendation_explore,posterior_mean_greedy,0.0125,0.0,0.02756249999999909,100,underlying fixture
e2_assistance,1,bayes_explore,recommendation_explore,prediction_entropy,-0.032752528163499474,-0.0482196502085712,-0.019143970916452674,100,underlying fixture
e2_assistance,1,counts_explore,dp_values_explore,exact_loss,0.0070806277056277055,0.002789366883116883,0.01223775703463203,100,underlying fixture
e2_assistance,1,counts_explore,dp_values_explore,distribution_exact_loss,0.00942421536796537,0.005823688446969701,0.013560875946969697,100,underlying fixture
e2_assistance,1,counts_explore,dp_values_explore,optimal_agreement,-0.085,-0.135,-0.04243750000000091,100,underlying fixture
e2_assistance,1,counts_explore,dp_values_explore,posterior_mean_greedy,-0.085,-0.135,-0.0425,100,underlying fixture
e2_assistance,1,counts_explore,dp_values_explore,prediction_entropy,0.1549928885925777,0.1156934052164661,0.19595211571641086,100,underlying fixture
e2_assistance,1,counts_explore,means_explore,exact_loss,0.0070806277056277055,0.0027570346320346328,0.01250818452380952,100,underlying fixture
e2_assistance,1,counts_explore,means_explore,distribution_exact_loss,0.009284280303030303,0.005704586038961039,0.01342576231060606,100,underlying fixture
e2_assistance,1,counts_explore,means_explore,optimal_agreement,-0.085,-0.135,-0.0425,100,underlying fixture
e2_assistance,1,counts_explore,means_explore,posterior_mean_greedy,-0.085,-0.135,-0.0425,100,underlying fixture
e2_assistance,1,counts_explore,means_explore,prediction_entropy,0.1479352358438829,0.11078333429752214,0.18664661671246252,100,underlying fixture
e2_assistance,1,counts_explore,recommendation_explore,exact_loss,0.006531385281385281,0.0024945887445887442,0.011650500541125538,100,underlying fixture
e2_assistance,1,counts_explore,recommendation_explore,distribution_exact_loss,0.00784745670995671,0.004961923701298699,0.011159108495671,100,underlying fixture
e2_assistance,1,counts_explore,recommendation_explore,optimal_agreement,-0.0725,-0.11506249999999994,-0.035,100,underlying fixture
e2_assistance,1,counts_explore,recommendation_explore,posterior_mean_greedy,-0.0725,-0.115,-0.035,100,underlying fixture
e2_assistance,1,counts_explore,recommendation_explore,prediction_entropy,0.09630102348960587,0.06329608119569295,0.12985353290632423,100,underlying fixture
e2_assistance,1,dp_values_explore,means_explore,exact_loss,0.0,0.0,0.0,100,underlying fixture
e2_assistance,1,dp_values_explore,means_explore,distribution_exact_loss,-0.00013993506493506557,-0.00023636769480519604,-5.827922077922042e-05,100,underlying fixture
e2_assistance,1,dp_values_explore,means_explore,optimal_agreement,0.0,0.0,0.0,100,underlying fixture
e2_assistance,1,dp_values_explore,means_explore,posterior_mean_greedy,0.0,0.0,0.0,100,underlying fixture
e2_assistance,1,dp_values_explore,means_explore,prediction_entropy,-0.00705765274869481,-0.011849378694491855,-0.002779937292021864,100,underlying fixture
e2_assistance,1,dp_values_explore,recommendation_explore,exact_loss,-0.0005492424242424242,-0.001287878787878788,0.0,100,underlying fixture
e2_assistance,1,dp_values_explore,recommendation_explore,distribution_exact_loss,-0.00157675865800866,-0.0025177786796536806,-0.0007624188311688338,100,underlying fixture
e2_assistance,1,dp_values_explore,recommendation_explore,optimal_agreement,0.0125,0.0,0.03,100,underlying fixture
e2_assistance,1,dp_values_explore,recommendation_explore,posterior_mean_greedy,0.0125,0.0,0.03,100,underlying fixture
e2_assistance,1,dp_values_explore,recommendation_explore,prediction_entropy,-0.058691865102971814,-0.080381252306287,-0.03844975174255815,100,underlying fixture
e2_assistance,1,means_explore,recommendation_explore,exact_loss,-0.0005492424242424242,-0.0012878787878787875,0.0,100,underlying fixture
e2_assistance,1,means_explore,recommendation_explore,distribution_exact_loss,-0.0014368235930735946,-0.0022924648268398276,-0.0006918438852813868,100,underlying fixture
e2_assistance,1,means_explore,recommendation_explore,optimal_agreement,0.0125,0.0,0.0275,100,underlying fixture
e2_assistance,1,means_explore,recommendation_explore,posterior_mean_greedy,0.0125,0.0,0.03,100,underlying fixture
e2_assistance,1,means_explore,recommendation_explore,prediction_entropy,-0.051634212354277,-0.07140928218976728,-0.03318700415623295,100,underlying fixture
e2_assistance,2,bayes_explore,counts_explore,exact_loss,-0.006730228105228104,-0.010943702131202129,-0.003048692973692972,100,underlying fixture
e2_assistance,2,bayes_explore,counts_explore,distribution_exact_loss,-0.004225695092950539,-0.006620407050150952,-0.0020140597932411888,100,underlying fixture
e2_assistance,2,bayes_explore,counts_explore,optimal_agreement,0.075,0.04,0.1150624999999991,100,underlying fixture
e2_assistance,2,bayes_explore,counts_explore,posterior_mean_greedy,0.0525,0.0225,0.0875,100,underlying fixture
e2_assistance,2,bayes_explore,counts_explore,prediction_entropy,-0.024737016590578143,-0.0421918729368464,-0.008584922698979444,100,underlying fixture
e2_assistance,2,bayes_explore,dp_values_explore,exact_loss,0.0031618797868797873,0.0010606060606060607,0.005694318181818183,100,underlying fixture
e2_assistance,2,bayes_explore,dp_values_explore,distribution_exact_loss,0.01477194095759312,0.01268879600471991,0.01698342134699538,100,underlying fixture
e2_assistance,2,bayes_explore,dp_values_explore,optimal_agreement,-0.045,-0.0825,-0.015,100,underlying fixture
e2_assistance,2,bayes_explore,dp_values_explore,posterior_mean_greedy,-0.0225,-0.0575,0.01,100,underlying fixture
e2_assistance,2,bayes_explore,dp_values_explore,prediction_entropy,0.21372860972680474,0.1866126927653314,0.24099120599487683,100,underlying fixture
e2_assistance,2,bayes_explore,means_explore,exact_loss,0.002874000999000999,0.0008179133366633388,0.005369861388611385,100,underlying fixture
e2_assistance,2,bayes_explore,means_explore,distribution_exact_loss,0.0035514147175288485,0.002313932779856021,0.004816750954208835,100,underlying fixture
e2_assistance,2,bayes_explore,means_explore,optimal_agreement,-0.0325,-0.06,-0.01,100,underlying fixture
e2_assistance,2,bayes_explore,means_explore,posterior_mean_greedy,-0.03,-0.0575,-0.01,100,underlying fixture
e2_assistance,2,bayes_explore,means_explore,prediction_entropy,0.031677245252846827,0.01905414223120177,0.04480646518657711,100,underlying fixture
e2_assistance,2,bayes_explore,recommendation_explore,exact_loss,0.0010459956709956704,-0.0006201569264069264,0.003205695346320343,100,underlying fixture
e2_assistance,2,bayes_explore,recommendation_explore,distribution_exact_loss,0.010044137492941833,0.008160411495207699,0.012057889916469382,100,underlying fixture
e2_assistance,2,bayes_explore,recommendation_explore,optimal_agreement,-0.01,-0.0275,0.005,100,underlying fixture
e2_assistance,2,bayes_explore,recommendation_explore,posterior_mean_greedy,-0.0125,-0.03,0.0025,100,underlying fixture
e2_assistance,2,bayes_explore,recommendation_explore,prediction_entropy,0.10914971904949718,0.08241806261598135,0.13513161366124524,100,underlying fixture
e2_assistance,2,counts_explore,dp_values_explore,exact_loss,0.009892107892107893,0.004856028346653344,0.015802952256077252,100,underlying fixture
e2_assistance,2,counts_explore,dp_values_explore,distribution_exact_loss,0.01899763605054366,0.015645765813443804,0.022744290203682183,100,underlying fixture
e2_assistance,2,counts_explore,dp_values_explore,optimal_agreement,-0.12,-0.18,-0.0675,100,underlying fixture
e2_assistance,2,counts_explore,dp_values_explore,posterior_mean_greedy,-0.075,-0.13,-0.025,100,underlying fixture
e2_assistance,2,counts_explore,dp_values_explore,prediction_entropy,0.2384656263173829,0.20707237903124504,0.2707289900237984,100,underlying fixture
e2_assistance,2,counts_explore,means_explore,exact_loss,0.009604229104229105,0.004608999333999337,0.01566164772727273,100,underlying fixture
e2_assistance,2,counts_explore,means_explore,distribution_exact_loss,0.007777109810479389,0.004986545563358756,0.010950776823267337,100,underlying fixture
e2_assistance,2,counts_explore,means_explore,optimal_agreement,-0.1075,-0.165,-0.0575,100,underlying fixture
e2_assistance,2,counts_explore,means_explore,posterior_mean_greedy,-0.0825,-0.1325,-0.04,100,underlying fixture
e2_assistance,2,counts_explore,means_explore,prediction_entropy,0.05641426184342497,0.035436201746553986,0.07855832725618028,100,underlying fixture
e2_assistance,2,counts_explore,recommendation_explore,exact_loss,0.007776223776223775,0.003554902389277391,0.012777887737262735,100,underlying fixture
e2_assistance,2,counts_explore,recommendation_explore,distribution_exact_loss,0.014269832585892374,0.012136567151598427,0.016498427653641637,100,underlying fixture
e2_assistance,2,counts_explore,recommendation_explore,optimal_agreement,-0.085,-0.13,-0.045,100,underlying fixture
e2_assistance,2,counts_explore,recommendation_explore,posterior_mean_greedy,-0.065,-0.1075,-0.03,100,underlying fixture
e2_assistance,2,counts_explore,recommendation_explore,prediction_entropy,0.1338867356400753,0.10580834795321216,0.160154434383703,100,underlying fixture
e2_assistance,2,dp_values_explore,means_explore,exact_loss,-0.0002878787878787881,-0.0007272727272727276,0.0,100,underlying fixture
e2_assistance,2,dp_values_explore,means_explore,distribution_exact_loss,-0.011220526240064269,-0.012576162967014868,-0.009873762104969283,100,underlying fixture
e2_assistance,2,dp_values_explore,means_explore,optimal_agreement,0.0125,0.0,0.035,100,underlying fixture
e2_assistance,2,dp_values_explore,means_explore,posterior_mean_greedy,-0.0075,-0.03,0.0075,100,underlying fixture
e2_assistance,2,dp_values_explore,means_explore,prediction_entropy,-0.18205136447395792,-0.20615187788991352,-0.16000707678070364,100,underlying fixture
e2_assistance,2,dp_values_explore,recommendation_explore,exact_loss,-0.0021158841158841167,-0.004276034382284384,-0.0004783549783549779,100,underlying fixture
e2_assistance,2,dp_values_explore,recommendation_explore,distribution_exact_loss,-0.004727803464651285,-0.00681866358663981,-0.002892459655380836,100,underlying fixture
e2_assistance,2,dp_values_explore,recommendation_explore,optimal_agreement,0.035,0.01,0.065,100,underlying fixture
e2_assistance,2,dp_values_explore,recommendation_explore,posterior_mean_greedy,0.01,-0.02,0.04,100,underlying fixture
e2_assistance,2,dp_values_explore,recommendation_explore,prediction_entropy,-0.10457889067730752,-0.13722051755176845,-0.07350342144664478,100,underlying fixture
e2_assistance,2,means_explore,recommendation_explore,exact_loss,-0.0018280053280053288,-0.003974327755577757,-0.00029662004662004695,100,underlying fixture
e2_assistance,2,means_explore,recommendation_explore,distribution_exact_loss,0.006492722775412986,0.004517994818587199,0.008416497274917108,100,underlying fixture
e2_assistance,2,means_explore,recommendation_explore,optimal_agreement,0.0225,0.0075,0.0425,100,underlying fixture
e2_assistance,2,means_explore,recommendation_explore,posterior_mean_greedy,0.0175,0.0025,0.0375,100,underlying fixture
e2_assistance,2,means_explore,recommendation_explore,prediction_entropy,0.07747247379665034,0.05056435880548541,0.10304011061032743,100,underlying fixture
e2_assistance,10,bayes_explore,counts_explore,exact_loss,-0.004121318158800839,-0.007094513435722476,-0.0015290017257939572,100,underlying fixture
e2_assistance,10,bayes_explore,counts_explore,distribution_exact_loss,-0.006696511567937966,-0.008418680266384952,-0.0050316301671548165,100,underlying fixture
e2_assistance,10,bayes_explore,counts_explore,optimal_agreement,0.045,0.01,0.085,100,underlying fixture
e2_assistance,10,bayes_explore,counts_explore,posterior_mean_greedy,0.0425,0.015,0.075,100,underlying fixture
e2_assistance,10,bayes_explore,counts_explore,prediction_entropy,-0.05482274440602479,-0.07032233162466808,-0.03924314043254666,100,underlying fixture
e2_assistance,10,bayes_explore,dp_values_explore,exact_loss,0.003661407887287158,0.0013337336030201244,0.006521606899752588,100,underlying fixture
e2_assistance,10,bayes_explore,dp_values_explore,distribution_exact_loss,0.015061419929182132,0.012724962002959726,0.017518483336454654,100,underlying fixture
e2_assistance,10,bayes_explore,dp_values_explore,optimal_agreement,-0.0775,-0.13,-0.0325,100,underlying fixture
e2_assistance,10,bayes_explore,dp_values_explore,posterior_mean_greedy,0.0425,-0.0075,0.0975,100,underlying fixture
e2_assistance,10,bayes_explore,dp_values_explore,prediction_entropy,0.20799591255520117,0.1781225411162263,0.23809346548215632,100,underlying fixture
e2_assistance,10,bayes_explore,means_explore,exact_loss,0.0011041694087642728,0.0,0.0027217175940002125,100,underlying fixture
e2_assistance,10,bayes_explore,means_explore,distribution_exact_loss,0.0034578615969005277,0.002010570475604487,0.0048873714654797664,100,underlying fixture
e2_assistance,10,bayes_explore,means_explore,optimal_agreement,-0.0125,-0.03,0.0,100,underlying fixture
e2_assistance,10,bayes_explore,means_explore,posterior_mean_greedy,-0.0125,-0.03,0.0,100,underlying fixture
e2_assistance,10,bayes_explore,means_explore,prediction_entropy,0.03643955888145616,0.021205301679855397,0.05148428500933757,100,underlying fixture
e2_assistance,10,bayes_explore,recommendation_explore,exact_loss,-0.003074068622319337,-0.005485843370465919,-0.0010707524892929687,100,underlying fixture
e2_assistance,10,bayes_explore,recommendation_explore,distribution_exact_loss,0.008084495237790618,0.005745151402962011,0.010465616924899172,100,underlying fixture
e2_assistance,10,bayes_explore,recommendation_explore,optimal_agreement,0.03,0.01,0.0525,100,underlying fixture
e2_assistance,10,bayes_explore,recommendation_explore,posterior_mean_greedy,0.0125,0.0025,0.0275,100,underlying fixture
e2_assistance,10,bayes_explore,recommendation_explore,prediction_entropy,0.10482526325493134,0.075757128556343,0.1327385489985767,100,underlying fixture
e2_assistance,10,counts_explore,dp_values_explore,exact_loss,0.007782726046087997,0.004194720107756298,0.011806946555325493,100,underlying fixture
e2_assistance,10,counts_explore,dp_values_explore,distribution_exact_loss,0.021757931497120096,0.018741844992734888,0.024938796928731726,100,underlying fixture
e2_assistance,10,counts_explore,dp_values_explore,optimal_agreement,-0.1225,-0.1825,-0.07,100,underlying fixture
e2_assistance,10,counts_explore,dp_values_explore,posterior_mean_greedy,0.0,-0.055,0.055,100,underlying fixture
e2_assistance,10,counts_explore,dp_values_explore,prediction_entropy,0.26281865696122597,0.23138858465968218,0.2957194955153775,100,underlying fixture
e2_assistance,10,counts_explore,means_explore,exact_loss,0.005225487567565112,0.0022539267138594237,0.008691103562068234,100,underlying fixture
e2_assistance,10,counts_explore,means_explore,distribution_exact_loss,0.010154373164838493,0.008030366107665962,0.012373767071188398,100,underlying fixture
e2_assistance,10,counts_explore,means_explore,optimal_agreement,-0.0575,-0.1025,-0.0175,100,underlying fixture
e2_assistance,10,counts_explore,means_explore,posterior_mean_greedy,-0.055,-0.095,-0.02,100,underlying fixture
e2_assistance,10,counts_explore,means_explore,prediction_entropy,0.09126230328748097,0.07282984130826488,0.11028213724920065,100,underlying fixture
e2_assistance,10,counts_explore,recommendation_explore,exact_loss,0.0010472495364815025,-0.001208744053762149,0.003385095447226349,100,underlying fixture
e2_assistance,10,counts_explore,recommendation_explore,distribution_exact_loss,0.014781006805728586,0.012475126695981498,0.017000033899455647,100,underlying fixture
e2_assistance,10,counts_explore,recommendation_explore,optimal_agreement,-0.015,-0.05,0.0175,100,underlying fixture
e2_assistance,10,counts_explore,recommendation_explore,posterior_mean_greedy,-0.03,-0.0625,-0.0025,100,underlying fixture
e2_assistance,10,counts_explore,recommendation_explore,prediction_entropy,0.15964800766095613,0.12924337712023,0.18869643546185538,100,underlying fixture
e2_assistance,10,dp_values_explore,means_explore,exact_loss,-0.0025572384785228853,-0.005023004459467773,-0.0006316152901313783,100,underlying fixture
e2_assistance,10,dp_values_explore,means_explore,distribution_exact_loss,-0.011603558332281603,-0.013519217243176987,-0.00985238340511186,100,underlying fixture
e2_assistance,10,dp_values_explore,means_explore,optimal_agreement,0.065,0.02,0.12,100,underlying fixture
e2_assistance,10,dp_values_explore,means_explore,posterior_mean_greedy,-0.055,-0.105,-0.01,100,underlying fixture
e2_assistance,10,dp_values_explore,means_explore,prediction_entropy,-0.17155635367374505,-0.19774280547071588,-0.14732774076183042,100,underlying fixture
e2_assistance,10,dp_values_explore,recommendation_explore,exact_loss,-0.006735476509606495,-0.0101861287842146,-0.0036391196392457016,100,underlying fixture
e2_assistance,10,dp_values_explore,recommendation_explore,distribution_exact_loss,-0.006976924691391515,-0.01035776406560514,-0.003818828281413622,100,underlying fixture
e2_assistance,10,dp_values_explore,recommendation_explore,optimal_agreement,0.1075,0.0575,0.1625,100,underlying fixture
e2_assistance,10,dp_values_explore,recommendation_explore,posterior_mean_greedy,-0.03,-0.085,0.02,100,underlying fixture
e2_assistance,10,dp_values_explore,recommendation_explore,prediction_entropy,-0.10317064930026984,-0.14206756131581347,-0.06614325295698413,100,underlying fixture
e2_assistance,10,means_explore,recommendation_explore,exact_loss,-0.0041782380310836096,-0.006930678763562754,-0.0017910086645328896,100,underlying fixture
e2_assistance,10,means_explore,recommendation_explore,distribution_exact_loss,0.00462663364089009,0.00205504654144641,0.0071078696818154,100,underlying fixture
e2_assistance,10,means_explore,recommendation_explore,optimal_agreement,0.0425,0.02,0.07,100,underlying fixture
e2_assistance,10,means_explore,recommendation_explore,posterior_mean_greedy,0.025,0.0075,0.045,100,underlying fixture
e2_assistance,10,means_explore,recommendation_explore,prediction_entropy,0.06838570437347517,0.039404325642813445,0.09635970104887366,100,underlying fixture
