experiment,policy,stratum,low_horizon,high_horizon,metric,low_mean,high_mean,mean_difference,ci_low,ci_high,n_fixtures,analysis_role
e1_horizon,counts_explore,all_matched,1,10,non_greedy_choice,0.065,0.0575,-0.0075,-0.0525,0.0375,100,post_hoc_secondary
e1_horizon,counts_explore,high_horizon_requires_exploration,1,10,non_greedy_choice,0.03125,0.3125,0.28125,0.0625,0.5625,8,post_hoc_secondary
e1_horizon,counts_explore,high_horizon_greedy_can_be_optimal,1,10,non_greedy_choice,0.06793478260869565,0.035326086956521736,-0.03260869565217391,-0.07065217391304347,0.002717391304347826,92,post_hoc_secondary
e1_horizon,counts_explore,all_matched,1,10,non_greedy_probability,0.09524999999999999,0.13110000000000002,0.03584999999999999,0.01337500000000001,0.057300624999999994,100,post_hoc_secondary
e1_horizon,counts_explore,high_horizon_requires_exploration,1,10,non_greedy_probability,0.16343749999999999,0.318125,0.15468749999999998,0.12156250000000002,0.1896875,8,post_hoc_secondary
e1_horizon,counts_explore,high_horizon_greedy_can_be_optimal,1,10,non_greedy_probability,0.08932065217391305,0.1148369565217391,0.025516304347826087,0.0028797554347826143,0.04698369565217392,92,post_hoc_secondary
e1_horizon,counts_explore,all_matched,1,10,optimal_agreement,0.935,0.845,-0.09,-0.1625,-0.02,100,post_hoc_secondary
e1_horizon,counts_explore,high_horizon_requires_exploration,1,10,optimal_agreement,0.96875,0.3125,-0.65625,-0.9375,-0.3125,8,post_hoc_secondary
e1_horizon,counts_explore,high_horizon_greedy_can_be_optimal,1,10,optimal_agreement,0.9320652173913043,0.8913043478260869,-0.04076086956521739,-0.10326086956521739,0.019021739130434784,92,post_hoc_secondary
e1_horizon,counts_explore,all_matched,1,10,exact_loss,0.004938311688311687,0.013864249463271496,0.008925937774959808,0.0036212679916361166,0.014640614848072442,100,post_hoc_secondary
e1_horizon,counts_explore,high_horizon_requires_exploration,1,10,exact_loss,0.001116071428571428,0.04216385436352976,0.04104778293495834,0.017790013918260596,0.062020717377860635,8,post_hoc_secondary
e1_horizon,counts_explore,high_horizon_greedy_can_be_optimal,1,10,exact_loss,0.005270680406549971,0.011403414254553386,0.006132733848003415,0.0010230900845862292,0.011767757487616033,92,post_hoc_secondary
e1_horizon,counts_explore,all_matched,1,10,exploration_required,0.0,0.08,0.08,0.03,0.14,100,post_hoc_secondary
e1_horizon,counts_explore,high_horizon_requires_exploration,1,10,exploration_required,0.0,1.0,1.0,1.0,1.0,8,post_hoc_secondary
e1_horizon,counts_explore,high_horizon_greedy_can_be_optimal,1,10,exploration_required,0.0,0.0,0.0,0.0,0.0,92,post_hoc_secondary
e1_horizon,counts_neutral,all_matched,1,10,non_greedy_choice,0.0675,0.0675,0.0,-0.015,0.0125,100,post_hoc_secondary
e1_horizon,counts_neutral,high_horizon_requires_exploration,1,10,non_greedy_choice,0.03125,0.03125,0.0,0.0,0.0,8,post_hoc_secondary
e1_horizon,counts_neutral,high_horizon_greedy_can_be_optimal,1,10,non_greedy_choice,0.07065217391304347,0.07065217391304347,0.0,-0.016304347826086956,0.01358695652173913,92,post_hoc_secondary
e1_horizon,counts_neutral,all_matched,1,10,non_greedy_probability,0.09029999999999999,0.09234999999999999,0.00205,-0.007500000000000002,0.011099999999999999,100,post_hoc_secondary
e1_horizon,counts_neutral,high_horizon_requires_exploration,1,10,non_greedy_probability,0.13874999999999998,0.1771875,0.0384375,0.007812500000000003,0.07874999999999997,8,post_hoc_secondary
e1_horizon,counts_neutral,high_horizon_greedy_can_be_optimal,1,10,non_greedy_probability,0.08608695652173914,0.08497282608695651,-0.0011141304347826093,-0.011032608695652172,0.007690896739130427,92,post_hoc_secondary
e1_horizon,counts_neutral,all_matched,1,10,optimal_agreement,0.9325,0.77,-0.1625,-0.2375,-0.095,100,post_hoc_secondary
e1_horizon,counts_neutral,high_horizon_requires_exploration,1,10,optimal_agreement,0.96875,0.03125,-0.9375,-1.0,-0.8125,8,post_hoc_secondary
e1_horizon,counts_neutral,high_horizon_greedy_can_be_optimal,1,10,optimal_agreement,0.9293478260869565,0.8342391304347826,-0.09510869565217392,-0.16032608695652173,-0.03804347826086957,92,post_hoc_secondary
e1_horizon,counts_neutral,all_matched,1,10,exact_loss,0.005063311688311687,0.02070033472121815,0.015637023032906462,0.009943984245737444,0.02169154284983227,100,post_hoc_secondary
e1_horizon,counts_neutral,high_horizon_requires_exploration,1,10,exact_loss,0.001116071428571428,0.0460920626012736,0.04497599117270218,0.02598709532045239,0.06286245307605043,8,post_hoc_secondary
e1_horizon,counts_neutral,high_horizon_greedy_can_be_optimal,1,10,exact_loss,0.005406549971767362,0.01849235838382202,0.013085808412054659,0.007547993295403784,0.019289166827253533,92,post_hoc_secondary
e1_horizon,counts_neutral,all_matched,1,10,exploration_required,0.0,0.08,0.08,0.03,0.14,100,post_hoc_secondary
e1_horizon,counts_neutral,high_horizon_requires_exploration,1,10,exploration_required,0.0,1.0,1.0,1.0,1.0,8,post_hoc_secondary
e1_horizon,counts_neutral,high_horizon_greedy_can_be_optimal,1,10,exploration_required,0.0,0.0,0.0,0.0,0.0,92,post_hoc_secondary
e1_horizon,counts_regret,all_matched,1,10,non_greedy_choice,0.1025,0.0925,-0.01,-0.0325,0.01,100,post_hoc_secondary
e1_horizon,counts_regret,high_horizon_requires_exploration,1,10,non_greedy_choice,0.0625,0.125,0.0625,0.0,0.15625,8,post_hoc_secondary
e1_horizon,counts_regret,high_horizon_greedy_can_be_optimal,1,10,non_greedy_choice,0.10597826086956522,0.08967391304347826,-0.016304347826086956,-0.04076086956521739,0.005434782608695652,92,post_hoc_secondary
e1_horizon,counts_regret,all_matched,1,10,non_greedy_probability,0.1197,0.15035,0.03064999999999999,0.014899375,0.045875624999999996,100,post_hoc_secondary
e1_horizon,counts_regret,high_horizon_requires_exploration,1,10,non_greedy_probability,0.1284375,0.2325,0.10406250000000002,0.085625,0.12874999999999998,8,post_hoc_secondary
e1_horizon,counts_regret,high_horizon_greedy_can_be_optimal,1,10,non_greedy_probability,0.11894021739130435,0.14320652173913045,0.024266304347826083,0.0077445652173912995,0.03972894021739129,92,post_hoc_secondary
e1_horizon,counts_regret,all_matched,1,10,optimal_agreement,0.8975,0.7825,-0.115,-0.185,-0.0525,100,post_hoc_secondary
e1_horizon,counts_regret,high_horizon_requires_exploration,1,10,optimal_agreement,0.9375,0.125,-0.8125,-1.0,-0.53125,8,post_hoc_secondary
e1_horizon,counts_regret,high_horizon_greedy_can_be_optimal,1,10,optimal_agreement,0.8940217391304348,0.8396739130434783,-0.05434782608695652,-0.10869565217391304,-0.005434782608695652,92,post_hoc_secondary
e1_horizon,counts_regret,all_matched,1,10,exact_loss,0.011218614718614716,0.021357979325103152,0.010139364606488437,0.0034147913179564554,0.016606535895648165,100,post_hoc_secondary
e1_horizon,counts_regret,high_horizon_requires_exploration,1,10,exact_loss,0.002232142857142856,0.045097855915102625,0.04286571305795977,0.020991434161077193,0.06286245307605043,8,post_hoc_secondary
e1_horizon,counts_regret,high_horizon_greedy_can_be_optimal,1,10,exact_loss,0.012000047054394879,0.019293642230320592,0.0072935951759257114,0.0004366269540534981,0.013685863961960436,92,post_hoc_secondary
e1_horizon,counts_regret,all_matched,1,10,exploration_required,0.0,0.08,0.08,0.03,0.14,100,post_hoc_secondary
e1_horizon,counts_regret,high_horizon_requires_exploration,1,10,exploration_required,0.0,1.0,1.0,1.0,1.0,8,post_hoc_secondary
e1_horizon,counts_regret,high_horizon_greedy_can_be_optimal,1,10,exploration_required,0.0,0.0,0.0,0.0,0.0,92,post_hoc_secondary
e2_assistance,bayes_explore,all_matched,1,10,non_greedy_choice,0.0,0.0175,0.0175,0.0,0.04,100,post_hoc_secondary
e2_assistance,bayes_explore,high_horizon_requires_exploration,1,10,non_greedy_choice,0.0,0.0,0.0,0.0,0.0,6,post_hoc_secondary
e2_assistance,bayes_explore,high_horizon_greedy_can_be_optimal,1,10,non_greedy_choice,0.0,0.018617021276595744,0.018617021276595744,0.0,0.0425531914893617,94,post_hoc_secondary
e2_assistance,bayes_explore,all_matched,1,10,non_greedy_probability,0.008925,0.1052,0.09627500000000001,0.07859937499999999,0.11537624999999997,100,post_hoc_secondary
e2_assistance,bayes_explore,high_horizon_requires_exploration,1,10,non_greedy_probability,0.0008333333333333334,0.2025,0.20166666666666666,0.18041666666666667,0.22583333333333333,6,post_hoc_secondary
e2_assistance,bayes_explore,high_horizon_greedy_can_be_optimal,1,10,non_greedy_probability,0.00944148936170213,0.09898936170212766,0.08954787234042552,0.07132978723404255,0.10888364361702124,94,post_hoc_secondary
e2_assistance,bayes_explore,all_matched,1,10,optimal_agreement,1.0,0.9225,-0.0775,-0.1325,-0.03,100,post_hoc_secondary
e2_assistance,bayes_explore,high_horizon_requires_exploration,1,10,optimal_agreement,1.0,0.0,-1.0,-1.0,-1.0,6,post_hoc_secondary
e2_assistance,bayes_explore,high_horizon_greedy_can_be_optimal,1,10,optimal_agreement,1.0,0.9813829787234043,-0.018617021276595744,-0.0425531914893617,0.0,94,post_hoc_secondary
e2_assistance,bayes_explore,all_matched,1,10,exact_loss,0.0,0.003661407887287158,0.003661407887287158,0.0013683434348061385,0.006538659427080187,100,post_hoc_secondary
e2_assistance,bayes_explore,high_horizon_requires_exploration,1,10,exact_loss,0.0,0.03674488004757803,0.03674488004757803,0.018637803020953154,0.057658887798874105,6,post_hoc_secondary
e2_assistance,bayes_explore,high_horizon_greedy_can_be_optimal,1,10,exact_loss,0.0,0.0015496968983324214,0.0015496968983324214,0.0,0.0036619666833694223,94,post_hoc_secondary
e2_assistance,bayes_explore,all_matched,1,10,exploration_required,0.0,0.06,0.06,0.02,0.11,100,post_hoc_secondary
e2_assistance,bayes_explore,high_horizon_requires_exploration,1,10,exploration_required,0.0,1.0,1.0,1.0,1.0,6,post_hoc_secondary
e2_assistance,bayes_explore,high_horizon_greedy_can_be_optimal,1,10,exploration_required,0.0,0.0,0.0,0.0,0.0,94,post_hoc_secondary
e2_assistance,counts_explore,all_matched,1,10,non_greedy_choice,0.085,0.06,-0.025,-0.07,0.0175,100,post_hoc_secondary
e2_assistance,counts_explore,high_horizon_requires_exploration,1,10,non_greedy_choice,0.041666666666666664,0.16666666666666666,0.125,-0.08333333333333333,0.3333333333333333,6,post_hoc_secondary
e2_assistance,counts_explore,high_horizon_greedy_can_be_optimal,1,10,non_greedy_choice,0.08776595744680851,0.05319148936170213,-0.034574468085106384,-0.08244680851063829,0.007978723404255319,94,post_hoc_secondary
e2_assistance,counts_explore,all_matched,1,10,non_greedy_probability,0.09455000000000002,0.144325,0.04977499999999999,0.029249374999999998,0.06892562499999999,100,post_hoc_secondary
e2_assistance,counts_explore,high_horizon_requires_exploration,1,10,non_greedy_probability,0.10208333333333335,0.27499999999999997,0.1729166666666667,0.12374999999999997,0.22750000000000004,6,post_hoc_secondary
e2_assistance,counts_explore,high_horizon_greedy_can_be_optimal,1,10,non_greedy_probability,0.0940691489361702,0.1359840425531915,0.041914893617021276,0.02159507978723404,0.06095811170212764,94,post_hoc_secondary
e2_assistance,counts_explore,all_matched,1,10,optimal_agreement,0.915,0.8775,-0.0375,-0.1,0.025,100,post_hoc_secondary
e2_assistance,counts_explore,high_horizon_requires_exploration,1,10,optimal_agreement,0.9583333333333334,0.16666666666666666,-0.7916666666666666,-0.9583333333333334,-0.625,6,post_hoc_secondary
e2_assistance,counts_explore,high_horizon_greedy_can_be_optimal,1,10,optimal_agreement,0.9122340425531915,0.9228723404255319,0.010638297872340425,-0.0398936170212766,0.06382978723404255,94,post_hoc_secondary
e2_assistance,counts_explore,all_matched,1,10,exact_loss,0.0070806277056277055,0.007782726046087997,0.0007020983404602923,-0.005246177480792618,0.00608197919898049,100,post_hoc_secondary
e2_assistance,counts_explore,high_horizon_requires_exploration,1,10,exact_loss,0.0004960317460317489,0.0324558330164361,0.031959801270404355,0.01170820072820851,0.05416176696264899,6,post_hoc_secondary
e2_assistance,counts_explore,high_horizon_greedy_can_be_optimal,1,10,exact_loss,0.007500921064750851,0.006207846877767906,-0.0012930741869829456,-0.00725202964061107,0.0038534684556259077,94,post_hoc_secondary
e2_assistance,counts_explore,all_matched,1,10,exploration_required,0.0,0.06,0.06,0.02,0.11,100,post_hoc_secondary
e2_assistance,counts_explore,high_horizon_requires_exploration,1,10,exploration_required,0.0,1.0,1.0,1.0,1.0,6,post_hoc_secondary
e2_assistance,counts_explore,high_horizon_greedy_can_be_optimal,1,10,exploration_required,0.0,0.0,0.0,0.0,0.0,94,post_hoc_secondary
e2_assistance,dp_values_explore,all_matched,1,10,non_greedy_choice,0.0,0.06,0.06,0.02,0.11,100,post_hoc_secondary
e2_assistance,dp_values_explore,high_horizon_requires_exploration,1,10,non_greedy_choice,0.0,1.0,1.0,1.0,1.0,6,post_hoc_secondary
e2_assistance,dp_values_explore,high_horizon_greedy_can_be_optimal,1,10,non_greedy_choice,0.0,0.0,0.0,0.0,0.0,94,post_hoc_secondary
e2_assistance,dp_values_explore,all_matched,1,10,non_greedy_probability,0.00037500000000000006,0.07254999999999999,0.07217499999999999,0.03395000000000001,0.118825,100,post_hoc_secondary
e2_assistance,dp_values_explore,high_horizon_requires_exploration,1,10,non_greedy_probability,0.0,0.9516666666666667,0.9516666666666667,0.9429166666666666,0.9595833333333333,6,post_hoc_secondary
e2_assistance,dp_values_explore,high_horizon_greedy_can_be_optimal,1,10,non_greedy_probability,0.00039893617021276594,0.016436170212765954,0.01603723404255319,0.013617021276595745,0.018590425531914895,94,post_hoc_secondary
e2_assistance,dp_values_explore,all_matched,1,10,optimal_agreement,1.0,1.0,0.0,0.0,0.0,100,post_hoc_secondary
e2_assistance,dp_values_explore,high_horizon_requires_exploration,1,10,optimal_agreement,1.0,1.0,0.0,0.0,0.0,6,post_hoc_secondary
e2_assistance,dp_values_explore,high_horizon_greedy_can_be_optimal,1,10,optimal_agreement,1.0,1.0,0.0,0.0,0.0,94,post_hoc_secondary
e2_assistance,dp_values_explore,all_matched,1,10,exact_loss,0.0,0.0,0.0,0.0,0.0,100,post_hoc_secondary
e2_assistance,dp_values_explore,high_horizon_requires_exploration,1,10,exact_loss,0.0,0.0,0.0,0.0,0.0,6,post_hoc_secondary
e2_assistance,dp_values_explore,high_horizon_greedy_can_be_optimal,1,10,exact_loss,0.0,0.0,0.0,0.0,0.0,94,post_hoc_secondary
e2_assistance,dp_values_explore,all_matched,1,10,exploration_required,0.0,0.06,0.06,0.02,0.11,100,post_hoc_secondary
e2_assistance,dp_values_explore,high_horizon_requires_exploration,1,10,exploration_required,0.0,1.0,1.0,1.0,1.0,6,post_hoc_secondary
e2_assistance,dp_values_explore,high_horizon_greedy_can_be_optimal,1,10,exploration_required,0.0,0.0,0.0,0.0,0.0,94,post_hoc_secondary
e2_assistance,means_explore,all_matched,1,10,non_greedy_choice,0.0,0.005,0.005,0.0,0.015,100,post_hoc_secondary
e2_assistance,means_explore,high_horizon_requires_exploration,1,10,non_greedy_choice,0.0,0.0,0.0,0.0,0.0,6,post_hoc_secondary
e2_assistance,means_explore,high_horizon_greedy_can_be_optimal,1,10,non_greedy_choice,0.0,0.005319148936170213,0.005319148936170213,0.0,0.015957446808510637,94,post_hoc_secondary
e2_assistance,means_explore,all_matched,1,10,non_greedy_probability,0.0017499999999999998,0.07784999999999999,0.0761,0.063325,0.08992499999999999,100,post_hoc_secondary
e2_assistance,means_explore,high_horizon_requires_exploration,1,10,non_greedy_probability,0.0,0.18458333333333332,0.18458333333333332,0.1395833333333333,0.23916666666666664,6,post_hoc_secondary
e2_assistance,means_explore,high_horizon_greedy_can_be_optimal,1,10,non_greedy_probability,0.001861702127659575,0.07103723404255319,0.06917553191489362,0.057446808510638304,0.08289893617021277,94,post_hoc_secondary
e2_assistance,means_explore,all_matched,1,10,optimal_agreement,1.0,0.935,-0.065,-0.115,-0.02,100,post_hoc_secondary
e2_assistance,means_explore,high_horizon_requires_exploration,1,10,optimal_agreement,1.0,0.0,-1.0,-1.0,-1.0,6,post_hoc_secondary
e2_assistance,means_explore,high_horizon_greedy_can_be_optimal,1,10,optimal_agreement,1.0,0.9946808510638298,-0.005319148936170213,-0.015957446808510637,0.0,94,post_hoc_secondary
e2_assistance,means_explore,all_matched,1,10,exact_loss,0.0,0.0025572384785228853,0.0025572384785228853,0.0006452807430129948,0.004998290124976677,100,post_hoc_secondary
e2_assistance,means_explore,high_horizon_requires_exploration,1,10,exact_loss,0.0,0.03674488004757803,0.03674488004757803,0.018637803020953154,0.057658887798874105,6,post_hoc_secondary
e2_assistance,means_explore,high_horizon_greedy_can_be_optimal,1,10,exact_loss,0.0,0.0003750485911363865,0.0003750485911363865,0.0,0.0011251457734091593,94,post_hoc_secondary
e2_assistance,means_explore,all_matched,1,10,exploration_required,0.0,0.06,0.06,0.02,0.11,100,post_hoc_secondary
e2_assistance,means_explore,high_horizon_requires_exploration,1,10,exploration_required,0.0,1.0,1.0,1.0,1.0,6,post_hoc_secondary
e2_assistance,means_explore,high_horizon_greedy_can_be_optimal,1,10,exploration_required,0.0,0.0,0.0,0.0,0.0,94,post_hoc_secondary
e2_assistance,recommendation_explore,all_matched,1,10,non_greedy_choice,0.0125,0.03,0.0175,0.0025,0.035,100,post_hoc_secondary
e2_assistance,recommendation_explore,high_horizon_requires_exploration,1,10,non_greedy_choice,0.0,0.0,0.0,0.0,0.0,6,post_hoc_secondary
e2_assistance,recommendation_explore,high_horizon_greedy_can_be_optimal,1,10,non_greedy_choice,0.013297872340425532,0.031914893617021274,0.018617021276595744,0.005252659574468146,0.03723404255319149,94,post_hoc_secondary
e2_assistance,recommendation_explore,all_matched,1,10,non_greedy_probability,0.019375000000000003,0.067625,0.048249999999999994,0.033649375,0.06515062499999999,100,post_hoc_secondary
e2_assistance,recommendation_explore,high_horizon_requires_exploration,1,10,non_greedy_probability,0.004166666666666667,0.14750000000000002,0.14333333333333334,0.11875000000000001,0.17041666666666666,6,post_hoc_secondary
e2_assistance,recommendation_explore,high_horizon_greedy_can_be_optimal,1,10,non_greedy_probability,0.020345744680851062,0.06252659574468085,0.04218085106382979,0.027260638297872345,0.05909574468085106,94,post_hoc_secondary
e2_assistance,recommendation_explore,all_matched,1,10,optimal_agreement,0.9875,0.8925,-0.095,-0.14756249999999993,-0.0475,100,post_hoc_secondary
e2_assistance,recommendation_explore,high_horizon_requires_exploration,1,10,optimal_agreement,1.0,0.0,-1.0,-1.0,-1.0,6,post_hoc_secondary
e2_assistance,recommendation_explore,high_horizon_greedy_can_be_optimal,1,10,optimal_agreement,0.9867021276595744,0.949468085106383,-0.03723404255319149,-0.06382978723404255,-0.015957446808510637,94,post_hoc_secondary
e2_assistance,recommendation_explore,all_matched,1,10,exact_loss,0.0005492424242424242,0.006735476509606495,0.0061862340853640705,0.0033635408012669308,0.009549241223652112,100,post_hoc_secondary
e2_assistance,recommendation_explore,high_horizon_requires_exploration,1,10,exact_loss,0.0,0.03674488004757803,0.03674488004757803,0.018637803020953154,0.057658887798874105,6,post_hoc_secondary
e2_assistance,recommendation_explore,high_horizon_greedy_can_be_optimal,1,10,exact_loss,0.0005843004513217279,0.004819982666757248,0.00423568221543552,0.0019051960411761385,0.006977483697728452,94,post_hoc_secondary
e2_assistance,recommendation_explore,all_matched,1,10,exploration_required,0.0,0.06,0.06,0.02,0.11,100,post_hoc_secondary
e2_assistance,recommendation_explore,high_horizon_requires_exploration,1,10,exploration_required,0.0,1.0,1.0,1.0,1.0,6,post_hoc_secondary
e2_assistance,recommendation_explore,high_horizon_greedy_can_be_optimal,1,10,exploration_required,0.0,0.0,0.0,0.0,0.0,94,post_hoc_secondary
