experiment,horizon,comparison_role,left,right,metric,mean_difference,ci_low,ci_high,n_pairs,n_left,n_right,unit,n_cells,status
e3_exact_online,20,secondary_baseline,bayes_direct,bayes_ucb,pseudo_regret,0.03284191158427396,-0.10663990937225747,0.17870989678012458,200,200,200,episode,1,ok
e3_exact_online,20,secondary_baseline,bayes_direct,bayes_ucb,reward,0.005,-0.17,0.17,200,200,200,episode,1,ok
e3_exact_online,20,secondary_baseline,bayes_direct,bayes_ucb,exact_loss,0.006853745414746941,-0.013986658291001139,0.029011330458775367,200,200,200,episode,1,ok
e3_exact_online,20,primary_assistance,bayes_direct,counts_direct,pseudo_regret,-0.05027002130087478,-0.17865715277306243,0.06495975154299821,200,200,200,episode,1,ok
e3_exact_online,20,primary_assistance,bayes_direct,counts_direct,reward,0.11,-0.025,0.25,200,200,200,episode,1,ok
e3_exact_online,20,primary_assistance,bayes_direct,counts_direct,exact_loss,-0.1202830658122067,-0.16103147755561323,-0.08323263598138923,200,200,200,episode,1,ok
e3_exact_online,20,planned_comparison,bayes_direct,exact,pseudo_regret,0.06515275218595563,-0.05629157832019472,0.19346095925243392,200,200,200,episode,1,ok
e3_exact_online,20,planned_comparison,bayes_direct,exact,reward,-0.07,-0.235,0.085,200,200,200,episode,1,ok
e3_exact_online,20,planned_comparison,bayes_direct,exact,exact_loss,0.06488700468448272,0.04625384761554945,0.08490271757549858,200,200,200,episode,1,ok
e3_exact_online,20,secondary_baseline,bayes_direct,finite_ap_index,pseudo_regret,0.07317313616752222,-0.04382935588465023,0.20449049360907584,200,200,200,episode,1,ok
e3_exact_online,20,secondary_baseline,bayes_direct,finite_ap_index,reward,-0.05,-0.22,0.115,200,200,200,episode,1,ok
e3_exact_online,20,secondary_baseline,bayes_direct,finite_ap_index,exact_loss,0.06324370235071367,0.04498278502075825,0.08397528050746497,200,200,200,episode,1,ok
e3_exact_online,20,secondary_baseline,bayes_direct,greedy,pseudo_regret,0.16645909203266832,0.036534531390046955,0.3159272961066684,200,200,200,episode,1,ok
e3_exact_online,20,secondary_baseline,bayes_direct,greedy,reward,-0.125,-0.29,0.025,200,200,200,episode,1,ok
e3_exact_online,20,secondary_baseline,bayes_direct,greedy,exact_loss,0.0025378107088263203,-0.018950595459103697,0.02449079052226381,200,200,200,episode,1,ok
e3_exact_online,20,secondary_baseline,bayes_direct,ids,pseudo_regret,0.041589601827525725,-0.06541786263251999,0.15553740412591605,200,200,200,episode,1,ok
e3_exact_online,20,secondary_baseline,bayes_direct,ids,reward,-0.035,-0.185,0.11,200,200,200,episode,1,ok
e3_exact_online,20,secondary_baseline,bayes_direct,ids,exact_loss,0.028736299268914273,0.010082667175464312,0.04829536022877056,200,200,200,episode,1,ok
e3_exact_online,20,secondary_baseline,bayes_direct,knowledge_gradient,pseudo_regret,-0.0010181839348273015,-0.12395308510399025,0.12859213765131272,200,200,200,episode,1,ok
e3_exact_online,20,secondary_baseline,bayes_direct,knowledge_gradient,reward,0.03,-0.15,0.205,200,200,200,episode,1,ok
e3_exact_online,20,secondary_baseline,bayes_direct,knowledge_gradient,exact_loss,0.03328841378536038,0.011863418860149815,0.056031545830936946,200,200,200,episode,1,ok
e3_exact_online,20,primary_vs_ts,bayes_direct,ts,pseudo_regret,-0.5114066038270029,-0.6486044349784029,-0.36518967352990267,200,200,200,episode,1,ok
e3_exact_online,20,primary_vs_ts,bayes_direct,ts,reward,0.625,0.405,0.845,200,200,200,episode,1,ok
e3_exact_online,20,primary_vs_ts,bayes_direct,ts,exact_loss,-0.43762775406430604,-0.4853782257508424,-0.38871701343589465,200,200,200,episode,1,ok
e3_exact_online,20,secondary_baseline,bayes_direct,ucb1,pseudo_regret,-0.8988740988678791,-1.087003661793741,-0.7086175504603093,200,200,200,episode,1,ok
e3_exact_online,20,secondary_baseline,bayes_direct,ucb1,reward,0.975,0.72,1.225,200,200,200,episode,1,ok
e3_exact_online,20,secondary_baseline,bayes_direct,ucb1,exact_loss,-0.8676410600763441,-0.9388619465058204,-0.7974397208409353,200,200,200,episode,1,ok
e3_exact_online,20,planned_comparison,bayes_sample,bayes_direct,pseudo_regret,0.39986639219476294,0.27394573497482255,0.5218933725665109,200,200,200,episode,1,ok
e3_exact_online,20,planned_comparison,bayes_sample,bayes_direct,reward,-0.56,-0.725,-0.395,200,200,200,episode,1,ok
e3_exact_online,20,planned_comparison,bayes_sample,bayes_direct,exact_loss,0.350326624264593,0.29554200125278235,0.4063616695902,200,200,200,episode,1,ok
e3_exact_online,20,secondary_baseline,bayes_sample,bayes_ucb,pseudo_regret,0.4327083037790369,0.3088306078766271,0.5610009425064181,200,200,200,episode,1,ok
e3_exact_online,20,secondary_baseline,bayes_sample,bayes_ucb,reward,-0.555,-0.725,-0.39,200,200,200,episode,1,ok
e3_exact_online,20,secondary_baseline,bayes_sample,bayes_ucb,exact_loss,0.3571803696793399,0.30478543079424786,0.41153091676609316,200,200,200,episode,1,ok
e3_exact_online,20,planned_comparison,bayes_sample,exact,pseudo_regret,0.4650191443807186,0.34948078628278867,0.5815558815938775,200,200,200,episode,1,ok
e3_exact_online,20,planned_comparison,bayes_sample,exact,reward,-0.63,-0.795,-0.47,200,200,200,episode,1,ok
e3_exact_online,20,planned_comparison,bayes_sample,exact,exact_loss,0.4152136289490757,0.36425341879013684,0.4675558088648685,200,200,200,episode,1,ok
e3_exact_online,20,secondary_baseline,bayes_sample,finite_ap_index,pseudo_regret,0.4730395283622852,0.35625962530200067,0.5872093680578165,200,200,200,episode,1,ok
e3_exact_online,20,secondary_baseline,bayes_sample,finite_ap_index,reward,-0.61,-0.775,-0.44,200,200,200,episode,1,ok
e3_exact_online,20,secondary_baseline,bayes_sample,finite_ap_index,exact_loss,0.41357032661530657,0.36175835086468844,0.46542554105090517,200,200,200,episode,1,ok
e3_exact_online,20,secondary_baseline,bayes_sample,greedy,pseudo_regret,0.5663254842274312,0.42721320805747043,0.712933231099336,200,200,200,episode,1,ok
e3_exact_online,20,secondary_baseline,bayes_sample,greedy,reward,-0.685,-0.8651249999999999,-0.505,200,200,200,episode,1,ok
e3_exact_online,20,secondary_baseline,bayes_sample,greedy,exact_loss,0.3528644349734192,0.29840470079556464,0.4080762805671951,200,200,200,episode,1,ok
e3_exact_online,20,secondary_baseline,bayes_sample,ids,pseudo_regret,0.4414559940222887,0.3343171056386234,0.5489491289476311,200,200,200,episode,1,ok
e3_exact_online,20,secondary_baseline,bayes_sample,ids,reward,-0.595,-0.75,-0.44,200,200,200,episode,1,ok
e3_exact_online,20,secondary_baseline,bayes_sample,ids,exact_loss,0.37906292353350723,0.32834630349882504,0.4323299813264064,200,200,200,episode,1,ok
e3_exact_online,20,secondary_baseline,bayes_sample,knowledge_gradient,pseudo_regret,0.3988482082599357,0.2815025652891889,0.5166347898798117,200,200,200,episode,1,ok
e3_exact_online,20,secondary_baseline,bayes_sample,knowledge_gradient,reward,-0.53,-0.705,-0.355,200,200,200,episode,1,ok
e3_exact_online,20,secondary_baseline,bayes_sample,knowledge_gradient,exact_loss,0.3836150380499534,0.32993193865402975,0.43837640690359153,200,200,200,episode,1,ok
e3_exact_online,20,planned_comparison,bayes_sample,ts,pseudo_regret,-0.11154021163223993,-0.22472324507443991,0.00023622036424269957,200,200,200,episode,1,ok
e3_exact_online,20,planned_comparison,bayes_sample,ts,reward,0.065,-0.11,0.24,200,200,200,episode,1,ok
e3_exact_online,20,planned_comparison,bayes_sample,ts,exact_loss,-0.08730112979971309,-0.1494103428277356,-0.023485758367676354,200,200,200,episode,1,ok
e3_exact_online,20,secondary_baseline,bayes_sample,ucb1,pseudo_regret,-0.49900770667311606,-0.6420719014155462,-0.3605514574816921,200,200,200,episode,1,ok
e3_exact_online,20,secondary_baseline,bayes_sample,ucb1,reward,0.415,0.225,0.6,200,200,200,episode,1,ok
e3_exact_online,20,secondary_baseline,bayes_sample,ucb1,exact_loss,-0.5173144358117512,-0.5911371394713383,-0.4450170673910316,200,200,200,episode,1,ok
e3_exact_online,20,secondary_baseline,counts_direct,bayes_ucb,pseudo_regret,0.08311193288514876,-0.09941173569983218,0.2825998582391549,200,200,200,episode,1,ok
e3_exact_online,20,secondary_baseline,counts_direct,bayes_ucb,reward,-0.105,-0.34,0.115,200,200,200,episode,1,ok
e3_exact_online,20,secondary_baseline,counts_direct,bayes_ucb,exact_loss,0.12713681122695367,0.08495454081278761,0.17255730670990083,200,200,200,episode,1,ok
e3_exact_online,20,planned_comparison,counts_direct,exact,pseudo_regret,0.11542277348683044,-0.0595617744793486,0.31531157728755665,200,200,200,episode,1,ok
e3_exact_online,20,planned_comparison,counts_direct,exact,reward,-0.18,-0.42,0.035,200,200,200,episode,1,ok
e3_exact_online,20,planned_comparison,counts_direct,exact,exact_loss,0.18517007049668943,0.14103583096364636,0.23199497254158202,200,200,200,episode,1,ok
e3_exact_online,20,secondary_baseline,counts_direct,finite_ap_index,pseudo_regret,0.12344315746839701,-0.055164269050720194,0.3260106032208722,200,200,200,episode,1,ok
e3_exact_online,20,secondary_baseline,counts_direct,finite_ap_index,reward,-0.16,-0.405,0.06,200,200,200,episode,1,ok
e3_exact_online,20,secondary_baseline,counts_direct,finite_ap_index,exact_loss,0.18352676816292038,0.13993733038029313,0.23096996143058243,200,200,200,episode,1,ok
e3_exact_online,20,secondary_baseline,counts_direct,greedy,pseudo_regret,0.2167291133335431,0.032406480370175475,0.4199529485628829,200,200,200,episode,1,ok
e3_exact_online,20,secondary_baseline,counts_direct,greedy,reward,-0.235,-0.46,-0.02,200,200,200,episode,1,ok
e3_exact_online,20,secondary_baseline,counts_direct,greedy,exact_loss,0.12282087652103303,0.0798704711402687,0.1696905789943042,200,200,200,episode,1,ok
e3_exact_online,20,secondary_baseline,counts_direct,ids,pseudo_regret,0.09185962312840051,-0.07002712071323805,0.2711773150251357,200,200,200,episode,1,ok
e3_exact_online,20,secondary_baseline,counts_direct,ids,reward,-0.145,-0.37,0.06,200,200,200,episode,1,ok
e3_exact_online,20,secondary_baseline,counts_direct,ids,exact_loss,0.149019365081121,0.10816328204523665,0.192437755263339,200,200,200,episode,1,ok
e3_exact_online,20,secondary_baseline,counts_direct,knowledge_gradient,pseudo_regret,0.049251837366047484,-0.12849462688326543,0.24285984701180457,200,200,200,episode,1,ok
e3_exact_online,20,secondary_baseline,counts_direct,knowledge_gradient,reward,-0.08,-0.325,0.155,200,200,200,episode,1,ok
e3_exact_online,20,secondary_baseline,counts_direct,knowledge_gradient,exact_loss,0.1535714795975671,0.10679822335241293,0.20415586879747857,200,200,200,episode,1,ok
e3_exact_online,20,primary_vs_ts,counts_direct,ts,pseudo_regret,-0.46113658252612816,-0.6446253534251382,-0.26701651397508547,200,200,200,episode,1,ok
e3_exact_online,20,primary_vs_ts,counts_direct,ts,reward,0.515,0.235,0.78,200,200,200,episode,1,ok
e3_exact_online,20,primary_vs_ts,counts_direct,ts,exact_loss,-0.3173446882520993,-0.3789248372402454,-0.25545850920006474,200,200,200,episode,1,ok
e3_exact_online,20,secondary_baseline,counts_direct,ucb1,pseudo_regret,-0.8486040775670043,-1.0612225486100908,-0.6198703128162224,200,200,200,episode,1,ok
e3_exact_online,20,secondary_baseline,counts_direct,ucb1,reward,0.865,0.57,1.1451249999999982,200,200,200,episode,1,ok
e3_exact_online,20,secondary_baseline,counts_direct,ucb1,exact_loss,-0.7473579942641375,-0.8265654235605034,-0.6664282584361809,200,200,200,episode,1,ok
e3_exact_online,20,secondary_baseline,counts_sample,bayes_ucb,pseudo_regret,0.4578357374732713,0.3112071182075664,0.6070001255055784,200,200,200,episode,1,ok
e3_exact_online,20,secondary_baseline,counts_sample,bayes_ucb,reward,-0.49,-0.69,-0.295,200,200,200,episode,1,ok
e3_exact_online,20,secondary_baseline,counts_sample,bayes_ucb,exact_loss,0.43099126650702635,0.36937237030706366,0.49431077406164403,200,200,200,episode,1,ok
e3_exact_online,20,planned_comparison,counts_sample,counts_direct,pseudo_regret,0.3747238045881224,0.21012591942716222,0.5328130211042333,200,200,200,episode,1,ok
e3_exact_online,20,planned_comparison,counts_sample,counts_direct,reward,-0.385,-0.615,-0.145,200,200,200,episode,1,ok
e3_exact_online,20,planned_comparison,counts_sample,counts_direct,exact_loss,0.30385445528007277,0.2283111074480709,0.3812355789615779,200,200,200,episode,1,ok
e3_exact_online,20,planned_comparison,counts_sample,exact,pseudo_regret,0.4901465780749528,0.3575193179067088,0.6281690039239818,200,200,200,episode,1,ok
e3_exact_online,20,planned_comparison,counts_sample,exact,reward,-0.565,-0.76,-0.375,200,200,200,episode,1,ok
e3_exact_online,20,planned_comparison,counts_sample,exact,exact_loss,0.48902452577676214,0.42761384403160413,0.5495328111387169,200,200,200,episode,1,ok
e3_exact_online,20,secondary_baseline,counts_sample,finite_ap_index,pseudo_regret,0.4981669620565195,0.3575895840504442,0.6416172197946937,200,200,200,episode,1,ok
e3_exact_online,20,secondary_baseline,counts_sample,finite_ap_index,reward,-0.545,-0.7401249999999999,-0.35,200,200,200,episode,1,ok
e3_exact_online,20,secondary_baseline,counts_sample,finite_ap_index,exact_loss,0.4873812234429931,0.4284668407595973,0.551733955356358,200,200,200,episode,1,ok
e3_exact_online,20,secondary_baseline,counts_sample,greedy,pseudo_regret,0.5914529179216657,0.4285048986500962,0.7583455116487301,200,200,200,episode,1,ok
e3_exact_online,20,secondary_baseline,counts_sample,greedy,reward,-0.62,-0.84,-0.41,200,200,200,episode,1,ok
e3_exact_online,20,secondary_baseline,counts_sample,greedy,exact_loss,0.42667533180110573,0.36537547374420465,0.49187209288901856,200,200,200,episode,1,ok
e3_exact_online,20,secondary_baseline,counts_sample,ids,pseudo_regret,0.466583427716523,0.3365327501279215,0.6029347504275832,200,200,200,episode,1,ok
e3_exact_online,20,secondary_baseline,counts_sample,ids,reward,-0.53,-0.725,-0.34,200,200,200,episode,1,ok
e3_exact_online,20,secondary_baseline,counts_sample,ids,exact_loss,0.45287382036119367,0.3935693544239814,0.5171123373863602,200,200,200,episode,1,ok
e3_exact_online,20,secondary_baseline,counts_sample,knowledge_gradient,pseudo_regret,0.4239756419541699,0.2821736750270138,0.5689672130796962,200,200,200,episode,1,ok
e3_exact_online,20,secondary_baseline,counts_sample,knowledge_gradient,reward,-0.465,-0.665,-0.26,200,200,200,episode,1,ok
e3_exact_online,20,secondary_baseline,counts_sample,knowledge_gradient,exact_loss,0.45742593487763983,0.3963493625484566,0.5222300452554534,200,200,200,episode,1,ok
e3_exact_online,20,planned_comparison,counts_sample,ts,pseudo_regret,-0.08641277793800566,-0.22844813906447517,0.054889956127335104,200,200,200,episode,1,ok
e3_exact_online,20,planned_comparison,counts_sample,ts,reward,0.13,-0.08,0.335,200,200,200,episode,1,ok
e3_exact_online,20,planned_comparison,counts_sample,ts,exact_loss,-0.013490232972026617,-0.08939135264667523,0.06436385310824412,200,200,200,episode,1,ok
e3_exact_online,20,secondary_baseline,counts_sample,ucb1,pseudo_regret,-0.4738802729788818,-0.6215316698243457,-0.31940646166674164,200,200,200,episode,1,ok
e3_exact_online,20,secondary_baseline,counts_sample,ucb1,reward,0.48,0.275,0.68,200,200,200,episode,1,ok
e3_exact_online,20,secondary_baseline,counts_sample,ucb1,exact_loss,-0.4435035389840647,-0.5217756318592028,-0.3676059220265687,200,200,200,episode,1,ok
e3_exact_online,20,secondary_baseline,dp_direct,bayes_ucb,pseudo_regret,-0.019722636497887712,-0.12461028572484775,0.0916741971820382,200,200,200,episode,1,ok
e3_exact_online,20,secondary_baseline,dp_direct,bayes_ucb,reward,0.05,-0.075,0.175,200,200,200,episode,1,ok
e3_exact_online,20,secondary_baseline,dp_direct,bayes_ucb,exact_loss,-0.058033259269735786,-0.07065500239184089,-0.04635896399030907,200,200,200,episode,1,ok
e3_exact_online,20,planned_comparison,dp_direct,exact,pseudo_regret,0.012588204103793963,-0.05996372623347038,0.09196720182041242,200,200,200,episode,1,ok
e3_exact_online,20,planned_comparison,dp_direct,exact,reward,-0.025,-0.115,0.065,200,200,200,episode,1,ok
e3_exact_online,20,planned_comparison,dp_direct,exact,exact_loss,0.0,0.0,0.0,200,200,200,episode,1,ok
e3_exact_online,20,secondary_baseline,dp_direct,finite_ap_index,pseudo_regret,0.02060858808536054,-0.059186475244405186,0.10059732087863524,200,200,200,episode,1,ok
e3_exact_online,20,secondary_baseline,dp_direct,finite_ap_index,reward,-0.005,-0.11,0.105,200,200,200,episode,1,ok
e3_exact_online,20,secondary_baseline,dp_direct,finite_ap_index,exact_loss,-0.00164330233376905,-0.002286609726317905,-0.0010799041503014232,200,200,200,episode,1,ok
e3_exact_online,20,secondary_baseline,dp_direct,greedy,pseudo_regret,0.11389454395050666,0.001063095669435946,0.2392142167158458,200,200,200,episode,1,ok
e3_exact_online,20,secondary_baseline,dp_direct,greedy,reward,-0.08,-0.21,0.050124999999998185,200,200,200,episode,1,ok
e3_exact_online,20,secondary_baseline,dp_direct,greedy,exact_loss,-0.06234919397565641,-0.08259866638946581,-0.045605501681263226,200,200,200,episode,1,ok
e3_exact_online,20,secondary_baseline,dp_direct,ids,pseudo_regret,-0.010974946254635944,-0.07255925928026233,0.049772389369762166,200,200,200,episode,1,ok
e3_exact_online,20,secondary_baseline,dp_direct,ids,reward,0.01,-0.085,0.105,200,200,200,episode,1,ok
e3_exact_online,20,secondary_baseline,dp_direct,ids,exact_loss,-0.036150705415568446,-0.04633684867322108,-0.02695894435095843,200,200,200,episode,1,ok
e3_exact_online,20,secondary_baseline,dp_direct,knowledge_gradient,pseudo_regret,-0.053582732016989,-0.14037497688134382,0.030976151683385765,200,200,200,episode,1,ok
e3_exact_online,20,secondary_baseline,dp_direct,knowledge_gradient,reward,0.075,-0.045,0.2,200,200,200,episode,1,ok
e3_exact_online,20,secondary_baseline,dp_direct,knowledge_gradient,exact_loss,-0.03159859089912234,-0.04035418330681662,-0.02341635118456542,200,200,200,episode,1,ok
e3_exact_online,20,planned_comparison,dp_direct,ts,pseudo_regret,-0.5639711519091645,-0.6750603440310354,-0.45574237885375624,200,200,200,episode,1,ok
e3_exact_online,20,planned_comparison,dp_direct,ts,reward,0.67,0.49,0.845,200,200,200,episode,1,ok
e3_exact_online,20,planned_comparison,dp_direct,ts,exact_loss,-0.5025147587487888,-0.5466906492049306,-0.4585254478448454,200,200,200,episode,1,ok
e3_exact_online,20,secondary_baseline,dp_direct,ucb1,pseudo_regret,-0.9514386469500407,-1.1104354900323103,-0.7899590386981524,200,200,200,episode,1,ok
e3_exact_online,20,secondary_baseline,dp_direct,ucb1,reward,1.02,0.795,1.23,200,200,200,episode,1,ok
e3_exact_online,20,secondary_baseline,dp_direct,ucb1,exact_loss,-0.9325280647608268,-0.9993377501640918,-0.862886918575009,200,200,200,episode,1,ok
e4_scaling,100,secondary_baseline,bayes_direct,bayes_ucb,pseudo_regret,2.462769692412429,1.5235003985737758,3.4096872866432935,600,600,600,episode,15,ok
e4_scaling,100,secondary_baseline,bayes_direct,bayes_ucb,reward,-2.4233333333333333,-3.4217083333333336,-1.44,600,600,600,episode,15,ok
e4_scaling,100,primary_assistance,bayes_direct,counts_direct,pseudo_regret,-2.6291111124255755,-3.340704147891746,-1.951648726272474,600,600,600,episode,15,ok
e4_scaling,100,primary_assistance,bayes_direct,counts_direct,reward,2.65,1.9449583333333331,3.3567499999999995,600,600,600,episode,15,ok
e4_scaling,100,secondary_baseline,bayes_direct,finite_ap_index,pseudo_regret,3.7903335959516347,2.8831017894751416,4.682145625470528,600,600,600,episode,15,ok
e4_scaling,100,secondary_baseline,bayes_direct,finite_ap_index,reward,-3.5716666666666663,-4.504999999999999,-2.6449583333333337,600,600,600,episode,15,ok
e4_scaling,100,secondary_baseline,bayes_direct,greedy,pseudo_regret,2.025187861015624,1.137412155035121,2.9280001483576674,600,600,600,episode,15,ok
e4_scaling,100,secondary_baseline,bayes_direct,greedy,reward,-1.7883333333333336,-2.6816666666666666,-0.9032916666666673,600,600,600,episode,15,ok
e4_scaling,100,secondary_baseline,bayes_direct,ids,pseudo_regret,3.4212511258849587,2.4972404340389662,4.362039647876268,600,600,600,episode,15,ok
e4_scaling,100,secondary_baseline,bayes_direct,ids,reward,-3.2550000000000003,-4.1983749999999995,-2.316666666666667,600,600,600,episode,15,ok
e4_scaling,100,secondary_baseline,bayes_direct,knowledge_gradient,pseudo_regret,4.06974021592212,3.155306755724225,4.973471243499312,600,600,600,episode,15,ok
e4_scaling,100,secondary_baseline,bayes_direct,knowledge_gradient,reward,-3.7916666666666665,-4.705041666666666,-2.8866666666666667,600,600,600,episode,15,ok
e4_scaling,100,primary_vs_ts,bayes_direct,ts,pseudo_regret,0.25798136721922266,-0.6473355871059122,1.1865782988330238,600,600,600,episode,15,ok
e4_scaling,100,primary_vs_ts,bayes_direct,ts,reward,-0.2783333333333333,-1.218375,0.6483749999999996,600,600,600,episode,15,ok
e4_scaling,100,secondary_baseline,bayes_direct,ucb1,pseudo_regret,-4.926364207511859,-5.857376741924326,-3.964077872406357,600,600,600,episode,15,ok
e4_scaling,100,secondary_baseline,bayes_direct,ucb1,reward,4.918333333333334,3.8999583333333336,5.90675,600,600,600,episode,15,ok
e4_scaling,100,planned_comparison,bayes_sample,bayes_direct,pseudo_regret,-1.7911845001144466,-2.5250022402566654,-1.072524051478994,600,600,600,episode,15,ok
e4_scaling,100,planned_comparison,bayes_sample,bayes_direct,reward,1.5083333333333333,0.7866666666666667,2.296708333333333,600,600,600,episode,15,ok
e4_scaling,100,secondary_baseline,bayes_sample,bayes_ucb,pseudo_regret,0.6715851922979827,0.16167689891569453,1.175888870775846,600,600,600,episode,15,ok
e4_scaling,100,secondary_baseline,bayes_sample,bayes_ucb,reward,-0.9150000000000001,-1.4866666666666666,-0.3533333333333333,600,600,600,episode,15,ok
e4_scaling,100,secondary_baseline,bayes_sample,finite_ap_index,pseudo_regret,1.9991490958371885,1.5393425065045057,2.4627590670286534,600,600,600,episode,15,ok
e4_scaling,100,secondary_baseline,bayes_sample,finite_ap_index,reward,-2.0633333333333335,-2.5666666666666664,-1.5666666666666669,600,600,600,episode,15,ok
e4_scaling,100,secondary_baseline,bayes_sample,greedy,pseudo_regret,0.23400336090117785,-0.38450949099681014,0.8284282273028087,600,600,600,episode,15,ok
e4_scaling,100,secondary_baseline,bayes_sample,greedy,reward,-0.2800000000000001,-0.8917083333333334,0.3583333333333333,600,600,600,episode,15,ok
e4_scaling,100,secondary_baseline,bayes_sample,ids,pseudo_regret,1.6300666257705123,1.1690264658420946,2.1103619690334323,600,600,600,episode,15,ok
e4_scaling,100,secondary_baseline,bayes_sample,ids,reward,-1.7466666666666668,-2.2583333333333333,-1.2532916666666671,600,600,600,episode,15,ok
e4_scaling,100,secondary_baseline,bayes_sample,knowledge_gradient,pseudo_regret,2.278555715807674,1.8102183140110504,2.750598123508702,600,600,600,episode,15,ok
e4_scaling,100,secondary_baseline,bayes_sample,knowledge_gradient,reward,-2.283333333333333,-2.773333333333333,-1.7999999999999998,600,600,600,episode,15,ok
e4_scaling,100,planned_comparison,bayes_sample,ts,pseudo_regret,-1.5332031328952234,-1.9883097800378078,-1.074053549096763,600,600,600,episode,15,ok
e4_scaling,100,planned_comparison,bayes_sample,ts,reward,1.23,0.7083333333333335,1.735,600,600,600,episode,15,ok
e4_scaling,100,secondary_baseline,bayes_sample,ucb1,pseudo_regret,-6.717548707626305,-7.2378983868931135,-6.178761054833691,600,600,600,episode,15,ok
e4_scaling,100,secondary_baseline,bayes_sample,ucb1,reward,6.426666666666667,5.808291666666666,7.025,600,600,600,episode,15,ok
e4_scaling,100,secondary_baseline,counts_direct,bayes_ucb,pseudo_regret,5.091880804838005,4.0711286436936165,6.166408125814438,600,600,600,episode,15,ok
e4_scaling,100,secondary_baseline,counts_direct,bayes_ucb,reward,-5.073333333333334,-6.145041666666667,-4.013333333333334,600,600,600,episode,15,ok
e4_scaling,100,secondary_baseline,counts_direct,finite_ap_index,pseudo_regret,6.41944470837721,5.383745736496385,7.445090901667696,600,600,600,episode,15,ok
e4_scaling,100,secondary_baseline,counts_direct,finite_ap_index,reward,-6.221666666666668,-7.296666666666667,-5.173291666666667,600,600,600,episode,15,ok
e4_scaling,100,secondary_baseline,counts_direct,greedy,pseudo_regret,4.6542989734411995,3.5771491247999436,5.750776114290598,600,600,600,episode,15,ok
e4_scaling,100,secondary_baseline,counts_direct,greedy,reward,-4.4383333333333335,-5.5200000000000005,-3.36,600,600,600,episode,15,ok
e4_scaling,100,secondary_baseline,counts_direct,ids,pseudo_regret,6.050362238310533,5.0412833162071955,7.089085719380485,600,600,600,episode,15,ok
e4_scaling,100,secondary_baseline,counts_direct,ids,reward,-5.905,-6.978375000000001,-4.843333333333334,600,600,600,episode,15,ok
e4_scaling,100,secondary_baseline,counts_direct,knowledge_gradient,pseudo_regret,6.698851328347696,5.669258539625125,7.752888272981799,600,600,600,episode,15,ok
e4_scaling,100,secondary_baseline,counts_direct,knowledge_gradient,reward,-6.441666666666665,-7.528333333333333,-5.431666666666667,600,600,600,episode,15,ok
e4_scaling,100,primary_vs_ts,counts_direct,ts,pseudo_regret,2.887092479644798,1.9059498110495359,3.9054661814618794,600,600,600,episode,15,ok
e4_scaling,100,primary_vs_ts,counts_direct,ts,reward,-2.9283333333333332,-3.981708333333333,-1.8782916666666674,600,600,600,episode,15,ok
e4_scaling,100,secondary_baseline,counts_direct,ucb1,pseudo_regret,-2.2972530950862837,-3.2989578588340605,-1.2877947181586358,600,600,600,episode,15,ok
e4_scaling,100,secondary_baseline,counts_direct,ucb1,reward,2.268333333333333,1.20825,3.34,600,600,600,episode,15,ok
e4_scaling,100,secondary_baseline,counts_sample,bayes_ucb,pseudo_regret,1.487589401564824,0.965720860952176,2.02030192482947,600,600,600,episode,15,ok
e4_scaling,100,secondary_baseline,counts_sample,bayes_ucb,reward,-1.6766666666666665,-2.283333333333333,-1.084958333333334,600,600,600,episode,15,ok
e4_scaling,100,planned_comparison,counts_sample,counts_direct,pseudo_regret,-3.604291403273181,-4.477698144848092,-2.723022797154132,600,600,600,episode,15,ok
e4_scaling,100,planned_comparison,counts_sample,counts_direct,reward,3.396666666666667,2.5116666666666667,4.300041666666667,600,600,600,episode,15,ok
e4_scaling,100,secondary_baseline,counts_sample,finite_ap_index,pseudo_regret,2.8151533051040305,2.298087348461278,3.341289495118192,600,600,600,episode,15,ok
e4_scaling,100,secondary_baseline,counts_sample,finite_ap_index,reward,-2.825,-3.396666666666667,-2.2616666666666667,600,600,600,episode,15,ok
e4_scaling,100,secondary_baseline,counts_sample,greedy,pseudo_regret,1.050007570168019,0.39751820983951813,1.6951129843912833,600,600,600,episode,15,ok
e4_scaling,100,secondary_baseline,counts_sample,greedy,reward,-1.0416666666666667,-1.733333333333333,-0.3333333333333334,600,600,600,episode,15,ok
e4_scaling,100,secondary_baseline,counts_sample,ids,pseudo_regret,2.4460708350373532,1.941186044409364,2.9696316967460357,600,600,600,episode,15,ok
e4_scaling,100,secondary_baseline,counts_sample,ids,reward,-2.508333333333333,-3.0766666666666667,-1.9533333333333334,600,600,600,episode,15,ok
e4_scaling,100,secondary_baseline,counts_sample,knowledge_gradient,pseudo_regret,3.0945599250745155,2.5683868035327606,3.6277545531089976,600,600,600,episode,15,ok
e4_scaling,100,secondary_baseline,counts_sample,knowledge_gradient,reward,-3.0450000000000004,-3.6149999999999993,-2.4699999999999998,600,600,600,episode,15,ok
e4_scaling,100,planned_comparison,counts_sample,ts,pseudo_regret,-0.7171989236283826,-1.2017904111622504,-0.23349062806671964,600,600,600,episode,15,ok
e4_scaling,100,planned_comparison,counts_sample,ts,reward,0.4683333333333334,-0.0817083333333334,1.0067083333333329,600,600,600,episode,15,ok
e4_scaling,100,secondary_baseline,counts_sample,ucb1,pseudo_regret,-5.901544498359464,-6.453795079039792,-5.353022572393405,600,600,600,episode,15,ok
e4_scaling,100,secondary_baseline,counts_sample,ucb1,reward,5.665,5.033291666666667,6.279999999999999,600,600,600,episode,15,ok
e5_strategy,100,secondary_baseline,bayes_direct,bayes_ucb,pseudo_regret,1.7435144288197888,0.6808298078172328,2.898956139395666,240,240,240,episode,4,ok
e5_strategy,100,secondary_baseline,bayes_direct,bayes_ucb,reward,-2.1916666666666664,-3.4292708333333333,-1.0541666666666667,240,240,240,episode,4,ok
e5_strategy,100,secondary_baseline,bayes_direct,finite_ap_index,pseudo_regret,2.396415618172551,1.3401273170233257,3.494906915780734,240,240,240,episode,4,ok
e5_strategy,100,secondary_baseline,bayes_direct,finite_ap_index,reward,-2.7083333333333335,-3.9583333333333335,-1.4957291666666679,240,240,240,episode,4,ok
e5_strategy,100,secondary_baseline,bayes_direct,greedy,pseudo_regret,1.0582933796659229,-0.13365779227130903,2.2499887538799817,240,240,240,episode,4,ok
e5_strategy,100,secondary_baseline,bayes_direct,greedy,reward,-1.4291666666666667,-2.7041666666666666,-0.19583333333333336,240,240,240,episode,4,ok
e5_strategy,100,secondary_baseline,bayes_direct,ids,pseudo_regret,2.224798643282301,1.233868195535887,3.2721304216720912,240,240,240,episode,4,ok
e5_strategy,100,secondary_baseline,bayes_direct,ids,reward,-2.5208333333333335,-3.7167708333333334,-1.4166666666666665,240,240,240,episode,4,ok
e5_strategy,100,secondary_baseline,bayes_direct,knowledge_gradient,pseudo_regret,1.9964951874670165,0.9050584380889742,3.1014019210486476,240,240,240,episode,4,ok
e5_strategy,100,secondary_baseline,bayes_direct,knowledge_gradient,reward,-2.316666666666667,-3.5541666666666663,-1.1333333333333333,240,240,240,episode,4,ok
e5_strategy,100,primary_vs_ts,bayes_direct,ts,pseudo_regret,0.030956691761254762,-0.9775545625197433,1.099288596433618,240,240,240,episode,4,ok
e5_strategy,100,primary_vs_ts,bayes_direct,ts,reward,-0.4666666666666667,-1.6667708333333333,0.6958333333333333,240,240,240,episode,4,ok
e5_strategy,100,secondary_baseline,bayes_direct,ucb1,pseudo_regret,-4.755716655925733,-5.7598725186061,-3.697619122901096,240,240,240,episode,4,ok
e5_strategy,100,secondary_baseline,bayes_direct,ucb1,reward,4.3625,3.199791666666667,5.5,240,240,240,episode,4,ok
e5_strategy,100,planned_comparison,neutral_direct,bayes_direct,pseudo_regret,0.23666124465395577,-0.0006891007116550205,0.6399500464504215,240,240,240,episode,4,ok
e5_strategy,100,planned_comparison,neutral_direct,bayes_direct,reward,-0.25,-0.6375,0.025,240,240,240,episode,4,ok
e5_strategy,100,secondary_baseline,neutral_direct,bayes_ucb,pseudo_regret,1.9801756734737446,0.8499105260382397,3.2098948604951545,240,240,240,episode,4,ok
e5_strategy,100,secondary_baseline,neutral_direct,bayes_ucb,reward,-2.4416666666666664,-3.7375,-1.175,240,240,240,episode,4,ok
e5_strategy,100,secondary_baseline,neutral_direct,finite_ap_index,pseudo_regret,2.633076862826507,1.497082158805286,3.8377903778140823,240,240,240,episode,4,ok
e5_strategy,100,secondary_baseline,neutral_direct,finite_ap_index,reward,-2.958333333333333,-4.2834375,-1.6875,240,240,240,episode,4,ok
e5_strategy,100,secondary_baseline,neutral_direct,greedy,pseudo_regret,1.2949546243198784,0.03241409696661845,2.5644161820568345,240,240,240,episode,4,ok
e5_strategy,100,secondary_baseline,neutral_direct,greedy,reward,-1.6791666666666667,-3.0041666666666664,-0.3957291666666682,240,240,240,episode,4,ok
e5_strategy,100,secondary_baseline,neutral_direct,ids,pseudo_regret,2.4614598879362566,1.3945273487472272,3.5928004327179814,240,240,240,episode,4,ok
e5_strategy,100,secondary_baseline,neutral_direct,ids,reward,-2.7708333333333335,-3.9916666666666667,-1.5916666666666668,240,240,240,episode,4,ok
e5_strategy,100,secondary_baseline,neutral_direct,knowledge_gradient,pseudo_regret,2.2331564321209725,1.0633707439700943,3.4426591244630322,240,240,240,episode,4,ok
e5_strategy,100,secondary_baseline,neutral_direct,knowledge_gradient,reward,-2.566666666666667,-3.8667708333333333,-1.325,240,240,240,episode,4,ok
e5_strategy,100,planned_comparison,neutral_direct,ts,pseudo_regret,0.2676179364152105,-0.8067134221840149,1.4115140995969673,240,240,240,episode,4,ok
e5_strategy,100,planned_comparison,neutral_direct,ts,reward,-0.7166666666666667,-1.979270833333333,0.4917708333333318,240,240,240,episode,4,ok
e5_strategy,100,secondary_baseline,neutral_direct,ucb1,pseudo_regret,-4.5190554112717765,-5.570039699011514,-3.4045612118747814,240,240,240,episode,4,ok
e5_strategy,100,secondary_baseline,neutral_direct,ucb1,reward,4.112500000000001,2.8540625000000004,5.325,240,240,240,episode,4,ok
e5_strategy,100,planned_comparison,regret_direct,bayes_direct,pseudo_regret,0.7630991491735565,0.22402240660766204,1.4406294168124283,240,240,240,episode,4,ok
e5_strategy,100,planned_comparison,regret_direct,bayes_direct,reward,-0.7250000000000001,-1.4083333333333332,-0.16666666666666666,240,240,240,episode,4,ok
e5_strategy,100,secondary_baseline,regret_direct,bayes_ucb,pseudo_regret,2.5066135779933454,1.2990033090684372,3.8360539470051394,240,240,240,episode,4,ok
e5_strategy,100,secondary_baseline,regret_direct,bayes_ucb,reward,-2.9166666666666665,-4.291666666666666,-1.6,240,240,240,episode,4,ok
e5_strategy,100,secondary_baseline,regret_direct,finite_ap_index,pseudo_regret,3.159514767346108,1.9149252038380067,4.455929746361756,240,240,240,episode,4,ok
e5_strategy,100,secondary_baseline,regret_direct,finite_ap_index,reward,-3.4333333333333336,-4.908333333333333,-2.0248958333333347,240,240,240,episode,4,ok
e5_strategy,100,secondary_baseline,regret_direct,greedy,pseudo_regret,1.8213925288394794,0.5478843320027876,3.137266549767056,240,240,240,episode,4,ok
e5_strategy,100,secondary_baseline,regret_direct,greedy,reward,-2.154166666666667,-3.558333333333333,-0.8123958333333349,240,240,240,episode,4,ok
e5_strategy,100,secondary_baseline,regret_direct,ids,pseudo_regret,2.9878977924558576,1.8375655208024806,4.230023764923283,240,240,240,episode,4,ok
e5_strategy,100,secondary_baseline,regret_direct,ids,reward,-3.245833333333333,-4.5875,-1.9958333333333331,240,240,240,episode,4,ok
e5_strategy,100,secondary_baseline,regret_direct,knowledge_gradient,pseudo_regret,2.759594336640573,1.5272942242668253,4.061270452190133,240,240,240,episode,4,ok
e5_strategy,100,secondary_baseline,regret_direct,knowledge_gradient,reward,-3.0416666666666665,-4.4375,-1.7041666666666666,240,240,240,episode,4,ok
e5_strategy,100,planned_comparison,regret_direct,ts,pseudo_regret,0.7940558409348114,-0.369230359831401,2.0255051388780365,240,240,240,episode,4,ok
e5_strategy,100,planned_comparison,regret_direct,ts,reward,-1.1916666666666667,-2.5375,0.13749999999999996,240,240,240,episode,4,ok
e5_strategy,100,secondary_baseline,regret_direct,ucb1,pseudo_regret,-3.9926175067521754,-5.136210562290564,-2.764905895226188,240,240,240,episode,4,ok
e5_strategy,100,secondary_baseline,regret_direct,ucb1,reward,3.6375,2.3208333333333333,4.929166666666667,240,240,240,episode,4,ok
e5_strategy,100,planned_comparison,thompson_prompt,bayes_direct,pseudo_regret,0.06425587319129822,-0.4344720004755919,0.5646029678258319,240,240,240,episode,4,ok
e5_strategy,100,planned_comparison,thompson_prompt,bayes_direct,reward,0.1416666666666667,-0.3375,0.6625,240,240,240,episode,4,ok
e5_strategy,100,secondary_baseline,thompson_prompt,bayes_ucb,pseudo_regret,1.8077703020110867,0.6923307725934749,3.0213421697704885,240,240,240,episode,4,ok
e5_strategy,100,secondary_baseline,thompson_prompt,bayes_ucb,reward,-2.0500000000000003,-3.3291666666666666,-0.8415625000000015,240,240,240,episode,4,ok
e5_strategy,100,secondary_baseline,thompson_prompt,finite_ap_index,pseudo_regret,2.46067149136385,1.3154111613055992,3.6563625981452628,240,240,240,episode,4,ok
e5_strategy,100,secondary_baseline,thompson_prompt,finite_ap_index,reward,-2.5666666666666664,-3.833333333333333,-1.2875,240,240,240,episode,4,ok
e5_strategy,100,secondary_baseline,thompson_prompt,greedy,pseudo_regret,1.1225492528572212,-0.10602505144749835,2.4229158874495016,240,240,240,episode,4,ok
e5_strategy,100,secondary_baseline,thompson_prompt,greedy,reward,-1.2875,-2.65,-0.004062500000001502,240,240,240,episode,4,ok
e5_strategy,100,secondary_baseline,thompson_prompt,ids,pseudo_regret,2.2890545164735983,1.2574090950221744,3.41696877372136,240,240,240,episode,4,ok
e5_strategy,100,secondary_baseline,thompson_prompt,ids,reward,-2.3791666666666664,-3.5833333333333335,-1.2458333333333333,240,240,240,episode,4,ok
e5_strategy,100,secondary_baseline,thompson_prompt,knowledge_gradient,pseudo_regret,2.0607510606583146,0.9260699789868548,3.234036761340434,240,240,240,episode,4,ok
e5_strategy,100,secondary_baseline,thompson_prompt,knowledge_gradient,reward,-2.175,-3.4458333333333333,-0.9375,240,240,240,episode,4,ok
e5_strategy,100,planned_comparison,thompson_prompt,ts,pseudo_regret,0.09521256495255292,-0.9522968666075351,1.2403659343567723,240,240,240,episode,4,ok
e5_strategy,100,planned_comparison,thompson_prompt,ts,reward,-0.32500000000000007,-1.6126041666666668,0.875,240,240,240,episode,4,ok
e5_strategy,100,secondary_baseline,thompson_prompt,ucb1,pseudo_regret,-4.691460782734434,-5.74940219538912,-3.5743311009069925,240,240,240,episode,4,ok
e5_strategy,100,secondary_baseline,thompson_prompt,ucb1,reward,4.504166666666666,3.2375,5.679166666666667,240,240,240,episode,4,ok
e5_strategy,100,planned_comparison,ucb_direct,bayes_direct,pseudo_regret,-1.7678958372241917,-2.8503018520763153,-0.7583901812754401,240,240,240,episode,4,ok
e5_strategy,100,planned_comparison,ucb_direct,bayes_direct,reward,2.154166666666667,1.0083333333333333,3.3916666666666666,240,240,240,episode,4,ok
e5_strategy,100,secondary_baseline,ucb_direct,bayes_ucb,pseudo_regret,-0.024381408404403122,-0.1677135527348779,0.11237108847509072,240,240,240,episode,4,ok
e5_strategy,100,secondary_baseline,ucb_direct,bayes_ucb,reward,-0.037500000000000006,-0.17916666666666667,0.1125,240,240,240,episode,4,ok
e5_strategy,100,secondary_baseline,ucb_direct,finite_ap_index,pseudo_regret,0.6285197809483594,0.26127444906171915,0.9826978179326925,240,240,240,episode,4,ok
e5_strategy,100,secondary_baseline,ucb_direct,finite_ap_index,reward,-0.5541666666666667,-1.0333333333333332,-0.05,240,240,240,episode,4,ok
e5_strategy,100,secondary_baseline,ucb_direct,greedy,pseudo_regret,-0.7096024575582691,-1.6414388193655078,0.1526398680625084,240,240,240,episode,4,ok
e5_strategy,100,secondary_baseline,ucb_direct,greedy,reward,0.725,-0.24583333333333324,1.7041666666666666,240,240,240,episode,4,ok
e5_strategy,100,secondary_baseline,ucb_direct,ids,pseudo_regret,0.4569028060581086,0.12763323353173067,0.7716400030820535,240,240,240,episode,4,ok
e5_strategy,100,secondary_baseline,ucb_direct,ids,reward,-0.36666666666666664,-0.7250000000000001,0.008333333333333331,240,240,240,episode,4,ok
e5_strategy,100,secondary_baseline,ucb_direct,knowledge_gradient,pseudo_regret,0.22859935024282435,-0.3091243366440812,0.7504597786581357,240,240,240,episode,4,ok
e5_strategy,100,secondary_baseline,ucb_direct,knowledge_gradient,reward,-0.16249999999999998,-0.8,0.5041666666666667,240,240,240,episode,4,ok
e5_strategy,100,planned_comparison,ucb_direct,ts,pseudo_regret,-1.7369391454629373,-1.9828725819297406,-1.5092411993954755,240,240,240,episode,4,ok
e5_strategy,100,planned_comparison,ucb_direct,ts,reward,1.6875,1.3625,2.0166666666666666,240,240,240,episode,4,ok
e5_strategy,100,secondary_baseline,ucb_direct,ucb1,pseudo_regret,-6.523612493149923,-7.012794880913396,-6.034037641863111,240,240,240,episode,4,ok
e5_strategy,100,secondary_baseline,ucb_direct,ucb1,reward,6.516666666666666,5.925,7.1125,240,240,240,episode,4,ok
pilot,20,pilot_exploratory,bayes_direct,bayes_ucb,pseudo_regret,0.3728244781607672,-0.11980343127432277,0.8878431254236409,27,27,27,episode,9,ok
pilot,20,pilot_exploratory,bayes_direct,bayes_ucb,reward,0.07407407407407406,-0.8888888888888891,1.074074074074074,27,27,27,episode,9,ok
pilot,20,pilot_exploratory,bayes_direct,counts_direct,pseudo_regret,-0.3648797930761863,-1.0418870829129647,0.33079033406918557,27,27,27,episode,9,ok
pilot,20,pilot_exploratory,bayes_direct,counts_direct,reward,0.6296296296296295,0.037037037037037035,1.2962962962962963,27,27,27,episode,9,ok
pilot,20,pilot_exploratory,bayes_direct,greedy,pseudo_regret,0.6105807688003309,0.2046779602354003,1.051075744264568,27,27,27,episode,9,ok
pilot,20,pilot_exploratory,bayes_direct,greedy,reward,-0.6666666666666666,-1.3333333333333333,-2.7755575615628914e-17,27,27,27,episode,9,ok
pilot,20,pilot_exploratory,bayes_direct,ids,pseudo_regret,0.9418276251539083,0.2705690044561091,1.6636546490619075,27,27,27,episode,9,ok
pilot,20,pilot_exploratory,bayes_direct,ids,reward,-0.925925925925926,-1.8148148148148144,-0.07407407407407407,27,27,27,episode,9,ok
pilot,20,pilot_exploratory,bayes_direct,knowledge_gradient,pseudo_regret,0.9485463503156891,0.24143453888640357,1.728698005537097,27,27,27,episode,9,ok
pilot,20,pilot_exploratory,bayes_direct,knowledge_gradient,reward,-0.6666666666666666,-1.7407407407407407,0.4074074074074074,27,27,27,episode,9,ok
pilot,20,pilot_exploratory,bayes_direct,ts,pseudo_regret,-0.03724615531204109,-0.6001969541369536,0.5338627250787975,27,27,27,episode,9,ok
pilot,20,pilot_exploratory,bayes_direct,ts,reward,0.48148148148148157,-0.5185185185185184,1.4814814814814816,27,27,27,episode,9,ok
pilot,20,pilot_exploratory,bayes_direct,ucb1,pseudo_regret,-0.4712808340973145,-1.0083869555133174,0.058394450980899126,27,27,27,episode,9,ok
pilot,20,pilot_exploratory,bayes_direct,ucb1,reward,0.6666666666666666,-0.2592592592592593,1.6296296296296295,27,27,27,episode,9,ok
pilot,20,pilot_exploratory,bayes_sample,bayes_direct,pseudo_regret,-0.38937711704231287,-1.113074247994673,0.31724043576846295,27,27,27,episode,9,ok
pilot,20,pilot_exploratory,bayes_sample,bayes_direct,reward,0.3333333333333333,-0.40740740740740744,1.0749999999999869,27,27,27,episode,9,ok
pilot,20,pilot_exploratory,bayes_sample,bayes_ucb,pseudo_regret,-0.01655263888154567,-0.5591588930669015,0.4887211514254709,27,27,27,episode,9,ok
pilot,20,pilot_exploratory,bayes_sample,bayes_ucb,reward,0.40740740740740744,-0.4444444444444445,1.3703703703703702,27,27,27,episode,9,ok
pilot,20,pilot_exploratory,bayes_sample,greedy,pseudo_regret,0.22120365175801793,-0.3407872645086349,0.7751236296785097,27,27,27,episode,9,ok
pilot,20,pilot_exploratory,bayes_sample,greedy,reward,-0.33333333333333337,-0.888888888888889,0.2222222222222222,27,27,27,episode,9,ok
pilot,20,pilot_exploratory,bayes_sample,ids,pseudo_regret,0.5524505081115956,-0.025656383069755578,1.1174199583051565,27,27,27,episode,9,ok
pilot,20,pilot_exploratory,bayes_sample,ids,reward,-0.5925925925925926,-1.4074074074074074,0.2592592592592593,27,27,27,episode,9,ok
pilot,20,pilot_exploratory,bayes_sample,knowledge_gradient,pseudo_regret,0.5591692332733762,-0.31497317082725573,1.4241001905169646,27,27,27,episode,9,ok
pilot,20,pilot_exploratory,bayes_sample,knowledge_gradient,reward,-0.3333333333333333,-1.4814814814814816,0.7037037037037037,27,27,27,episode,9,ok
pilot,20,pilot_exploratory,bayes_sample,ts,pseudo_regret,-0.426623272354354,-0.8811439843967739,-0.12032537142850316,27,27,27,episode,9,ok
pilot,20,pilot_exploratory,bayes_sample,ts,reward,0.8148148148148147,0.18518518518518517,1.4814814814814814,27,27,27,episode,9,ok
pilot,20,pilot_exploratory,bayes_sample,ucb1,pseudo_regret,-0.8606579511396273,-1.319019510902101,-0.4296059997533906,27,27,27,episode,9,ok
pilot,20,pilot_exploratory,bayes_sample,ucb1,reward,1.0,0.25925925925925924,1.8518518518518516,27,27,27,episode,9,ok
pilot,20,pilot_exploratory,counts_direct,bayes_ucb,pseudo_regret,0.7377042712369533,-0.008724577843400886,1.4813406139982095,27,27,27,episode,9,ok
pilot,20,pilot_exploratory,counts_direct,bayes_ucb,reward,-0.5555555555555556,-1.8148148148148149,0.7407407407407407,27,27,27,episode,9,ok
pilot,20,pilot_exploratory,counts_direct,greedy,pseudo_regret,0.9754605618765169,0.17620533176003958,1.7922135131695236,27,27,27,episode,9,ok
pilot,20,pilot_exploratory,counts_direct,greedy,reward,-1.2962962962962963,-2.2592592592592595,-0.4064814814814947,27,27,27,episode,9,ok
pilot,20,pilot_exploratory,counts_direct,ids,pseudo_regret,1.3067074182300946,0.593692047863909,2.0412566508963246,27,27,27,episode,9,ok
pilot,20,pilot_exploratory,counts_direct,ids,reward,-1.5555555555555556,-2.5925925925925926,-0.5185185185185186,27,27,27,episode,9,ok
pilot,20,pilot_exploratory,counts_direct,knowledge_gradient,pseudo_regret,1.3134261433918755,0.29126862572566037,2.2809094044269904,27,27,27,episode,9,ok
pilot,20,pilot_exploratory,counts_direct,knowledge_gradient,reward,-1.2962962962962963,-2.5555555555555554,0.037037037037037035,27,27,27,episode,9,ok
pilot,20,pilot_exploratory,counts_direct,ts,pseudo_regret,0.32763363776414534,-0.4114664706297404,1.0488938380447996,27,27,27,episode,9,ok
pilot,20,pilot_exploratory,counts_direct,ts,reward,-0.1481481481481481,-1.3333333333333335,1.0,27,27,27,episode,9,ok
pilot,20,pilot_exploratory,counts_direct,ucb1,pseudo_regret,-0.10640104102112817,-0.8298552234037311,0.633541932975673,27,27,27,episode,9,ok
pilot,20,pilot_exploratory,counts_direct,ucb1,reward,0.037037037037037056,-1.2222222222222223,1.3703703703703702,27,27,27,episode,9,ok
pilot,20,pilot_exploratory,counts_sample,bayes_ucb,pseudo_regret,0.29168835718513264,-0.3242174801559876,0.8496282178480768,27,27,27,episode,9,ok
pilot,20,pilot_exploratory,counts_sample,bayes_ucb,reward,0.03703703703703701,-0.962962962962963,1.0740740740740742,27,27,27,episode,9,ok
pilot,20,pilot_exploratory,counts_sample,counts_direct,pseudo_regret,-0.44601591405182095,-0.9769161619898405,0.011388408829720541,27,27,27,episode,9,ok
pilot,20,pilot_exploratory,counts_sample,counts_direct,reward,0.5925925925925926,-0.2962962962962963,1.5185185185185186,27,27,27,episode,9,ok
pilot,20,pilot_exploratory,counts_sample,greedy,pseudo_regret,0.5294446478246962,-0.08860382312297785,1.0716432546169217,27,27,27,episode,9,ok
pilot,20,pilot_exploratory,counts_sample,greedy,reward,-0.7037037037037037,-1.3703703703703702,-0.037037037037037035,27,27,27,episode,9,ok
pilot,20,pilot_exploratory,counts_sample,ids,pseudo_regret,0.8606915041782739,0.08543262110610353,1.5879154400197761,27,27,27,episode,9,ok
pilot,20,pilot_exploratory,counts_sample,ids,reward,-0.9629629629629631,-1.8888888888888888,1.1102230246251565e-16,27,27,27,episode,9,ok
pilot,20,pilot_exploratory,counts_sample,knowledge_gradient,pseudo_regret,0.8674102293400546,-0.007124367251903998,1.7562413854365908,27,27,27,episode,9,ok
pilot,20,pilot_exploratory,counts_sample,knowledge_gradient,reward,-0.7037037037037037,-1.889814814814814,0.4444444444444444,27,27,27,episode,9,ok
pilot,20,pilot_exploratory,counts_sample,ts,pseudo_regret,-0.11838227628767568,-0.7363300586695767,0.4381194270847092,27,27,27,episode,9,ok
pilot,20,pilot_exploratory,counts_sample,ts,reward,0.44444444444444453,-0.3703703703703704,1.2962962962962965,27,27,27,episode,9,ok
pilot,20,pilot_exploratory,counts_sample,ucb1,pseudo_regret,-0.5524169550729492,-1.1163552418018394,-0.061130312825038495,27,27,27,episode,9,ok
pilot,20,pilot_exploratory,counts_sample,ucb1,reward,0.6296296296296297,-0.2601851851851844,1.5925925925925923,27,27,27,episode,9,ok
