experiment,horizon,policy,state_regime,metric,mean,ci_low,ci_high,n_fixtures,analysis_role
e1_horizon,1,counts_explore,terminal,optimal_agreement,0.935,0.8875,0.975,100,post_hoc_secondary
e1_horizon,1,counts_explore,terminal,exact_loss,0.004938311688311687,0.0015566693722943719,0.009011485389610385,100,post_hoc_secondary
e1_horizon,1,counts_explore,terminal,exact_loss_per_remaining_pull,0.004938311688311687,0.0015649350649350646,0.009029802489177485,100,post_hoc_secondary
e1_horizon,1,counts_explore,terminal,non_greedy_choice,0.065,0.025,0.1125,100,post_hoc_secondary
e1_horizon,1,counts_explore,terminal,non_greedy_probability,0.09524999999999999,0.05889874999999999,0.13512562500000003,100,post_hoc_secondary
e1_horizon,1,counts_explore,terminal,value_of_exploration,0.0,0.0,0.0,100,post_hoc_secondary
e1_horizon,1,counts_explore,terminal,loss_at_least_001,0.065,0.025,0.115,100,post_hoc_secondary
e1_horizon,1,counts_neutral,terminal,optimal_agreement,0.9325,0.8825,0.9725,100,post_hoc_secondary
e1_horizon,1,counts_neutral,terminal,exact_loss,0.005063311688311687,0.0017126623376623373,0.00926202651515151,100,post_hoc_secondary
e1_horizon,1,counts_neutral,terminal,exact_loss_per_remaining_pull,0.005063311688311687,0.0017126217532467526,0.009074147727272724,100,post_hoc_secondary
e1_horizon,1,counts_neutral,terminal,non_greedy_choice,0.0675,0.025,0.1175,100,post_hoc_secondary
e1_horizon,1,counts_neutral,terminal,non_greedy_probability,0.09029999999999999,0.055773750000000004,0.128350625,100,post_hoc_secondary
e1_horizon,1,counts_neutral,terminal,value_of_exploration,0.0,0.0,0.0,100,post_hoc_secondary
e1_horizon,1,counts_neutral,terminal,loss_at_least_001,0.0675,0.0275,0.115,100,post_hoc_secondary
e1_horizon,1,counts_regret,terminal,optimal_agreement,0.8975,0.845,0.945,100,post_hoc_secondary
e1_horizon,1,counts_regret,terminal,exact_loss,0.011218614718614716,0.005739583333333333,0.017401136363636358,100,post_hoc_secondary
e1_horizon,1,counts_regret,terminal,exact_loss_per_remaining_pull,0.011218614718614716,0.005697510822510822,0.017356168831168823,100,post_hoc_secondary
e1_horizon,1,counts_regret,terminal,non_greedy_choice,0.1025,0.055,0.1575,100,post_hoc_secondary
e1_horizon,1,counts_regret,terminal,non_greedy_probability,0.1197,0.07752500000000001,0.166925,100,post_hoc_secondary
e1_horizon,1,counts_regret,terminal,value_of_exploration,0.0,0.0,0.0,100,post_hoc_secondary
e1_horizon,1,counts_regret,terminal,loss_at_least_001,0.1025,0.055,0.1575,100,post_hoc_secondary
e1_horizon,2,counts_explore,exploration_required,optimal_agreement,0.0,,,1,post_hoc_secondary
e1_horizon,2,counts_explore,exploration_required,exact_loss,0.008333333333333304,,,1,post_hoc_secondary
e1_horizon,2,counts_explore,exploration_required,exact_loss_per_remaining_pull,0.004166666666666652,,,1,post_hoc_secondary
e1_horizon,2,counts_explore,exploration_required,non_greedy_choice,0.0,,,1,post_hoc_secondary
e1_horizon,2,counts_explore,exploration_required,non_greedy_probability,0.15250000000000002,,,1,post_hoc_secondary
e1_horizon,2,counts_explore,exploration_required,value_of_exploration,0.008333333333333304,,,1,post_hoc_secondary
e1_horizon,2,counts_explore,exploration_required,loss_at_least_001,0.0,,,1,post_hoc_secondary
e1_horizon,2,counts_explore,greedy_can_be_optimal,optimal_agreement,0.8434343434343434,0.7777777777777778,0.9040404040404041,99,post_hoc_secondary
e1_horizon,2,counts_explore,greedy_can_be_optimal,exact_loss,0.011641169546307879,0.006040425136274937,0.01815278832571322,99,post_hoc_secondary
e1_horizon,2,counts_explore,greedy_can_be_optimal,exact_loss_per_remaining_pull,0.0058205847731539395,0.0029435269751475262,0.009113706890386727,99,post_hoc_secondary
e1_horizon,2,counts_explore,greedy_can_be_optimal,non_greedy_choice,0.09090909090909091,0.04040404040404041,0.14646464646464646,99,post_hoc_secondary
e1_horizon,2,counts_explore,greedy_can_be_optimal,non_greedy_probability,0.1435858585858586,0.11009911616161616,0.18146464646464644,99,post_hoc_secondary
e1_horizon,2,counts_explore,greedy_can_be_optimal,value_of_exploration,0.0,0.0,0.0,99,post_hoc_secondary
e1_horizon,2,counts_explore,greedy_can_be_optimal,loss_at_least_001,0.14646464646464646,0.08585858585858586,0.21212121212121213,99,post_hoc_secondary
e1_horizon,2,counts_neutral,exploration_required,optimal_agreement,0.0,,,1,post_hoc_secondary
e1_horizon,2,counts_neutral,exploration_required,exact_loss,0.008333333333333304,,,1,post_hoc_secondary
e1_horizon,2,counts_neutral,exploration_required,exact_loss_per_remaining_pull,0.004166666666666652,,,1,post_hoc_secondary
e1_horizon,2,counts_neutral,exploration_required,non_greedy_choice,0.0,,,1,post_hoc_secondary
e1_horizon,2,counts_neutral,exploration_required,non_greedy_probability,0.042499999999999996,,,1,post_hoc_secondary
e1_horizon,2,counts_neutral,exploration_required,value_of_exploration,0.008333333333333304,,,1,post_hoc_secondary
e1_horizon,2,counts_neutral,exploration_required,loss_at_least_001,0.0,,,1,post_hoc_secondary
e1_horizon,2,counts_neutral,greedy_can_be_optimal,optimal_agreement,0.8358585858585859,0.7651515151515151,0.898989898989899,99,post_hoc_secondary
e1_horizon,2,counts_neutral,greedy_can_be_optimal,exact_loss,0.013007101594058108,0.00709694195242614,0.019571442866897406,99,post_hoc_secondary
e1_horizon,2,counts_neutral,greedy_can_be_optimal,exact_loss_per_remaining_pull,0.006503550797029054,0.0035128779780459595,0.009900864054149621,99,post_hoc_secondary
e1_horizon,2,counts_neutral,greedy_can_be_optimal,non_greedy_choice,0.09595959595959595,0.045454545454545456,0.15151515151515152,99,post_hoc_secondary
e1_horizon,2,counts_neutral,greedy_can_be_optimal,non_greedy_probability,0.10373737373737375,0.0658080808080808,0.14697032828282824,99,post_hoc_secondary
e1_horizon,2,counts_neutral,greedy_can_be_optimal,value_of_exploration,0.0,0.0,0.0,99,post_hoc_secondary
e1_horizon,2,counts_neutral,greedy_can_be_optimal,loss_at_least_001,0.15404040404040403,0.09090909090909091,0.2222222222222222,99,post_hoc_secondary
e1_horizon,2,counts_regret,exploration_required,optimal_agreement,0.0,,,1,post_hoc_secondary
e1_horizon,2,counts_regret,exploration_required,exact_loss,0.008333333333333304,,,1,post_hoc_secondary
e1_horizon,2,counts_regret,exploration_required,exact_loss_per_remaining_pull,0.004166666666666652,,,1,post_hoc_secondary
e1_horizon,2,counts_regret,exploration_required,non_greedy_choice,0.0,,,1,post_hoc_secondary
e1_horizon,2,counts_regret,exploration_required,non_greedy_probability,0.13,,,1,post_hoc_secondary
e1_horizon,2,counts_regret,exploration_required,value_of_exploration,0.008333333333333304,,,1,post_hoc_secondary
e1_horizon,2,counts_regret,exploration_required,loss_at_least_001,0.0,,,1,post_hoc_secondary
e1_horizon,2,counts_regret,greedy_can_be_optimal,optimal_agreement,0.8383838383838383,0.7676767676767676,0.9015151515151515,99,post_hoc_secondary
e1_horizon,2,counts_regret,greedy_can_be_optimal,exact_loss,0.014699324976004811,0.008313297283158936,0.022196782823017992,99,post_hoc_secondary
e1_horizon,2,counts_regret,greedy_can_be_optimal,exact_loss_per_remaining_pull,0.007349662488002406,0.004061835269839218,0.010972205632531715,99,post_hoc_secondary
e1_horizon,2,counts_regret,greedy_can_be_optimal,non_greedy_choice,0.09595959595959595,0.045454545454545456,0.15404040404040403,99,post_hoc_secondary
e1_horizon,2,counts_regret,greedy_can_be_optimal,non_greedy_probability,0.1523989898989899,0.11361111111111112,0.1942929292929293,99,post_hoc_secondary
e1_horizon,2,counts_regret,greedy_can_be_optimal,value_of_exploration,0.0,0.0,0.0,99,post_hoc_secondary
e1_horizon,2,counts_regret,greedy_can_be_optimal,loss_at_least_001,0.16161616161616163,0.09595959595959595,0.23232323232323232,99,post_hoc_secondary
e1_horizon,5,counts_explore,exploration_required,optimal_agreement,0.25,0.0,0.625,8,post_hoc_secondary
e1_horizon,5,counts_explore,exploration_required,exact_loss,0.02754683872890412,0.012528624756885653,0.04390376984127009,8,post_hoc_secondary
e1_horizon,5,counts_explore,exploration_required,exact_loss_per_remaining_pull,0.0055093677457808245,0.0027076441825083365,0.00878075396825402,8,post_hoc_secondary
e1_horizon,5,counts_explore,exploration_required,non_greedy_choice,0.25,0.0,0.625,8,post_hoc_secondary
e1_horizon,5,counts_explore,exploration_required,non_greedy_probability,0.3334375,0.195625,0.5165625,8,post_hoc_secondary
e1_horizon,5,counts_explore,exploration_required,value_of_exploration,0.027738165259516334,0.012403908203597575,0.0439994331065762,8,post_hoc_secondary
e1_horizon,5,counts_explore,exploration_required,loss_at_least_001,0.625,0.25,0.875,8,post_hoc_secondary
e1_horizon,5,counts_explore,greedy_can_be_optimal,optimal_agreement,0.8559782608695652,0.7853260869565217,0.9184782608695652,92,post_hoc_secondary
e1_horizon,5,counts_explore,greedy_can_be_optimal,exact_loss,0.013547711608912008,0.00720711831718745,0.020862603648845412,92,post_hoc_secondary
e1_horizon,5,counts_explore,greedy_can_be_optimal,exact_loss_per_remaining_pull,0.002709542321782401,0.0014292815381425985,0.004163961862544101,92,post_hoc_secondary
e1_horizon,5,counts_explore,greedy_can_be_optimal,non_greedy_choice,0.059782608695652176,0.021739130434782608,0.10869565217391304,92,post_hoc_secondary
e1_horizon,5,counts_explore,greedy_can_be_optimal,non_greedy_probability,0.11782608695652172,0.08576019021739131,0.15290828804347825,92,post_hoc_secondary
e1_horizon,5,counts_explore,greedy_can_be_optimal,value_of_exploration,0.0,0.0,0.0,92,post_hoc_secondary
e1_horizon,5,counts_explore,greedy_can_be_optimal,loss_at_least_001,0.14402173913043478,0.08152173913043478,0.21195652173913043,92,post_hoc_secondary
e1_horizon,5,counts_neutral,exploration_required,optimal_agreement,0.25,0.0,0.5,8,post_hoc_secondary
e1_horizon,5,counts_neutral,exploration_required,exact_loss,0.02754683872890412,0.012528624756885653,0.04390376984127009,8,post_hoc_secondary
e1_horizon,5,counts_neutral,exploration_required,exact_loss_per_remaining_pull,0.0055093677457808245,0.0026259920634920777,0.00878075396825402,8,post_hoc_secondary
e1_horizon,5,counts_neutral,exploration_required,non_greedy_choice,0.25,0.0,0.625,8,post_hoc_secondary
e1_horizon,5,counts_neutral,exploration_required,non_greedy_probability,0.23937499999999998,0.075,0.4584453124999999,8,post_hoc_secondary
e1_horizon,5,counts_neutral,exploration_required,value_of_exploration,0.027738165259516334,0.013703939909297025,0.0439994331065762,8,post_hoc_secondary
e1_horizon,5,counts_neutral,exploration_required,loss_at_least_001,0.625,0.25,0.875,8,post_hoc_secondary
e1_horizon,5,counts_neutral,greedy_can_be_optimal,optimal_agreement,0.8179347826086957,0.7391304347826086,0.8940217391304348,92,post_hoc_secondary
e1_horizon,5,counts_neutral,greedy_can_be_optimal,exact_loss,0.01889577079085587,0.010826227467266017,0.028116870953295816,92,post_hoc_secondary
e1_horizon,5,counts_neutral,greedy_can_be_optimal,exact_loss_per_remaining_pull,0.003779154158171174,0.0021330905789495097,0.005603312926440287,92,post_hoc_secondary
e1_horizon,5,counts_neutral,greedy_can_be_optimal,non_greedy_choice,0.08423913043478261,0.03260869565217391,0.14402173913043478,92,post_hoc_secondary
e1_horizon,5,counts_neutral,greedy_can_be_optimal,non_greedy_probability,0.08956521739130435,0.05162839673913043,0.1339415760869565,92,post_hoc_secondary
e1_horizon,5,counts_neutral,greedy_can_be_optimal,value_of_exploration,0.0,0.0,0.0,92,post_hoc_secondary
e1_horizon,5,counts_neutral,greedy_can_be_optimal,loss_at_least_001,0.18206521739130435,0.10597826086956522,0.26358695652173914,92,post_hoc_secondary
e1_horizon,5,counts_regret,exploration_required,optimal_agreement,0.125,0.0,0.3125,8,post_hoc_secondary
e1_horizon,5,counts_regret,exploration_required,exact_loss,0.027642501994210228,0.013416950113378706,0.043951601473923144,8,post_hoc_secondary
e1_horizon,5,counts_regret,exploration_required,exact_loss_per_remaining_pull,0.005528500398842046,0.002524857604438352,0.00879032029478463,8,post_hoc_secondary
e1_horizon,5,counts_regret,exploration_required,non_greedy_choice,0.125,0.0,0.3125,8,post_hoc_secondary
e1_horizon,5,counts_regret,exploration_required,non_greedy_probability,0.261875,0.145,0.42374999999999996,8,post_hoc_secondary
e1_horizon,5,counts_regret,exploration_required,value_of_exploration,0.027738165259516334,0.013703939909297025,0.04431547619047649,8,post_hoc_secondary
e1_horizon,5,counts_regret,exploration_required,loss_at_least_001,0.625,0.25,0.875,8,post_hoc_secondary
e1_horizon,5,counts_regret,greedy_can_be_optimal,optimal_agreement,0.8396739130434783,0.7690217391304348,0.904891304347826,92,post_hoc_secondary
e1_horizon,5,counts_regret,greedy_can_be_optimal,exact_loss,0.017375785971012823,0.009516712067338267,0.02611612344020188,92,post_hoc_secondary
e1_horizon,5,counts_regret,greedy_can_be_optimal,exact_loss_per_remaining_pull,0.003475157194202565,0.0019036259037381457,0.00523508950026554,92,post_hoc_secondary
e1_horizon,5,counts_regret,greedy_can_be_optimal,non_greedy_choice,0.08967391304347826,0.03804347826086957,0.14945652173913043,92,post_hoc_secondary
e1_horizon,5,counts_regret,greedy_can_be_optimal,non_greedy_probability,0.1394021739130435,0.10138519021739129,0.18206589673913037,92,post_hoc_secondary
e1_horizon,5,counts_regret,greedy_can_be_optimal,value_of_exploration,0.0,0.0,0.0,92,post_hoc_secondary
e1_horizon,5,counts_regret,greedy_can_be_optimal,loss_at_least_001,0.16032608695652173,0.09510869565217392,0.23369565217391305,92,post_hoc_secondary
e1_horizon,10,counts_explore,exploration_required,optimal_agreement,0.3125,0.0625,0.625,8,post_hoc_secondary
e1_horizon,10,counts_explore,exploration_required,exact_loss,0.04216385436352976,0.02033035725449983,0.062020717377860635,8,post_hoc_secondary
e1_horizon,10,counts_explore,exploration_required,exact_loss_per_remaining_pull,0.004216385436352976,0.002033035725449983,0.00612540604393722,8,post_hoc_secondary
e1_horizon,10,counts_explore,exploration_required,non_greedy_choice,0.3125,0.0625,0.625,8,post_hoc_secondary
e1_horizon,10,counts_explore,exploration_required,non_greedy_probability,0.318125,0.18875,0.4600078124999999,8,post_hoc_secondary
e1_horizon,10,counts_explore,exploration_required,value_of_exploration,0.04642346482999726,0.028918666206442612,0.06286245307605043,8,post_hoc_secondary
e1_horizon,10,counts_explore,exploration_required,loss_at_least_001,0.6875,0.375,1.0,8,post_hoc_secondary
e1_horizon,10,counts_explore,greedy_can_be_optimal,optimal_agreement,0.8913043478260869,0.8342391304347826,0.9429347826086957,92,post_hoc_secondary
e1_horizon,10,counts_explore,greedy_can_be_optimal,exact_loss,0.011403414254553386,0.0060676741421613846,0.017337041270083085,92,post_hoc_secondary
e1_horizon,10,counts_explore,greedy_can_be_optimal,exact_loss_per_remaining_pull,0.0011403414254553385,0.0006046299842843548,0.0017275056357949118,92,post_hoc_secondary
e1_horizon,10,counts_explore,greedy_can_be_optimal,non_greedy_choice,0.035326086956521736,0.010869565217391304,0.06793478260869565,92,post_hoc_secondary
e1_horizon,10,counts_explore,greedy_can_be_optimal,non_greedy_probability,0.1148369565217391,0.08809782608695653,0.14445720108695653,92,post_hoc_secondary
e1_horizon,10,counts_explore,greedy_can_be_optimal,value_of_exploration,0.0,0.0,0.0,92,post_hoc_secondary
e1_horizon,10,counts_explore,greedy_can_be_optimal,loss_at_least_001,0.10869565217391304,0.059782608695652176,0.16576086956521738,92,post_hoc_secondary
e1_horizon,10,counts_neutral,exploration_required,optimal_agreement,0.03125,0.0,0.09375,8,post_hoc_secondary
e1_horizon,10,counts_neutral,exploration_required,exact_loss,0.0460920626012736,0.0284695574517711,0.06286245307605043,8,post_hoc_secondary
e1_horizon,10,counts_neutral,exploration_required,exact_loss_per_remaining_pull,0.00460920626012736,0.0028271145740757964,0.00624323878545536,8,post_hoc_secondary
e1_horizon,10,counts_neutral,exploration_required,non_greedy_choice,0.03125,0.0,0.09375,8,post_hoc_secondary
e1_horizon,10,counts_neutral,exploration_required,non_greedy_probability,0.1771875,0.0756171875,0.29374999999999996,8,post_hoc_secondary
e1_horizon,10,counts_neutral,exploration_required,value_of_exploration,0.04642346482999726,0.02903369891644525,0.06381323074354928,8,post_hoc_secondary
e1_horizon,10,counts_neutral,exploration_required,loss_at_least_001,0.96875,0.90625,1.0,8,post_hoc_secondary
e1_horizon,10,counts_neutral,greedy_can_be_optimal,optimal_agreement,0.8342391304347826,0.7554347826086957,0.904891304347826,92,post_hoc_secondary
e1_horizon,10,counts_neutral,greedy_can_be_optimal,exact_loss,0.01849235838382202,0.010401297256579725,0.027499739985644922,92,post_hoc_secondary
e1_horizon,10,counts_neutral,greedy_can_be_optimal,exact_loss_per_remaining_pull,0.0018492358383822023,0.001037456437298378,0.002761063328752242,92,post_hoc_secondary
e1_horizon,10,counts_neutral,greedy_can_be_optimal,non_greedy_choice,0.07065217391304347,0.024456521739130436,0.125,92,post_hoc_secondary
e1_horizon,10,counts_neutral,greedy_can_be_optimal,non_greedy_probability,0.08497282608695651,0.05135733695652175,0.1240767663043478,92,post_hoc_secondary
e1_horizon,10,counts_neutral,greedy_can_be_optimal,value_of_exploration,0.0,0.0,0.0,92,post_hoc_secondary
e1_horizon,10,counts_neutral,greedy_can_be_optimal,loss_at_least_001,0.16576086956521738,0.09510869565217392,0.24456521739130435,92,post_hoc_secondary
e1_horizon,10,counts_regret,exploration_required,optimal_agreement,0.125,0.0,0.3125,8,post_hoc_secondary
e1_horizon,10,counts_regret,exploration_required,exact_loss,0.045097855915102625,0.026571791303934333,0.06286245307605043,8,post_hoc_secondary
e1_horizon,10,counts_regret,exploration_required,exact_loss_per_remaining_pull,0.0045097855915102614,0.002638248108665597,0.006210098562582994,8,post_hoc_secondary
e1_horizon,10,counts_regret,exploration_required,non_greedy_choice,0.125,0.0,0.3125,8,post_hoc_secondary
e1_horizon,10,counts_regret,exploration_required,non_greedy_probability,0.2325,0.14030468750000002,0.3409375,8,post_hoc_secondary
e1_horizon,10,counts_regret,exploration_required,value_of_exploration,0.04642346482999726,0.02903369891644525,0.06276379008327726,8,post_hoc_secondary
e1_horizon,10,counts_regret,exploration_required,loss_at_least_001,0.875,0.6875,1.0,8,post_hoc_secondary
e1_horizon,10,counts_regret,greedy_can_be_optimal,optimal_agreement,0.8396739130434783,0.7743885869565219,0.9021739130434783,92,post_hoc_secondary
e1_horizon,10,counts_regret,greedy_can_be_optimal,exact_loss,0.019293642230320592,0.011447715246317049,0.02803037653828044,92,post_hoc_secondary
e1_horizon,10,counts_regret,greedy_can_be_optimal,exact_loss_per_remaining_pull,0.0019293642230320592,0.0011386484316282793,0.002790892295173295,92,post_hoc_secondary
e1_horizon,10,counts_regret,greedy_can_be_optimal,non_greedy_choice,0.08967391304347826,0.043478260869565216,0.14402173913043478,92,post_hoc_secondary
e1_horizon,10,counts_regret,greedy_can_be_optimal,non_greedy_probability,0.14320652173913045,0.10747214673913043,0.18279891304347826,92,post_hoc_secondary
e1_horizon,10,counts_regret,greedy_can_be_optimal,value_of_exploration,0.0,0.0,0.0,92,post_hoc_secondary
e1_horizon,10,counts_regret,greedy_can_be_optimal,loss_at_least_001,0.16032608695652173,0.09782608695652174,0.23097826086956522,92,post_hoc_secondary
e2_assistance,1,bayes_explore,terminal,optimal_agreement,1.0,1.0,1.0,100,post_hoc_secondary
e2_assistance,1,bayes_explore,terminal,exact_loss,0.0,0.0,0.0,100,post_hoc_secondary
e2_assistance,1,bayes_explore,terminal,exact_loss_per_remaining_pull,0.0,0.0,0.0,100,post_hoc_secondary
e2_assistance,1,bayes_explore,terminal,non_greedy_choice,0.0,0.0,0.0,100,post_hoc_secondary
e2_assistance,1,bayes_explore,terminal,non_greedy_probability,0.008925,0.0035000000000000005,0.015950000000000002,100,post_hoc_secondary
e2_assistance,1,bayes_explore,terminal,value_of_exploration,0.0,0.0,0.0,100,post_hoc_secondary
e2_assistance,1,bayes_explore,terminal,loss_at_least_001,0.0,0.0,0.0,100,post_hoc_secondary
e2_assistance,1,counts_explore,terminal,optimal_agreement,0.915,0.8674375000000001,0.9575,100,post_hoc_secondary
e2_assistance,1,counts_explore,terminal,exact_loss,0.0070806277056277055,0.00288961038961039,0.012324337121212116,100,post_hoc_secondary
e2_assistance,1,counts_explore,terminal,exact_loss_per_remaining_pull,0.0070806277056277055,0.002786661255411256,0.01227272727272727,100,post_hoc_secondary
e2_assistance,1,counts_explore,terminal,non_greedy_choice,0.085,0.0425,0.135,100,post_hoc_secondary
e2_assistance,1,counts_explore,terminal,non_greedy_probability,0.09455000000000002,0.060200000000000004,0.131275,100,post_hoc_secondary
e2_assistance,1,counts_explore,terminal,value_of_exploration,0.0,0.0,0.0,100,post_hoc_secondary
e2_assistance,1,counts_explore,terminal,loss_at_least_001,0.085,0.0425,0.135,100,post_hoc_secondary
e2_assistance,1,dp_values_explore,terminal,optimal_agreement,1.0,1.0,1.0,100,post_hoc_secondary
e2_assistance,1,dp_values_explore,terminal,exact_loss,0.0,0.0,0.0,100,post_hoc_secondary
e2_assistance,1,dp_values_explore,terminal,exact_loss_per_remaining_pull,0.0,0.0,0.0,100,post_hoc_secondary
e2_assistance,1,dp_values_explore,terminal,non_greedy_choice,0.0,0.0,0.0,100,post_hoc_secondary
e2_assistance,1,dp_values_explore,terminal,non_greedy_probability,0.00037500000000000006,0.0001,0.0007250000000000001,100,post_hoc_secondary
e2_assistance,1,dp_values_explore,terminal,value_of_exploration,0.0,0.0,0.0,100,post_hoc_secondary
e2_assistance,1,dp_values_explore,terminal,loss_at_least_001,0.0,0.0,0.0,100,post_hoc_secondary
e2_assistance,1,means_explore,terminal,optimal_agreement,1.0,1.0,1.0,100,post_hoc_secondary
e2_assistance,1,means_explore,terminal,exact_loss,0.0,0.0,0.0,100,post_hoc_secondary
e2_assistance,1,means_explore,terminal,exact_loss_per_remaining_pull,0.0,0.0,0.0,100,post_hoc_secondary
e2_assistance,1,means_explore,terminal,non_greedy_choice,0.0,0.0,0.0,100,post_hoc_secondary
e2_assistance,1,means_explore,terminal,non_greedy_probability,0.0017499999999999998,0.00065,0.003175,100,post_hoc_secondary
e2_assistance,1,means_explore,terminal,value_of_exploration,0.0,0.0,0.0,100,post_hoc_secondary
e2_assistance,1,means_explore,terminal,loss_at_least_001,0.0,0.0,0.0,100,post_hoc_secondary
e2_assistance,1,recommendation_explore,terminal,optimal_agreement,0.9875,0.97,1.0,100,post_hoc_secondary
e2_assistance,1,recommendation_explore,terminal,exact_loss,0.0005492424242424242,0.0,0.0012878787878787873,100,post_hoc_secondary
e2_assistance,1,recommendation_explore,terminal,exact_loss_per_remaining_pull,0.0005492424242424242,0.0,0.0012878787878787875,100,post_hoc_secondary
e2_assistance,1,recommendation_explore,terminal,non_greedy_choice,0.0125,0.0,0.03,100,post_hoc_secondary
e2_assistance,1,recommendation_explore,terminal,non_greedy_probability,0.019375000000000003,0.008375,0.03275,100,post_hoc_secondary
e2_assistance,1,recommendation_explore,terminal,value_of_exploration,0.0,0.0,0.0,100,post_hoc_secondary
e2_assistance,1,recommendation_explore,terminal,loss_at_least_001,0.0125,0.0,0.03,100,post_hoc_secondary
e2_assistance,2,bayes_explore,exploration_required,optimal_agreement,0.0,,,1,post_hoc_secondary
e2_assistance,2,bayes_explore,exploration_required,exact_loss,0.015151515151515138,,,1,post_hoc_secondary
e2_assistance,2,bayes_explore,exploration_required,exact_loss_per_remaining_pull,0.007575757575757569,,,1,post_hoc_secondary
e2_assistance,2,bayes_explore,exploration_required,non_greedy_choice,0.0,,,1,post_hoc_secondary
e2_assistance,2,bayes_explore,exploration_required,non_greedy_probability,0.175,,,1,post_hoc_secondary
e2_assistance,2,bayes_explore,exploration_required,value_of_exploration,0.015151515151515138,,,1,post_hoc_secondary
e2_assistance,2,bayes_explore,exploration_required,loss_at_least_001,1.0,,,1,post_hoc_secondary
e2_assistance,2,bayes_explore,greedy_can_be_optimal,optimal_agreement,0.9646464646464646,0.9343434343434344,0.98989898989899,99,post_hoc_secondary
e2_assistance,2,bayes_explore,greedy_can_be_optimal,exact_loss,0.0030407723589541773,0.0009512373148736803,0.0055817099567099515,99,post_hoc_secondary
e2_assistance,2,bayes_explore,greedy_can_be_optimal,exact_loss_per_remaining_pull,0.0015203861794770887,0.00045913682277318657,0.002804339494680402,99,post_hoc_secondary
e2_assistance,2,bayes_explore,greedy_can_be_optimal,non_greedy_choice,0.03282828282828283,0.010101010101010102,0.06313131313131314,99,post_hoc_secondary
e2_assistance,2,bayes_explore,greedy_can_be_optimal,non_greedy_probability,0.10441919191919194,0.08270202020202021,0.12851073232323232,99,post_hoc_secondary
e2_assistance,2,bayes_explore,greedy_can_be_optimal,value_of_exploration,0.0,0.0,0.0,99,post_hoc_secondary
e2_assistance,2,bayes_explore,greedy_can_be_optimal,loss_at_least_001,0.03535353535353535,0.010101010101010102,0.06313131313131314,99,post_hoc_secondary
e2_assistance,2,counts_explore,exploration_required,optimal_agreement,0.0,,,1,post_hoc_secondary
e2_assistance,2,counts_explore,exploration_required,exact_loss,0.015151515151515138,,,1,post_hoc_secondary
e2_assistance,2,counts_explore,exploration_required,exact_loss_per_remaining_pull,0.007575757575757569,,,1,post_hoc_secondary
e2_assistance,2,counts_explore,exploration_required,non_greedy_choice,0.0,,,1,post_hoc_secondary
e2_assistance,2,counts_explore,exploration_required,non_greedy_probability,0.16749999999999998,,,1,post_hoc_secondary
e2_assistance,2,counts_explore,exploration_required,value_of_exploration,0.015151515151515138,,,1,post_hoc_secondary
e2_assistance,2,counts_explore,exploration_required,loss_at_least_001,1.0,,,1,post_hoc_secondary
e2_assistance,2,counts_explore,greedy_can_be_optimal,optimal_agreement,0.8888888888888888,0.8333333333333334,0.9393939393939394,99,post_hoc_secondary
e2_assistance,2,counts_explore,greedy_can_be_optimal,exact_loss,0.009838982566255294,0.004659835114380571,0.015975879129288214,99,post_hoc_secondary
e2_assistance,2,counts_explore,greedy_can_be_optimal,exact_loss_per_remaining_pull,0.004919491283127647,0.002326450380427654,0.00798689158064158,99,post_hoc_secondary
e2_assistance,2,counts_explore,greedy_can_be_optimal,non_greedy_choice,0.08585858585858586,0.04040404040404041,0.13636363636363635,99,post_hoc_secondary
e2_assistance,2,counts_explore,greedy_can_be_optimal,non_greedy_probability,0.13901515151515154,0.10553030303030303,0.1749501262626263,99,post_hoc_secondary
e2_assistance,2,counts_explore,greedy_can_be_optimal,value_of_exploration,0.0,0.0,0.0,99,post_hoc_secondary
e2_assistance,2,counts_explore,greedy_can_be_optimal,loss_at_least_001,0.1111111111111111,0.06060606060606061,0.16666666666666666,99,post_hoc_secondary
e2_assistance,2,dp_values_explore,exploration_required,optimal_agreement,1.0,,,1,post_hoc_secondary
e2_assistance,2,dp_values_explore,exploration_required,exact_loss,0.0,,,1,post_hoc_secondary
e2_assistance,2,dp_values_explore,exploration_required,exact_loss_per_remaining_pull,0.0,,,1,post_hoc_secondary
e2_assistance,2,dp_values_explore,exploration_required,non_greedy_choice,1.0,,,1,post_hoc_secondary
e2_assistance,2,dp_values_explore,exploration_required,non_greedy_probability,0.9225,,,1,post_hoc_secondary
e2_assistance,2,dp_values_explore,exploration_required,value_of_exploration,0.015151515151515138,,,1,post_hoc_secondary
e2_assistance,2,dp_values_explore,exploration_required,loss_at_least_001,0.0,,,1,post_hoc_secondary
e2_assistance,2,dp_values_explore,greedy_can_be_optimal,optimal_agreement,1.0,1.0,1.0,99,post_hoc_secondary
e2_assistance,2,dp_values_explore,greedy_can_be_optimal,exact_loss,0.0,0.0,0.0,99,post_hoc_secondary
e2_assistance,2,dp_values_explore,greedy_can_be_optimal,exact_loss_per_remaining_pull,0.0,0.0,0.0,99,post_hoc_secondary
e2_assistance,2,dp_values_explore,greedy_can_be_optimal,non_greedy_choice,0.0,0.0,0.0,99,post_hoc_secondary
e2_assistance,2,dp_values_explore,greedy_can_be_optimal,non_greedy_probability,0.015378787878787875,0.012878787878787878,0.01815656565656566,99,post_hoc_secondary
e2_assistance,2,dp_values_explore,greedy_can_be_optimal,value_of_exploration,0.0,0.0,0.0,99,post_hoc_secondary
e2_assistance,2,dp_values_explore,greedy_can_be_optimal,loss_at_least_001,0.0,0.0,0.0,99,post_hoc_secondary
e2_assistance,2,means_explore,exploration_required,optimal_agreement,0.0,,,1,post_hoc_secondary
e2_assistance,2,means_explore,exploration_required,exact_loss,0.015151515151515138,,,1,post_hoc_secondary
e2_assistance,2,means_explore,exploration_required,exact_loss_per_remaining_pull,0.007575757575757569,,,1,post_hoc_secondary
e2_assistance,2,means_explore,exploration_required,non_greedy_choice,0.0,,,1,post_hoc_secondary
e2_assistance,2,means_explore,exploration_required,non_greedy_probability,0.215,,,1,post_hoc_secondary
e2_assistance,2,means_explore,exploration_required,value_of_exploration,0.015151515151515138,,,1,post_hoc_secondary
e2_assistance,2,means_explore,exploration_required,loss_at_least_001,1.0,,,1,post_hoc_secondary
e2_assistance,2,means_explore,greedy_can_be_optimal,optimal_agreement,0.9974747474747475,0.9924242424242424,1.0,99,post_hoc_secondary
e2_assistance,2,means_explore,greedy_can_be_optimal,exact_loss,0.00013774104683195624,0.0,0.00041322314049586873,99,post_hoc_secondary
e2_assistance,2,means_explore,greedy_can_be_optimal,exact_loss_per_remaining_pull,6.887052341597812e-05,0.0,0.00020661157024793437,99,post_hoc_secondary
e2_assistance,2,means_explore,greedy_can_be_optimal,non_greedy_choice,0.0025252525252525255,0.0,0.007575757575757576,99,post_hoc_secondary
e2_assistance,2,means_explore,greedy_can_be_optimal,non_greedy_probability,0.07691919191919191,0.0637114898989899,0.09191982323232321,99,post_hoc_secondary
e2_assistance,2,means_explore,greedy_can_be_optimal,value_of_exploration,0.0,0.0,0.0,99,post_hoc_secondary
e2_assistance,2,means_explore,greedy_can_be_optimal,loss_at_least_001,0.0025252525252525255,0.0,0.007575757575757576,99,post_hoc_secondary
e2_assistance,2,recommendation_explore,exploration_required,optimal_agreement,0.0,,,1,post_hoc_secondary
e2_assistance,2,recommendation_explore,exploration_required,exact_loss,0.015151515151515138,,,1,post_hoc_secondary
e2_assistance,2,recommendation_explore,exploration_required,exact_loss_per_remaining_pull,0.007575757575757569,,,1,post_hoc_secondary
e2_assistance,2,recommendation_explore,exploration_required,non_greedy_choice,0.0,,,1,post_hoc_secondary
e2_assistance,2,recommendation_explore,exploration_required,non_greedy_probability,0.235,,,1,post_hoc_secondary
e2_assistance,2,recommendation_explore,exploration_required,value_of_exploration,0.015151515151515138,,,1,post_hoc_secondary
e2_assistance,2,recommendation_explore,exploration_required,loss_at_least_001,1.0,,,1,post_hoc_secondary
e2_assistance,2,recommendation_explore,greedy_can_be_optimal,optimal_agreement,0.9747474747474747,0.952020202020202,0.9924242424242424,99,post_hoc_secondary
e2_assistance,2,recommendation_explore,greedy_can_be_optimal,exact_loss,0.001984211075120167,0.0003596571778389964,0.004147590624863354,99,post_hoc_secondary
e2_assistance,2,recommendation_explore,greedy_can_be_optimal,exact_loss_per_remaining_pull,0.0009921055375600835,0.00017659108568199525,0.0020672940275213002,99,post_hoc_secondary
e2_assistance,2,recommendation_explore,greedy_can_be_optimal,non_greedy_choice,0.020202020202020204,0.005050505050505051,0.04040404040404041,99,post_hoc_secondary
e2_assistance,2,recommendation_explore,greedy_can_be_optimal,non_greedy_probability,0.0577020202020202,0.03775189393939393,0.08047979797979797,99,post_hoc_secondary
e2_assistance,2,recommendation_explore,greedy_can_be_optimal,value_of_exploration,0.0,0.0,0.0,99,post_hoc_secondary
e2_assistance,2,recommendation_explore,greedy_can_be_optimal,loss_at_least_001,0.025252525252525252,0.007575757575757576,0.047979797979797977,99,post_hoc_secondary
e2_assistance,10,bayes_explore,exploration_required,optimal_agreement,0.0,0.0,0.0,6,post_hoc_secondary
e2_assistance,10,bayes_explore,exploration_required,exact_loss,0.03674488004757803,0.018637803020953154,0.057658887798874105,6,post_hoc_secondary
e2_assistance,10,bayes_explore,exploration_required,exact_loss_per_remaining_pull,0.003674488004757803,0.0018637803020953153,0.005796076117938368,6,post_hoc_secondary
e2_assistance,10,bayes_explore,exploration_required,non_greedy_choice,0.0,0.0,0.0,6,post_hoc_secondary
e2_assistance,10,bayes_explore,exploration_required,non_greedy_probability,0.2025,0.18083333333333332,0.22541666666666668,6,post_hoc_secondary
e2_assistance,10,bayes_explore,exploration_required,value_of_exploration,0.03674488004757803,0.018637803020953154,0.057658887798874105,6,post_hoc_secondary
e2_assistance,10,bayes_explore,exploration_required,loss_at_least_001,0.8333333333333334,0.5,1.0,6,post_hoc_secondary
e2_assistance,10,bayes_explore,greedy_can_be_optimal,optimal_agreement,0.9813829787234043,0.9574468085106383,1.0,94,post_hoc_secondary
e2_assistance,10,bayes_explore,greedy_can_be_optimal,exact_loss,0.0015496968983324214,0.0,0.003568317924238384,94,post_hoc_secondary
e2_assistance,10,bayes_explore,greedy_can_be_optimal,exact_loss_per_remaining_pull,0.00015496968983324212,0.0,0.00036175936807191433,94,post_hoc_secondary
e2_assistance,10,bayes_explore,greedy_can_be_optimal,non_greedy_choice,0.018617021276595744,0.0,0.0425531914893617,94,post_hoc_secondary
e2_assistance,10,bayes_explore,greedy_can_be_optimal,non_greedy_probability,0.09898936170212766,0.07784574468085106,0.12337898936170215,94,post_hoc_secondary
e2_assistance,10,bayes_explore,greedy_can_be_optimal,value_of_exploration,0.0,0.0,0.0,94,post_hoc_secondary
e2_assistance,10,bayes_explore,greedy_can_be_optimal,loss_at_least_001,0.018617021276595744,0.0,0.0425531914893617,94,post_hoc_secondary
e2_assistance,10,counts_explore,exploration_required,optimal_agreement,0.16666666666666666,0.0,0.3333333333333333,6,post_hoc_secondary
e2_assistance,10,counts_explore,exploration_required,exact_loss,0.0324558330164361,0.012204232474240259,0.05581623766381272,6,post_hoc_secondary
e2_assistance,10,counts_explore,exploration_required,exact_loss_per_remaining_pull,0.003245583301643609,0.001220423247424026,0.005515383045471248,6,post_hoc_secondary
e2_assistance,10,counts_explore,exploration_required,non_greedy_choice,0.16666666666666666,0.0,0.3333333333333333,6,post_hoc_secondary
e2_assistance,10,counts_explore,exploration_required,non_greedy_probability,0.27499999999999997,0.17666666666666667,0.38125000000000003,6,post_hoc_secondary
e2_assistance,10,counts_explore,exploration_required,value_of_exploration,0.03674488004757803,0.018637803020953154,0.057658887798874105,6,post_hoc_secondary
e2_assistance,10,counts_explore,exploration_required,loss_at_least_001,0.6666666666666666,0.3333333333333333,0.9166666666666666,6,post_hoc_secondary
e2_assistance,10,counts_explore,greedy_can_be_optimal,optimal_agreement,0.9228723404255319,0.875,0.9627659574468085,94,post_hoc_secondary
e2_assistance,10,counts_explore,greedy_can_be_optimal,exact_loss,0.006207846877767906,0.002896480064055314,0.010067139892109823,94,post_hoc_secondary
e2_assistance,10,counts_explore,greedy_can_be_optimal,exact_loss_per_remaining_pull,0.0006207846877767907,0.00029167696460444937,0.0009943827980992794,94,post_hoc_secondary
e2_assistance,10,counts_explore,greedy_can_be_optimal,non_greedy_choice,0.05319148936170213,0.015957446808510637,0.09574468085106383,94,post_hoc_secondary
e2_assistance,10,counts_explore,greedy_can_be_optimal,non_greedy_probability,0.1359840425531915,0.10731382978723404,0.167686835106383,94,post_hoc_secondary
e2_assistance,10,counts_explore,greedy_can_be_optimal,value_of_exploration,0.0,0.0,0.0,94,post_hoc_secondary
e2_assistance,10,counts_explore,greedy_can_be_optimal,loss_at_least_001,0.07712765957446809,0.034574468085106384,0.1276595744680851,94,post_hoc_secondary
e2_assistance,10,dp_values_explore,exploration_required,optimal_agreement,1.0,1.0,1.0,6,post_hoc_secondary
e2_assistance,10,dp_values_explore,exploration_required,exact_loss,0.0,0.0,0.0,6,post_hoc_secondary
e2_assistance,10,dp_values_explore,exploration_required,exact_loss_per_remaining_pull,0.0,0.0,0.0,6,post_hoc_secondary
e2_assistance,10,dp_values_explore,exploration_required,non_greedy_choice,1.0,1.0,1.0,6,post_hoc_secondary
e2_assistance,10,dp_values_explore,exploration_required,non_greedy_probability,0.9516666666666667,0.9425000000000002,0.9595833333333333,6,post_hoc_secondary
e2_assistance,10,dp_values_explore,exploration_required,value_of_exploration,0.03674488004757803,0.018637803020953154,0.05796076117938368,6,post_hoc_secondary
e2_assistance,10,dp_values_explore,exploration_required,loss_at_least_001,0.0,0.0,0.0,6,post_hoc_secondary
e2_assistance,10,dp_values_explore,greedy_can_be_optimal,optimal_agreement,1.0,1.0,1.0,94,post_hoc_secondary
e2_assistance,10,dp_values_explore,greedy_can_be_optimal,exact_loss,0.0,0.0,0.0,94,post_hoc_secondary
e2_assistance,10,dp_values_explore,greedy_can_be_optimal,exact_loss_per_remaining_pull,0.0,0.0,0.0,94,post_hoc_secondary
e2_assistance,10,dp_values_explore,greedy_can_be_optimal,non_greedy_choice,0.0,0.0,0.0,94,post_hoc_secondary
e2_assistance,10,dp_values_explore,greedy_can_be_optimal,non_greedy_probability,0.016436170212765954,0.013936170212765959,0.019042553191489363,94,post_hoc_secondary
e2_assistance,10,dp_values_explore,greedy_can_be_optimal,value_of_exploration,0.0,0.0,0.0,94,post_hoc_secondary
e2_assistance,10,dp_values_explore,greedy_can_be_optimal,loss_at_least_001,0.0,0.0,0.0,94,post_hoc_secondary
e2_assistance,10,means_explore,exploration_required,optimal_agreement,0.0,0.0,0.0,6,post_hoc_secondary
e2_assistance,10,means_explore,exploration_required,exact_loss,0.03674488004757803,0.018637803020953154,0.057658887798874105,6,post_hoc_secondary
e2_assistance,10,means_explore,exploration_required,exact_loss_per_remaining_pull,0.003674488004757803,0.0018637803020953153,0.005765888779887411,6,post_hoc_secondary
e2_assistance,10,means_explore,exploration_required,non_greedy_choice,0.0,0.0,0.0,6,post_hoc_secondary
e2_assistance,10,means_explore,exploration_required,non_greedy_probability,0.18458333333333332,0.1395833333333333,0.2391979166666662,6,post_hoc_secondary
e2_assistance,10,means_explore,exploration_required,value_of_exploration,0.03674488004757803,0.018637803020953154,0.057658887798874105,6,post_hoc_secondary
e2_assistance,10,means_explore,exploration_required,loss_at_least_001,0.8333333333333334,0.5,1.0,6,post_hoc_secondary
e2_assistance,10,means_explore,greedy_can_be_optimal,optimal_agreement,0.9946808510638298,0.9840425531914894,1.0,94,post_hoc_secondary
e2_assistance,10,means_explore,greedy_can_be_optimal,exact_loss,0.0003750485911363865,0.0,0.0011251457734091593,94,post_hoc_secondary
e2_assistance,10,means_explore,greedy_can_be_optimal,exact_loss_per_remaining_pull,3.750485911363865e-05,0.0,0.00011251457734091593,94,post_hoc_secondary
e2_assistance,10,means_explore,greedy_can_be_optimal,non_greedy_choice,0.005319148936170213,0.0,0.015957446808510637,94,post_hoc_secondary
e2_assistance,10,means_explore,greedy_can_be_optimal,non_greedy_probability,0.07103723404255319,0.058297872340425536,0.08558577127659574,94,post_hoc_secondary
e2_assistance,10,means_explore,greedy_can_be_optimal,value_of_exploration,0.0,0.0,0.0,94,post_hoc_secondary
e2_assistance,10,means_explore,greedy_can_be_optimal,loss_at_least_001,0.005319148936170213,0.0,0.015957446808510637,94,post_hoc_secondary
e2_assistance,10,recommendation_explore,exploration_required,optimal_agreement,0.0,0.0,0.0,6,post_hoc_secondary
e2_assistance,10,recommendation_explore,exploration_required,exact_loss,0.03674488004757803,0.018637803020953154,0.057658887798874105,6,post_hoc_secondary
e2_assistance,10,recommendation_explore,exploration_required,exact_loss_per_remaining_pull,0.003674488004757803,0.0018637803020953153,0.005765888779887409,6,post_hoc_secondary
e2_assistance,10,recommendation_explore,exploration_required,non_greedy_choice,0.0,0.0,0.0,6,post_hoc_secondary
e2_assistance,10,recommendation_explore,exploration_required,non_greedy_probability,0.14750000000000002,0.12083333333333333,0.17625,6,post_hoc_secondary
e2_assistance,10,recommendation_explore,exploration_required,value_of_exploration,0.03674488004757803,0.018637803020953154,0.057658887798874105,6,post_hoc_secondary
e2_assistance,10,recommendation_explore,exploration_required,loss_at_least_001,0.8333333333333334,0.5,1.0,6,post_hoc_secondary
e2_assistance,10,recommendation_explore,greedy_can_be_optimal,optimal_agreement,0.949468085106383,0.9175531914893617,0.976063829787234,94,post_hoc_secondary
e2_assistance,10,recommendation_explore,greedy_can_be_optimal,exact_loss,0.004819982666757248,0.0021579011225668454,0.007912980596794617,94,post_hoc_secondary
e2_assistance,10,recommendation_explore,greedy_can_be_optimal,exact_loss_per_remaining_pull,0.0004819982666757248,0.00021525410732449015,0.0007989912549820455,94,post_hoc_secondary
e2_assistance,10,recommendation_explore,greedy_can_be_optimal,non_greedy_choice,0.031914893617021274,0.010638297872340425,0.061170212765957445,94,post_hoc_secondary
e2_assistance,10,recommendation_explore,greedy_can_be_optimal,non_greedy_probability,0.06252659574468085,0.03877460106382979,0.08904255319148938,94,post_hoc_secondary
e2_assistance,10,recommendation_explore,greedy_can_be_optimal,value_of_exploration,0.0,0.0,0.0,94,post_hoc_secondary
e2_assistance,10,recommendation_explore,greedy_can_be_optimal,loss_at_least_001,0.05053191489361702,0.023936170212765957,0.08244680851063829,94,post_hoc_secondary
